margin_pct,stock_ratio,customer_loyalty,discount_requested_pct,hour_of_day,is_peak_hour,ai_decision
0.3982802218501835,0.2181491845610315,0.028451245430718086,0.01098151811727761,1,0,hold_price
0.24749529788842356,0.6629277005606187,0.31848557902147234,0.4696718762261272,7,0,counter_offer
0.4363690639601221,0.7668615203028132,0.6017829974514045,0.4304649395180367,6,0,discount
0.36381561307671373,0.1666361430284744,0.29295808162729675,0.157263991006116,15,0,hold_price
0.09237980654944229,0.04385828341791598,0.2694006914037191,0.15937198446199516,11,0,hold_price
0.48903005823654017,0.43958737530133873,0.2816371247773464,0.16289281770345768,3,0,discount
0.3925128658956588,0.7740240859924371,0.057713149461181834,0.4022518678525534,15,0,hold_price
0.4037289373746292,0.6507798355741427,0.4076149743209687,0.17650637034798033,23,0,discount
0.10765113470399565,0.7018817204145913,0.21788766746474372,0.18621765301918816,20,1,hold_price
0.2526736720530052,0.4028393399933684,0.05476574733851564,0.22597139633459942,23,0,hold_price
0.2168591109046616,0.23494554525306988,0.13025632589507186,0.5881207957636055,11,0,counter_offer
0.4670442449818708,0.5317788432846094,0.24284187986141992,0.2760590441648253,8,0,discount
0.33973930403629904,0.2043656937491969,0.378525598350105,0.22642521319299433,1,0,hold_price
0.4202427259718735,0.7262286969850658,0.08928658229878327,0.2820137865866382,16,0,hold_price
0.249536389472299,0.19696645595947704,0.28029172542921255,0.4315221029081076,10,0,hold_price
0.1522574248031496,0.29126326671434144,0.4139331632024584,0.530214441179714,15,0,counter_offer
0.29956315415712564,0.5065447783230054,0.10024829965002509,0.5944810897490332,7,0,counter_offer
0.0787177652468789,0.48670993414349495,0.37610305070592087,0.2916385372020686,4,0,counter_offer
0.4224340273966619,0.6008493764070294,0.2757686591750084,0.2760858203860351,16,0,discount
0.33424897960492916,0.43744460049991696,0.23665845333827434,0.19818695015601354,9,0,bonus
0.3911394830384182,0.9194733085100913,0.1773082490307237,0.46745556877686867,12,0,hold_price
0.20953668565844075,0.8399340941971882,0.1802333239557305,0.393351700798966,23,0,counter_offer
0.4868141109777065,0.8791134512366384,0.5413229128319961,0.21801870814367852,6,0,bonus
0.45190450459498893,0.6295165714034375,0.3297648510465622,0.31112500895778084,3,0,discount
0.40027257368319286,0.6350079158608064,0.6086222447154348,0.1234924639710984,17,0,bonus
0.1375874185333854,0.6091986837159487,0.3495955686110265,0.4163961891785863,13,0,counter_offer
0.26002445167716537,0.4348841544214562,0.14883937426044813,0.1512741282681163,9,0,hold_price
0.06971169460425296,0.3221060010672626,0.46264143080604053,0.20972764141353575,14,0,counter_offer
0.11943027143039653,0.5920028874488703,0.40649738514999184,0.04087114841503723,22,0,bonus
0.3573720289591046,0.02553183713845031,0.570610015435897,0.13192226276992894,4,0,discount
0.38514297015851773,0.007456431423803034,0.29872796727188006,0.11692953049492928,18,1,bonus
0.4853793795953945,0.8516418262967486,0.5544867135367606,0.4411840101047361,12,0,bonus
0.19662141116216836,0.046424044777622187,0.16770018648058552,0.4166806730638886,19,1,counter_offer
0.21670686771569103,0.5247951503334181,0.13835708814309497,0.32288628531295177,22,0,hold_price
0.26130011507411355,0.6149877629496451,0.3914012299335162,0.23223390688185697,3,0,discount
0.13526211158792856,0.1981712296224356,0.18869889521158234,0.5336478717525491,2,0,counter_offer
0.10846467740096224,0.8957308382651483,0.5417061427023525,0.5304500086338892,0,0,counter_offer
0.26406721680167017,0.190095771748375,0.09838268194740662,0.36170110391939,4,0,hold_price
0.15210920707289785,0.8845149873666747,0.09603869592885188,0.39476882701406996,8,0,counter_offer
0.35141629760712967,0.7629902693330352,0.21119496354774225,0.4778704234141561,6,0,hold_price
0.24671836349254883,0.24074295352419395,0.0813286244199127,0.4336649751727425,19,1,hold_price
0.4247051882260268,0.15074416627609355,0.30331136285386184,0.13494088931254847,18,1,hold_price
0.3651192959010121,0.3162327101862351,0.1915102301431076,0.3020164210176944,8,0,hold_price
0.1905649886219185,0.3979505662702747,0.08216483453979838,0.09113154222103444,13,0,hold_price
0.42451691062784047,0.24578467649892344,0.019319663460921593,0.4856285120942988,7,0,hold_price
0.4121439608735608,0.9988915487544232,0.18124280108086188,0.39214611830945645,12,0,counter_offer
0.22436527056357852,0.22965233623958103,0.0061471149847966335,0.5874547304863501,6,0,counter_offer
0.17974764676860988,0.830634826982857,0.1531788943787405,0.08190581186187719,19,1,hold_price
0.35712297678873894,0.15911774709047277,0.3726029833805014,0.30608861080404254,5,0,hold_price
0.11288861762418942,0.9802446252759475,0.38032886113859676,0.4344062029568254,23,0,counter_offer
0.13995869111379874,0.22552345828308484,0.47355978313234387,0.5204053995215109,22,0,counter_offer
0.053313021387952485,0.42168855478359224,0.25236972836121613,0.5120386387432777,4,0,counter_offer
0.40411596987596227,0.5585640667679065,0.40487032845202103,0.12119967625673217,13,0,bonus
0.34918288546641446,0.12028571515609332,0.09060101674729135,0.5893925631959211,19,1,hold_price
0.3673244203818508,0.8168200674791013,0.31274322376476804,0.5888056725851997,20,1,hold_price
0.4013280639598856,0.27468553268082985,0.38650596876105614,0.5814351886989441,8,0,hold_price
0.25651209899225297,0.5492699016016638,0.1779734521562002,0.36816768581735887,13,0,hold_price
0.3059335381788022,0.5496338106932469,0.4145335114062146,0.49916115508430314,3,0,hold_price
0.11290864915744586,0.602640652325785,0.2371026404762218,0.045620164620482684,6,0,discount
0.10153853309118804,0.05548598652431469,0.2573231455158791,0.15327625002486836,6,0,hold_price
0.3507813328057122,0.16861876183156788,0.042055205901087474,0.05519754028013452,6,0,hold_price
0.26199329276440964,0.1611922429233642,0.41778048726295175,0.3033364302253817,9,0,hold_price
0.304356247916535,0.30205125941585187,0.4277304507494912,0.5788380957066944,16,0,bonus
0.39424948583721153,0.14491415685833986,0.22775990873297702,0.3895024501393231,21,1,hold_price
0.3356232440002659,0.9219213207742897,0.48676119964112613,0.27675127021375984,13,0,bonus
0.29911073029609814,0.5129544505113007,0.14363216278601237,0.47570144155962135,11,0,hold_price
0.3016432223354361,0.6235751477026844,0.43469129494917974,0.3302017221195153,16,0,hold_price
0.1867775441281755,0.35748817539812083,0.18390132667180187,0.27458860017023723,14,0,hold_price
0.06386802555557274,0.27624614103391154,0.3980153826571246,0.3775969086110171,10,0,counter_offer
0.24652282515456309,0.503177170232213,0.14542501572876074,0.30708041211942066,0,0,hold_price
0.14656310276878814,0.2943229748348336,0.16350642179325892,0.3849271274357808,13,0,counter_offer
0.23383788967608626,0.34364592572976427,0.07225298286145271,0.48158221245269495,1,0,counter_offer
0.43403138297067473,0.45275087427085714,0.2053686733230948,0.27745110692736785,14,0,hold_price
0.15527276863940334,0.5057336871843555,0.6170530400468528,0.24901274922597894,22,0,hold_price
0.07623623376007971,0.9843140117818387,0.06561144601868756,0.3351993223568013,19,1,counter_offer
0.17662275140989847,0.2233225881619405,0.05499954257322733,0.5428521804665157,20,1,counter_offer
0.18211719099500762,0.48797616488264717,0.5047621553744802,0.253789370255346,11,0,hold_price
0.3478624316271028,0.14951173948933894,0.47646846786440533,0.5086498319926114,11,0,hold_price
0.30066446855357526,0.3499992327079726,0.2201637266379774,0.3702977223488679,12,0,hold_price
0.4027541940978861,0.7173107187064043,0.0566772844330703,0.007438287955532318,4,0,discount
0.3489410931473244,0.17446214376057456,0.14356755395456497,0.28572154292845914,23,0,hold_price
0.23287408764803175,0.5813513075500432,0.18491096663052628,0.1263212567733292,0,0,discount
0.4163091730997156,0.4167010235680072,0.259896306803786,0.09021981604532622,23,0,discount
0.12513781395846676,0.05157954440447299,0.2634275447984425,0.14066273179319375,23,0,hold_price
0.060220432910237216,0.9330752414784446,0.08630230258264214,0.42745160829170387,22,0,counter_offer
0.09052153734903878,0.41360314029288636,0.4878277524210892,0.3764296349396102,0,0,counter_offer
0.37506170776840264,0.7839265357511662,0.21424308560761082,0.3221118769992308,22,0,discount
0.2578447536131243,0.4163134887318003,0.16515927705077993,0.29716112425196844,5,0,hold_price
0.1225723005651208,0.9373603215787846,0.15745982302907727,0.23350680349614264,6,0,counter_offer
0.2754701487965136,0.29047033442889747,0.06880460292885923,0.5319407372285802,16,0,counter_offer
0.1185404462209258,0.41223064968769685,0.4809146074721932,0.5594725428397778,9,0,counter_offer
0.3633441687849812,0.7588642402592863,0.09312484634500737,0.45866267852269815,22,0,hold_price
0.25077032400831384,0.3436673152808569,0.23266031744132423,0.17293472789909556,11,0,hold_price
0.22145955174341714,0.36435707133517936,0.44180135189554126,0.548318449459044,2,0,counter_offer
0.18568044011654444,0.9948231734142234,0.0724884301638281,0.4914812260724152,5,0,counter_offer
0.3336271669034998,0.555614525690352,0.24264774499547462,0.07441586564652948,18,1,hold_price
0.21281567474902569,0.6893804536701481,0.2826193879955043,0.20500653046328293,13,0,hold_price
0.08944246369224546,0.6434622341536098,0.23042975297830337,0.19656356179745704,7,0,counter_offer
0.1031026559542319,0.8279241471565723,0.33050007979119655,0.4380280687021367,5,0,counter_offer
0.4828539490472815,0.861825099441743,0.14346876045121187,0.31433913635397837,16,0,discount
0.4588613108184232,0.5632561324703096,0.2174412142052002,0.16013075060844995,6,0,discount
0.3648682102148373,0.29455607496639935,0.3728935971829428,0.13847677015304857,2,0,discount
0.1696414826567838,0.022800247574969457,0.3419979291106977,0.27450302586026987,13,0,hold_price
0.48612936980647575,0.6144032510643201,0.22098525259620483,0.39957421785676855,20,1,hold_price
0.40043790678460756,0.8254688332656196,0.3060952276417358,0.3052355604646288,7,0,discount
0.37260058512154803,0.4505398055116595,0.11104381058621157,0.15662010559160192,16,0,hold_price
0.2522126759647049,0.1647061404908643,0.28193526032296334,0.3719910425798252,10,0,hold_price
0.17250870283032155,0.2880820729356409,0.2539654690785062,0.5993473846297215,22,0,counter_offer
0.09337593296907468,0.5099889295118646,0.7464343290038182,0.10600125075300655,14,0,hold_price
0.45617107844472876,0.8366812189776666,0.08295266619593507,0.3170397454106057,12,0,discount
0.255099330425125,0.17175314606842063,0.42879147196775785,0.225393677982907,5,0,hold_price
0.14106351415785365,0.6121498757095142,0.37063427482922845,0.13104952949719498,21,1,bonus
0.18768048086779365,0.7533686139505454,0.04596287704383176,0.5252953374850576,1,0,counter_offer
0.3106488060238532,0.9360475203348232,0.26889056533399747,0.5746623015002227,12,0,counter_offer
0.12954775232265428,0.11670369167885941,0.4845218111084939,0.21011746952671098,6,0,hold_price
0.435476427841569,0.9263916341645574,0.2954428851360121,0.20837434877813768,12,0,discount
0.39133378842584454,0.6014675351744795,0.5175483064909648,0.055057251093693145,23,0,bonus
0.37375833017792154,0.766701587432286,0.36736920316058347,0.3706519294931769,2,0,discount
0.24444186789879668,0.05377470956855546,0.23744373191417031,0.01592721414057856,1,0,discount
0.33228897831609944,0.5061481556405951,0.02215924619249389,0.297726251179994,19,1,hold_price
0.312844086010731,0.6226296740807937,0.40618112488121716,0.09168871960767726,16,0,bonus
0.342430970699669,0.3068338398728402,0.3761966184741876,0.4033909707917528,9,0,hold_price
0.0879999445129501,0.43165020810125265,0.6428624632557397,0.5573460564780345,5,0,counter_offer
0.23711333097677434,0.554298135279598,0.5318111675018805,0.05326961305379565,14,0,bonus
0.06872637823785162,0.5525479397729799,0.19101685688199424,0.4666442884857853,6,0,counter_offer
0.2722958686600335,0.041861525406838074,0.40897891376956,0.4983408616649289,15,0,counter_offer
0.1984375455497534,0.4394817665788924,0.30211218450933436,0.10572378431343936,9,0,discount
0.11503588498972112,0.21381815479223087,0.17478909515465466,0.5535853809792253,18,1,counter_offer
0.09653133547514825,0.9166950780853498,0.2647868659739844,0.3725507036332995,15,0,counter_offer
0.3144400574799704,0.9765799901233341,0.33068380151099297,0.32096216490174573,13,0,hold_price
0.12676683584159876,0.2996468963520691,0.1782024913279482,0.402847502869432,2,0,counter_offer
0.46630405326955876,0.17518539725105875,0.39589990914837914,0.17286548082095082,14,0,discount
0.3114775128651777,0.21950415094834308,0.2800405738981606,0.015246520038732036,16,0,discount
0.2060914120406767,0.47775225535295374,0.5369820431747213,0.2652307341852513,12,0,hold_price
0.31591197116663755,0.8745055991131784,0.25626588636258835,0.44600784222301115,14,0,hold_price
0.060261741963363875,0.5000362149376396,0.08994199982567165,0.5511902355733876,14,0,discount
0.4813516459586504,0.05539206171529765,0.3247057306063392,0.258062290378822,5,0,hold_price
0.2670365466243051,0.03988560271314401,0.38125958288623574,0.1581886149610467,10,0,hold_price
0.4022308522626288,0.22739094562284856,0.1947739022655988,0.07877730166795924,3,0,discount
0.08722849996509735,0.8427712776094288,0.30163340676801637,0.5612966008641268,18,1,counter_offer
0.26899624887717216,0.621480557535144,0.11484735285645413,0.13856704552717206,3,0,discount
0.2708181474595344,0.5629578537862915,0.21444807144378178,0.5466427394118071,19,1,counter_offer
0.4720219047387423,0.3189695925826421,0.168423560605683,0.11025372213699354,15,0,discount
0.30727762356923394,0.9294254050461873,0.2506412100945356,0.01087964349902959,12,0,discount
0.2630702304756292,0.33117824496213244,0.3354570019142997,0.13453219525489762,12,0,discount
0.17013904839135213,0.8349444126529467,0.6202782539966126,0.29567372212817894,3,0,hold_price
0.1992060488041485,0.8959035179758841,0.07696337817201293,0.2092229970358548,15,0,hold_price
0.28430258111219203,0.4833350132161367,0.6712258585479887,0.5446324419506228,8,0,counter_offer
0.24751015713727104,0.8942892694807426,0.24019558182919976,0.3270507220368969,18,1,counter_offer
0.059725435946148694,0.2768032873910471,0.16038921353914526,0.07066169161200016,20,1,hold_price
0.421831365887461,0.6584334261832758,0.49455551238480117,0.37519919197544277,22,0,discount
0.453272347327895,0.08796374852438626,0.5470968709034669,0.23336811078572298,22,0,discount
0.11311209004937485,0.4739342140923939,0.6069991310602684,0.40736480724147,18,1,counter_offer
0.2993162645925722,0.2173318021583479,0.6017031392303575,0.4717060179390961,6,0,hold_price
0.0988590835109496,0.06276327793060288,0.059735156701973574,0.5913308669799763,6,0,counter_offer
0.35250804186791523,0.0037255080776207317,0.34456863892866757,0.34598763526834225,22,0,hold_price
0.17655520272755376,0.32475211644080837,0.3003692686507166,0.22005040222106592,23,0,hold_price
0.3467401856113558,0.5895305945367628,0.4639829055763285,0.2601602108861805,6,0,discount
0.3771475764290972,0.45523034765115733,0.258851917562462,0.24157304637971044,15,0,hold_price
0.39589137136294567,0.3017692985194961,0.35480019036360644,0.2703223992349608,22,0,hold_price
0.09848342568015345,0.9912000307762511,0.1423184280751722,0.018035201156985314,20,1,discount
0.46220533031192357,0.9395250399796778,0.44769509941036356,0.1483969432331075,22,0,bonus
0.15359629590269636,0.12565330683749687,0.016786106596429227,0.5926564826807009,8,0,counter_offer
0.0668356502792809,0.41510742666849476,0.18592036131037207,0.5568087162762021,12,0,counter_offer
0.29968361122616755,0.6488469339936108,0.12291450063662095,0.028973380452337126,14,0,discount
0.21691502773809745,0.7334907975299367,0.32044528366238634,0.587748526600554,22,0,counter_offer
0.4234053844095859,0.3663721549094904,0.07333794075794424,0.4751724975817842,23,0,hold_price
0.4137131624289358,0.7462818127353477,0.10362151958316414,0.0016482756825365373,13,0,discount
0.19271250177022192,0.12415001291067829,0.1653422230947371,0.5480781331283112,20,1,counter_offer
0.4788047277813852,0.3318126252577047,0.37483181564790696,0.5762215387883053,9,0,hold_price
0.1809130271630534,0.716433175755905,0.3288151285127298,0.3772548108407143,14,0,counter_offer
0.28177570815427155,0.6256827902603751,0.3032451270493472,0.4729974010666344,19,1,hold_price
0.16518429075542124,0.8372102148616549,0.24227424775327475,0.1995189932438772,21,1,hold_price
0.4712196065220335,0.04685702266715508,0.551328520267954,0.343392756929349,2,0,hold_price
0.12407351791190817,0.17439171782304852,0.22433385806751543,0.4389299694828706,1,0,counter_offer
0.07020977872654804,0.04849458227196646,0.4938279356295961,0.33675653563958446,5,0,counter_offer
0.24579367700136706,0.19211422424921132,0.1670737335215334,0.1827630441753713,2,0,hold_price
0.49656900382512664,0.004282810632935008,0.34606258841472415,0.389520162782735,5,0,hold_price
0.4512547698147113,0.5042103016788663,0.17892767357133774,0.5030513553527988,22,0,hold_price
0.38687360875562715,0.5283143955682554,0.46799288204758155,0.5016049289115773,14,0,hold_price
0.4508566208953362,0.6578917814059948,0.3889694491956179,0.07930258015819636,2,0,bonus
0.4520509878640384,0.38491244720104345,0.5130378507092311,0.26725247770910193,17,0,discount
0.2834862621739021,0.003207690685184006,0.13399027738070624,0.02324353381086124,22,0,hold_price
0.19216807332385688,0.6738911544076371,0.19383306536741138,0.379659986662137,20,1,counter_offer
0.3974055944499446,0.05429108774791258,0.1533859792146235,0.14529732890477445,20,1,hold_price
0.3477475684254925,0.8661704308177439,0.06782994586031205,0.5582129028247091,21,1,hold_price
0.21814597799316954,0.022653987707937362,0.10052726959603948,0.3709535656466457,18,1,hold_price
0.09251000062768187,0.5304751232566325,0.27677929994354705,0.24037056884542451,21,1,counter_offer
0.3860553251070617,0.8949178823855207,0.177550270632701,0.4388779135660122,19,1,hold_price
0.1681072321652891,0.5724895757887801,0.27390245028562554,0.12443501709010218,16,0,discount
0.4715659177402006,0.60841674654393,0.19498851969201456,0.0548590835151594,4,0,discount
0.15843675875255814,0.6816108483374057,0.16512130461730953,0.05242891846471449,21,1,hold_price
0.10524106958516871,0.12240884773046701,0.31129639276669324,0.349683095908712,2,0,counter_offer
0.42400070245620775,0.6749271008105595,0.1619747902808307,0.533321127404493,6,0,hold_price
0.11897794248102232,0.8803548820128152,0.18356508518946496,0.13365486286914188,17,0,hold_price
0.1306707386709826,0.9742208328353165,0.08226044152653257,0.45602903145668255,17,0,counter_offer
0.31972225618437955,0.44305199935834705,0.15560527662446402,0.022574115410208328,21,1,hold_price
0.443552918376859,0.34450485167754685,0.35151253036250424,0.21200404391859434,1,0,discount
0.13839559957155795,0.753309615596317,0.42415887100891314,0.3922299057348417,18,1,discount
0.18964565280504264,0.5428742880953146,0.3615611233941836,0.49575033754721565,3,0,counter_offer
0.3998321772085299,0.2573046544550305,0.4681336482089332,0.5659150682573136,14,0,hold_price
0.4873218917274353,0.17215788496970297,0.04674567473338472,0.37954221897546,5,0,hold_price
0.2753335337910541,0.1702303005927437,0.19606155740083947,0.2776045395373193,13,0,hold_price
0.11475387614806286,0.45917703660615206,0.11408785215966886,0.036381835210762145,2,0,discount
0.0562713294686907,0.17012440561565012,0.16647025369979557,0.16538858810473048,0,0,counter_offer
0.15334521349948488,0.019718944011485773,0.03219918096921585,0.5538670834931306,23,0,counter_offer
0.10931999800393447,0.05208877496969,0.14921000746581295,0.34973792584812696,12,0,hold_price
0.35494640312578585,0.9298845439529657,0.2365283560273788,0.20560637299009885,11,0,discount
0.10482462708283902,0.07296134116013575,0.3064697586888108,0.14929012400298688,9,0,hold_price
0.27784846922928486,0.07318069058095955,0.3663338017661592,0.06819421661259363,21,1,discount
0.3624180960392989,0.45118844553353243,0.142348755708417,0.4509629871075356,18,1,hold_price
0.3115024741494061,0.24510028233503256,0.49471138575760737,0.24742568192298522,11,0,hold_price
0.13989904324702593,0.9626938521724977,0.5646763783460078,0.5619296192253656,2,0,counter_offer
0.4118560367820182,0.9109858394978042,0.6180923466457131,0.2726350267173931,16,0,bonus
0.37193320832711074,0.4047432486712671,0.561713096657547,0.4910259381578731,4,0,hold_price
0.3825428017619938,0.4487315194162592,0.25057208345785864,0.07814257394628636,7,0,discount
0.10897598820079096,0.3751136530755702,0.2274745156217534,0.09054457636602868,15,0,hold_price
0.10568921164265507,0.03786611664312822,0.09084710105505522,0.16392714884527695,22,0,hold_price
0.4674031479529284,0.29284683925470867,0.3959431413325833,0.11474079565916397,5,0,discount
0.2289101872212233,0.12267346961198411,0.27703786156257076,0.5860443523541283,0,0,hold_price
0.18542691130142291,0.10237033001512275,0.5865519937715634,0.4848850503936758,10,0,counter_offer
0.26986282040819,0.5608615729363878,0.1548793416078528,0.20904734603634917,16,0,hold_price
0.3482888957436121,0.09876485771356225,0.29610658989993666,0.31189389430325254,15,0,hold_price
0.48003046567113644,0.1029313237952636,0.22067136954518402,0.3199488700609368,22,0,hold_price
0.17890080209692477,0.48051371481934857,0.2437632657385834,0.36432543299801873,4,0,counter_offer
0.4661637931904122,0.44228236512263874,0.6158013004729439,0.06217004869972946,18,1,discount
0.06118677112381535,0.13763478513236937,0.1079447680326232,0.2093880990108429,18,1,counter_offer
0.2998391190470711,0.004449024808863,0.20290691602123334,0.05155787967802259,19,1,discount
0.3352888002564883,0.19297444176784384,0.24021064918229543,0.5514391312021653,21,1,bonus
0.09765383168783898,0.23589225418204074,0.3178322992604279,0.24207232416605584,7,0,counter_offer
0.11315281867876069,0.8002484436088676,0.13887516966516597,0.43621022654686264,7,0,counter_offer
0.2386014436923367,0.915438350527215,0.37624215785430576,0.5524958457025375,10,0,counter_offer
0.48480436046443176,0.40594439748796973,0.21630212316807823,0.18566239564524778,8,0,discount
0.31821914895546777,0.4050267265009778,0.453177570528692,0.052709517246406955,3,0,discount
0.46986044972009505,0.7124812837598667,0.08118646276283867,0.2017297469437848,7,0,discount
0.41196241202583683,0.626922015704689,0.024633057110851134,0.40259252538155416,9,0,hold_price
0.2603217206998812,0.18414018669340915,0.2092894973019233,0.2998784799015857,18,1,hold_price
0.40314355216348435,0.10768912229586136,0.3015273552792158,0.04497214069944828,0,0,discount
0.058026552789644484,0.4376118906550508,0.1000063911675057,0.04211774205351943,18,1,hold_price
0.09911479854458072,0.564828363162763,0.4201327610996455,0.4197369630947992,18,1,counter_offer
0.4232428766972314,0.13870760315880926,0.4218823808446337,0.44192720341440456,3,0,hold_price
0.4085676897463228,0.29327349340844455,0.11094272808997127,0.06570466856630337,22,0,hold_price
0.15468833388489517,0.3059429964305749,0.24333402027490203,0.47683073539988746,17,0,counter_offer
0.2888463157695741,0.261298201024164,0.1136891604749819,0.20733547242944653,16,0,hold_price
0.3227071193150049,0.46076126629179104,0.3607437439164363,0.04092548288243023,18,1,discount
0.44048252919920505,0.6530635843197385,0.06944431824404981,0.20031662347323845,19,1,hold_price
0.3213982208024265,0.5093898836159924,0.08570124481799252,0.4382850652778607,9,0,hold_price
0.23565720617315616,0.2014565622473442,0.1211912962263884,0.3934669434493422,12,0,hold_price
0.21838281953323224,0.10293904704739976,0.26419052566427914,0.28888252643907236,14,0,hold_price
0.24164693886807947,0.8218704628987004,0.11331635691286435,0.16779160798553622,4,0,discount
0.3433689615109884,0.4793046827177857,0.36645039275410773,0.2507587096064584,1,0,discount
0.4403707842885462,0.0621391841338772,0.37214968016584826,0.22896640831372703,17,0,hold_price
0.2542535969343349,0.258121499649558,0.5767534774534625,0.2340136344919909,5,0,discount
0.16152780332811117,0.8040337783841548,0.19516379601805595,0.29381577024835576,7,0,counter_offer
0.15649806334891153,0.75172632477355,0.2354546207243587,0.27317030260879843,2,0,hold_price
0.38570642610955086,0.8758166328973778,0.5238451816669903,0.061481343431491406,11,0,bonus
0.41745594354075966,0.6020878260016921,0.05647632091221229,0.1741017397086943,13,0,discount
0.09737513593435623,0.422905934358055,0.15204238409340154,0.07746557753102923,21,1,hold_price
0.07995148562983018,0.42663499755445067,0.5014312890983698,0.36125772875210255,11,0,counter_offer
0.3174951486904033,0.19400004449294372,0.29944775615019786,0.25368901025994434,8,0,hold_price
0.11577795988671423,0.6507989615178819,0.19900132555012287,0.4031554247621379,19,1,discount
0.4210988857053536,0.585068756092854,0.08646392827415508,0.052561921103012006,6,0,discount
0.1896506032658335,0.1548644114288359,0.19043517744167726,0.20694544366570386,0,0,hold_price
0.11474236983701419,0.8856629200453748,0.1032893816509013,0.10821104220014499,0,0,hold_price
0.4644367126193526,0.36846820331059704,0.43987994550160875,0.05525262870777476,20,1,hold_price
0.12448927523087518,0.049738765521068484,0.2745828176394169,0.4640680674632677,16,0,counter_offer
0.17812403705207103,0.3278809207797838,0.21928167217815653,0.0785619727983401,4,0,hold_price
0.1191260278364264,0.8698567147115758,0.32082329099533974,0.10494895084395425,5,0,discount
0.10197052864940974,0.9169565858617845,0.11640057537553142,0.22006661922701456,20,1,counter_offer
0.05951660735139802,0.4903984172596335,0.295785253944468,0.17565767406504332,15,0,counter_offer
0.07492793412391706,0.9563399400734179,0.2102396888244914,0.5518912130267051,11,0,counter_offer
0.12858866192113372,0.875241809211976,0.3975695369503245,0.5931878609706503,8,0,counter_offer
0.07402186968222893,0.8252307170992254,0.259157096668327,0.25344042082761276,9,0,counter_offer
0.31601471724993707,0.859710064682206,0.3030935084552029,0.12068090044777863,18,1,discount
0.35632153705977787,0.3818754121688235,0.5836005883373108,0.29886701177569786,4,0,discount
0.2271337055744127,0.7564689407555436,0.016546572598257467,0.2974011622415165,21,1,hold_price
0.19309599362842222,0.5773390030761493,0.06680370107337752,0.27962318366907185,5,0,hold_price
0.2770368066600036,0.7196840017403067,0.12166510586194312,0.012201737311922978,5,0,discount
0.44375222400557385,0.17778610758077462,0.059398387392734196,0.07702617268051982,9,0,hold_price
0.4330092320699927,0.731393911774942,0.15051147873175624,0.08460515323222302,19,1,discount
0.06956377790575638,0.9575924341941717,0.03356369115221126,0.21105666094230247,0,0,hold_price
0.13167428431843584,0.30266332238142957,0.11985922447327582,0.3484727213386833,3,0,counter_offer
0.1565351919969782,0.9861613239556271,0.4599008294032237,0.5267061163632212,9,0,counter_offer
0.16222440912449532,0.3783760148053711,0.11067567796331552,0.13401371256422606,3,0,hold_price
0.3070546932842477,0.19972349702103287,0.3494761854049412,0.4627200346861246,9,0,hold_price
0.23731809156643652,0.11228622980023839,0.5346719559735756,0.13572471561737562,10,0,discount
0.0721643539674173,0.7849619132881778,0.26761353736601434,0.01957002077813852,14,0,discount
0.2181263623068072,0.5548254003765684,0.06476206909600196,0.3899149991454948,7,0,hold_price
0.28568882692293673,0.30713129366202885,0.38069167262379455,0.12877975846675466,12,0,discount
0.0957523563066722,0.6084503697937579,0.10060995890855251,0.5517930050043504,23,0,counter_offer
0.42505634920485186,0.33210118784100473,0.19107046624790341,0.5600516482794476,11,0,hold_price
0.07338283990929692,0.44835775732845873,0.5648730302070669,0.0630190728073408,19,1,bonus
0.46617884105812796,0.8626641257530911,0.07018743824791561,0.11683120807537652,6,0,discount
0.09460091371094398,0.6681664768591647,0.3336206831672221,0.12624816529280797,21,1,hold_price
0.4296087282189887,0.7624018397047164,0.23132182100690504,0.5468631037022813,13,0,hold_price
0.4561939147674277,0.5834935514695763,0.247576074174156,0.04681428331557473,3,0,bonus
0.4908068062639667,0.991398048885621,0.15423307674153527,0.4507008224338771,21,1,counter_offer
0.4109116461231171,0.24141006629089268,0.49553954845624665,0.17262277619313596,17,0,discount
0.40076489334709803,0.26229116071881475,0.29125911143847977,0.34946073684246,8,0,hold_price
0.3391174741979964,0.09255893873833287,0.41378495693674094,0.1063692347425023,14,0,discount
0.40054835956015805,0.5540195020707105,0.061771422530591945,0.4839177945943998,22,0,hold_price
0.11054849378591619,0.6133592364083679,0.011368202090652315,0.4024631645438835,2,0,counter_offer
0.2912306161764368,0.7259615728988198,0.41545396203296775,0.01268804273039834,0,0,bonus
0.2814002915856865,0.33544592594926104,0.2799278320471875,0.14227953256131842,19,1,hold_price
0.4359074648551509,0.0122568018650272,0.06676442537903717,0.27981015780028373,6,0,hold_price
0.25825971451708213,0.63222953708832,0.36833963656441354,0.31870527104977836,20,1,hold_price
0.2232902732451591,0.9986954925203827,0.4716895534052744,0.4963628878009546,18,1,counter_offer
0.3378034720566995,0.2945493537899925,0.1875388468649835,0.23217874384537482,21,1,hold_price
0.16990849287538073,0.18393445246901974,0.4400489304405396,0.5561066437841001,18,1,counter_offer
0.1128957849292806,0.2817669578263532,0.47215078757290446,0.11633124077980361,22,0,hold_price
0.2650447733106856,0.4254154747770472,0.175508684728171,0.5146277896726135,14,0,counter_offer
0.23760021586769825,0.2509129289525647,0.4817024639999942,0.5425797180153086,2,0,counter_offer
0.15465647323799317,0.3469600253675299,0.2539510001292547,0.37601218012162946,5,0,counter_offer
0.21538031455180762,0.6382067385793626,0.4380945838200829,0.580514285107549,21,1,counter_offer
0.21487660242181134,0.3450279868426147,0.5987249636435847,0.2463523777696955,6,0,hold_price
0.19737300398564545,0.39605894478365467,0.10982237665318578,0.419569898060064,22,0,counter_offer
0.22075883587711803,0.040031262799263945,0.16428678979283332,0.006058607753088907,20,1,hold_price
0.35858450545517545,0.9179425016228697,0.63470366066077,0.16480827255665725,16,0,bonus
0.1835944135570784,0.40688595991485366,0.23706353517399814,0.3398214037973723,3,0,counter_offer
0.47698606702190316,0.3281435160347943,0.31409733832689535,0.52556025662275,4,0,hold_price
0.46235660879218005,0.0864841962453845,0.27107994541618796,0.5717554035247153,17,0,hold_price
0.26640969273503534,0.6341832153951836,0.12130709853389686,0.3476600234753164,9,0,hold_price
0.19776254225210999,0.8638249502637549,0.4422580041515041,0.5135223199549565,9,0,counter_offer
0.2909456554235014,0.04115320005240031,0.33519954339316005,0.47953944544771004,2,0,hold_price
0.43185221994813106,0.1452724673660355,0.27164043546457306,0.4642043934570375,11,0,hold_price
0.3436643032520459,0.14638982888620733,0.0876962741618575,0.06687521658096503,0,0,hold_price
0.41197632257618483,0.6022748553477929,0.12024480230904733,0.28718339690382444,3,0,hold_price
0.2897250242295831,0.9212305027183688,0.2048704207006738,0.2917556838006057,22,0,hold_price
0.3348129331704293,0.4377683670655096,0.5326283845489591,0.4724749401826186,18,1,hold_price
0.17967002638210777,0.34380644819385064,0.5674648077796451,0.3516645074333292,23,0,discount
0.38070192303963085,0.7658406855966913,0.22642490970313664,0.49191161998273564,21,1,hold_price
0.14108206690657327,0.7425690617556514,0.06305545152898019,0.5738703477724365,22,0,counter_offer
0.3626591579683242,0.24675613927720963,0.2943955265180089,0.33279831237834495,9,0,hold_price
0.43732358074665234,0.16082636230788605,0.2395106972191389,0.4750266202768853,6,0,hold_price
0.10944627678569477,0.35781003241535636,0.4023636001428136,0.33633599185298163,16,0,counter_offer
0.3264708832438639,0.7756033922266312,0.4577837943822706,0.3754216083021703,14,0,hold_price
0.09279308670347058,0.6950633899149783,0.13042747145526126,0.28560379632637256,10,0,counter_offer
0.37657203272214207,0.6658537063562052,0.0756021978212231,0.5757572182612016,11,0,hold_price
0.08802194847058412,0.8294285601632039,0.41193780815777276,0.4905463849517714,4,0,counter_offer
0.47117292021528173,0.27713031234139374,0.3484819081923345,0.45116482921506956,11,0,hold_price
0.11183356851701098,0.3396837254695101,0.29419710004521243,0.19774999513759572,23,0,hold_price
0.48149611065908615,0.04233945060917599,0.04907857602400002,0.29124899445335506,10,0,hold_price
0.4103978792382935,0.8687457758035334,0.19152383269676448,0.5177453848359107,12,0,hold_price
0.31715690200985935,0.5824297349221781,0.13575990281982317,0.5618299422635742,22,0,hold_price
0.4021808470832961,0.2981222918836933,0.15058801959085252,0.5985300062729076,20,1,hold_price
0.40780167754238866,0.06941653144936555,0.13327217399142005,0.44065754397924956,18,1,hold_price
0.4757121782677986,0.7234095031624597,0.31709335164763647,0.4385031314213544,0,0,discount
0.16402250922763423,0.7487375195490611,0.046249858794139946,0.05632521035273845,20,1,hold_price
0.31553415291123915,0.6661786521150226,0.3375871344746308,0.45092449964050363,1,0,hold_price
0.09277213890398056,0.20378097094672953,0.13688772704137953,0.20804478873038323,0,0,counter_offer
0.32727456501085456,0.9132160585086049,0.18942378193843487,0.518774121479332,8,0,hold_price
0.12708108684175495,0.7531580190208763,0.49828011439463604,0.006750467459360876,9,0,bonus
0.30422777516259886,0.6577563235839703,0.17036800329509444,0.5606313851454168,2,0,counter_offer
0.3075937313152324,0.6509439234217875,0.19242261631064772,0.29032850426450557,14,0,hold_price
0.25969331884155233,0.9043577000916412,0.18319731206983658,0.07677345309222916,22,0,discount
0.28518429898090525,0.9283071330971238,0.5474402401701808,0.36059915031827855,15,0,hold_price
0.39376552550296456,0.59563741801024,0.13278384234170149,0.4152215122667287,23,0,hold_price
0.40966012243043,0.4166694109625484,0.2941964963156034,0.467878990046139,21,1,hold_price
0.27146894700894314,0.3637339795594162,0.1362507189160158,0.4211085136565441,19,1,hold_price
0.3198170486851755,0.8190788410807225,0.12301255612461955,0.33202517648173757,4,0,hold_price
0.4690563060605458,0.6446053398343335,0.0604198946533298,0.0491664151601197,15,0,discount
0.10388011482550527,0.07726603025365364,0.15742446621545853,0.5177390252605618,2,0,hold_price
0.10269660465504973,0.1421860130150272,0.0633919648153664,0.5900426966141374,18,1,counter_offer
0.08946905535984578,0.9001858951048464,0.15524187220065033,0.46680419164094394,21,1,counter_offer
0.3460384782682375,0.8844981481045009,0.042807297920397315,0.020845305251863788,2,0,discount
0.23837373535567075,0.9518324486974689,0.2880206384982208,0.4534187252546602,12,0,counter_offer
0.39844463726382945,0.42785096732832373,0.3846773848516447,0.16178462213165504,3,0,discount
0.35205413598886665,0.7840609076407071,0.25745245553244844,0.5772601108957743,12,0,counter_offer
0.20013699124770717,0.8282250273143216,0.05762031953630529,0.03810453600858488,10,0,discount
0.4542649463126911,0.3156969058381931,0.22870196048861935,0.05535503569782802,21,1,hold_price
0.3931394661817935,0.14533771122714223,0.055283447987598544,0.1088222024246069,6,0,hold_price
0.17174072340957908,0.9970263616391729,0.09772318268500604,0.45189486657069794,17,0,counter_offer
0.2138864079974243,0.0302192037513499,0.39184577519231734,0.390842977324879,15,0,counter_offer
0.19149799109191828,0.597335918711443,0.14122952734153082,0.4363420232990268,17,0,hold_price
0.12092524188124985,0.6502122741817089,0.21011420032572387,0.21233054648526223,23,0,hold_price
0.11650251764398625,0.6817893419696484,0.5528293042621902,0.5277454541069728,4,0,counter_offer
0.4712573585190848,0.2556277439690897,0.0292791719097521,0.26775364572960386,0,0,hold_price
0.24705681673943897,0.7215792442988508,0.4670834621268814,0.08046866523052572,14,0,bonus
0.22249392024983444,0.21639956328126553,0.39513276075867887,0.4604844224000566,2,0,counter_offer
0.37835856890482006,0.8290382557516824,0.5114387435739747,0.3177230263289325,10,0,discount
0.298846879363805,0.21911667408463453,0.20820996554481272,0.3560466062983045,12,0,hold_price
0.471262994077308,0.6967060290760775,0.5580200795609309,0.23107248735476074,14,0,bonus
0.4011356722592265,0.7834134858339759,0.09193719233937267,0.42643172407172586,0,0,hold_price
0.26571630385604317,0.18894575046218876,0.3849899593575623,0.021340772531356,13,0,discount
0.21936176306637178,0.23798648763260277,0.30393652941440746,0.29470545944057863,18,1,hold_price
0.4939841952159449,0.7791037387343669,0.009227193357085382,0.2562951461811949,0,0,discount
0.3729921062016396,0.08599897163495285,0.12937480994707734,0.447886818987651,9,0,hold_price
0.4780375970017285,0.19076095246666414,0.3218994355362697,0.15952152569309574,8,0,discount
0.10331535974766862,0.4555309061899152,0.4253549669056846,0.1402268591316131,8,0,hold_price
0.43274015563585216,0.9301819287447706,0.7396797112388273,0.19189936235480554,10,0,bonus
0.3366832477960434,0.5618778348930105,0.4478501561025733,0.2883261543657921,3,0,discount
0.10486475525080066,0.3876778482082255,0.24371413391300636,0.12592643936624567,12,0,hold_price
0.3147160999861493,0.9783702222224766,0.06569084009058586,0.41052420813506674,1,0,hold_price
0.35874336429745196,0.46371130622128853,0.03936156122138154,0.19896675619843232,2,0,hold_price
0.05553620864987128,0.43373497368748204,0.30834008010441505,0.2529163239299127,12,0,counter_offer
0.25444308282878597,0.4116443168877235,0.25009735936338634,0.3345560562518523,21,1,hold_price
0.4214297800383445,0.31218007260679626,0.2301436943700387,0.226125200589724,16,0,hold_price
0.18291156140484044,0.32569480973758436,0.4272951743903821,0.42073624131887594,8,0,counter_offer
0.256346636809348,0.6878370599294981,0.4219106600547613,0.39371711887035526,8,0,hold_price
0.24904135718055193,0.040835597341881136,0.03241078688842808,0.45410093129589146,11,0,counter_offer
0.18586732614912121,0.6818167256463189,0.3004456405666356,0.3138027466694837,0,0,hold_price
0.4632988529819994,0.20120449812587282,0.381826709562198,0.22045311273046367,15,0,discount
0.40158231594418214,0.3842080032044929,0.08938591716773861,0.12067662663170625,3,0,hold_price
0.09976478494824972,0.146538972560332,0.01892891918213698,0.2621316675395586,17,0,counter_offer
0.49866559602690785,0.5527510440724698,0.43211438685117093,0.5238088070117877,8,0,hold_price
0.4456400109384854,0.7293504449521396,0.44317997861418773,0.07261565928746312,9,0,bonus
0.17775879703881753,0.35465557605636466,0.17914514980926807,0.1292410536377456,10,0,hold_price
0.4266034608474222,0.16341657754026295,0.12749203194631695,0.39914748519289406,3,0,hold_price
0.09788878934212229,0.22650558193117554,0.3269168841883707,0.3449710179011778,5,0,counter_offer
0.4995971287134074,0.8181129185255726,0.20536521360410528,0.5497113156969308,4,0,hold_price
0.3495581312479416,0.2676487350598524,0.24899997568161,0.01741996287324188,20,1,hold_price
0.34255625700145864,0.7747025930112271,0.04071564143553004,0.527109771838357,3,0,hold_price
0.09069832714285975,0.33119940680621107,0.07818207028367592,0.43529395153667666,3,0,counter_offer
0.45366502950348137,0.18873255434296254,0.2695830569082416,0.465310012277425,5,0,hold_price
0.06304977644201125,0.727308559627431,0.2343335507246169,0.22720024755810916,10,0,counter_offer
0.15837262611851616,0.4685450294752067,0.4621776697415148,0.18439513410933175,14,0,hold_price
0.11435984382498576,0.031277251274806406,0.17419915244869483,0.008626700390645304,10,0,hold_price
0.39954557331149837,0.9599424193443986,0.05921827081304045,0.47244309868833323,12,0,hold_price
0.13919190224580405,0.14775344507210741,0.21583383033119513,0.09693192923187204,12,0,hold_price
0.45978720220889835,0.3534069764530914,0.33512560068799757,0.1356775049636683,4,0,discount
0.3453210676973706,0.3847946349957073,0.22076249137122889,0.1659368684680832,0,0,hold_price
0.0662732197226133,0.4894298992584133,0.6403725004570145,0.521804594411477,16,0,counter_offer
0.05244342535791521,0.7854440223341707,0.6572832309101234,0.1727402382930733,22,0,counter_offer
0.07324606265647952,0.006090279675126764,0.5233640004502754,0.2554099400285448,1,0,counter_offer
0.3226663299414775,0.9324720513360747,0.5041050765229879,0.44840671395140935,22,0,bonus
0.4106668148867369,0.6459894602030112,0.4871752560597121,0.5353626004640023,21,1,hold_price
0.15734876928232483,0.9506488791489356,0.461623565713145,0.47470951623428714,18,1,counter_offer
0.4322339793153828,0.8173895374164858,0.14073723133992425,0.3212483201137103,13,0,bonus
0.07575437306896718,0.9278382180832169,0.18683375461385002,0.0013075189963801081,8,0,discount
0.4104337341387543,0.6010005509356781,0.31198232566728973,0.09470536781030987,14,0,discount
0.4675079435775262,0.35730898287717483,0.36297882476414756,0.15216166152452598,0,0,discount
0.3974487795969712,0.4429140631136037,0.46503376944092256,0.24825933239732667,6,0,discount
0.3641543527903867,0.6580323103841129,0.32884342032054703,0.21731376877496514,9,0,discount
0.4270910983949224,0.4269318597663363,0.2221051492792026,0.3086438059254282,12,0,hold_price
0.0680680847961799,0.7316727834677892,0.14960973601740568,0.24721651658097205,6,0,counter_offer
0.1408019498235749,0.09184801608002957,0.28374948092671026,0.43564002253557876,10,0,counter_offer
0.10621565568753938,0.8299866489848887,0.18230199592808294,0.031338425165589066,17,0,discount
0.27703894558684394,0.20418863964200418,0.1584663673712605,0.596836905523746,22,0,bonus
0.38533465774798004,0.9439476095247226,0.1946764137106352,0.5058353115223677,19,1,hold_price
0.33350533005937943,0.15554579993726791,0.11966618527966325,0.20098000034308947,1,0,hold_price
0.43300899489287076,0.12916419610239782,0.20066000869074618,0.2380812649631511,14,0,hold_price
0.1198458465984909,0.8118761105873928,0.30562786655677454,0.578224025612133,11,0,counter_offer
0.3805794913708227,0.8187018277030144,0.16752266023004297,0.5614825759326199,12,0,counter_offer
0.13686867089100685,0.7387594198812473,0.574970528632426,0.23590413932488624,18,1,hold_price
0.1718414380930101,0.9605304639047046,0.36729581641020986,0.0357694972641567,7,0,bonus
0.36945711377658674,0.27053962868541603,0.3947828448949364,0.5927798200605965,13,0,hold_price
0.4910921532044068,0.8266487389902876,0.2959607389504927,0.39225202817779364,21,1,bonus
0.3251946226896813,0.35204053004342084,0.09310820387951499,0.4158010862594252,13,0,hold_price
0.07452514174608302,0.5373986255693407,0.2757304598371163,0.1647572766489906,13,0,counter_offer
0.32733903646738977,0.4456000297013287,0.48600161578258744,0.4912226818462826,21,1,hold_price
0.0690577482110752,0.005850022673607236,0.128430387299377,0.3344891258146941,0,0,counter_offer
0.4478655701150677,0.5744621935391577,0.085286863569647,0.28214540029322077,9,0,hold_price
0.3693102282952793,0.747505887763953,0.21781450889433032,0.44472119456380493,11,0,hold_price
0.12790753089012646,0.17455238357527125,0.15491955797962983,0.2231396855231739,0,0,hold_price
0.09127445262088912,0.9316558618930374,0.3363798344084984,0.25764289072118,11,0,counter_offer
0.13258995299614354,0.5303995394185038,0.2262823136731805,0.39139609680445353,22,0,counter_offer
0.4910122307993866,0.1782460031510935,0.4521905141306999,0.38375185207647766,18,1,hold_price
0.2563522891063204,0.6459475709168853,0.03910711270510737,0.5827115802083865,0,0,counter_offer
0.40283642675363357,0.191922708515344,0.525610223601528,0.3377107855607114,21,1,hold_price
0.33638375394849956,0.06353334829533641,0.20151395222135923,0.19259126957182843,19,1,bonus
0.3075859174813868,0.6853152424192422,0.25591956215116474,0.17246332648184143,21,1,hold_price
0.11530861459927237,0.11069488330549448,0.2959031122702646,0.32041140384221234,3,0,counter_offer
0.47571100410114275,0.10621744837643532,0.09086485960618507,0.0717353650819516,21,1,hold_price
0.1856041846316231,0.7399435631818133,0.3150978079535961,0.35285934494522936,0,0,counter_offer
0.31010774711339395,0.05520223320807116,0.2529907814044158,0.23415296446944464,0,0,counter_offer
0.36489917506507974,0.8097691790479546,0.3186425958353328,0.2111982471103738,8,0,discount
0.342154919860389,0.7961487586478276,0.16411455586348514,0.11548641240646662,19,1,discount
0.47326748436298327,0.141393428077766,0.13399408130921084,0.29724801746103957,20,1,hold_price
0.1167975454640261,0.5183806472769689,0.05555129019141349,0.022579764732708063,15,0,discount
0.2787587323011239,0.09662549096894235,0.22061775067643022,0.36431035550995156,0,0,hold_price
0.23181547583334472,0.6325712197859872,0.04605359617445441,0.1713294505663877,20,1,bonus
0.26337592826717815,0.06293001297054657,0.8749381444376918,0.5430420159734226,6,0,counter_offer
0.10364788678898508,0.9444808563227473,0.4870664519227292,0.31581713688911933,17,0,counter_offer
0.1103425744427444,0.20773073536958164,0.17515669625196945,0.4683523422107411,6,0,counter_offer
0.17513399560156584,0.6828946559486451,0.157235465786996,0.5107133175063793,13,0,counter_offer
0.18711707169237407,0.12829142437711005,0.30079424114585035,0.5273899090926241,2,0,counter_offer
0.24255644615660749,0.20959644832677649,0.12880553616848228,0.5223785939645631,23,0,counter_offer
0.32494439616648274,0.45094964888337064,0.611355700693896,0.13528124182901058,2,0,discount
0.33558310283821835,0.5730961413415162,0.2445351968436599,0.1819893304070645,22,0,discount
0.23531490346350664,0.998863240391683,0.25989020302921584,0.42476286713936245,21,1,counter_offer
0.23395239924291372,0.025926228090944137,0.22951845059405923,0.3225710324933185,3,0,hold_price
0.1479328370136329,0.00031441964408696066,0.21035004396584944,0.3655993726954499,16,0,counter_offer
0.3147378117840537,0.350367094714948,0.251004354200276,0.4066375889932264,8,0,hold_price
0.19266841009275704,0.3661563678024199,0.16140498843957166,0.06855156898590717,7,0,hold_price
0.06622692542481368,0.8838372360986316,0.2888132559951797,0.10098386354866473,7,0,hold_price
0.23828001987058717,0.912582547697302,0.6316357470718179,0.3827017350298059,5,0,hold_price
0.26335970379057666,0.8805249763593188,0.28595875965953843,0.3752227919183193,23,0,hold_price
0.15151679069189494,0.14317875048604778,0.4297490109810104,0.4904589679370196,1,0,counter_offer
0.30760606990495204,0.41210483518107344,0.09302606935714033,0.41626910355275565,8,0,hold_price
0.3045973551943644,0.7458851622950232,0.36263514033207606,0.12460598244812375,8,0,discount
0.3659009814996671,0.3126110677842414,0.3287920664150179,0.04204342021274545,10,0,bonus
0.34157681699054454,0.6632380285105512,0.5120387296888212,0.23461486354891234,7,0,discount
0.3435948754344642,0.237142863191092,0.2961169175364375,0.2227634087204678,15,0,hold_price
0.19229636832081942,0.32341925796080806,0.1505952571686299,0.4604496208153026,22,0,counter_offer
0.4043444998936792,0.8604296493484839,0.23479012704125765,0.4028900145736951,16,0,discount
0.29711497261985576,0.2505090360889951,0.4013280769770856,0.5233214748599971,5,0,hold_price
0.24413818783095054,0.9643240868848629,0.34770813602743694,0.30255706765608964,23,0,hold_price
0.3317056164234757,0.3062595609368469,0.5136750316512391,0.17321944740578638,9,0,discount
0.21229580050261443,0.023528109823277354,0.10807069345193196,0.30255022472965826,7,0,hold_price
0.2807326600730412,0.25490090380257047,0.14361748590664358,0.1293012075344451,16,0,hold_price
0.38151755981699914,0.17120494224342575,0.06866539687026318,0.036318364520021414,23,0,hold_price
0.4488812990256685,0.5068269662175497,0.2271439608980449,0.29980983073566975,7,0,hold_price
0.4644757387828362,0.11271606632786002,0.06574740759428292,0.24816306844130068,4,0,hold_price
0.2766348163323947,0.6260488772454097,0.17463163905941742,0.019337431989405362,18,1,discount
0.2841238016332561,0.8748990705564946,0.28232761295559466,0.4327642482213994,11,0,hold_price
0.4099416848437264,0.3625188818037357,0.1577850558271345,0.38661067442752156,17,0,hold_price
0.19150281128489055,0.16849271930540444,0.05771756195622615,0.044281302198375984,10,0,hold_price
0.42682206305528086,0.400024995784413,0.1983755815247558,0.4260141459365953,0,0,hold_price
0.27236374093284055,0.785966821450627,0.2945495558407715,0.04969337721333698,8,0,discount
0.10213552595087078,0.5914876740795956,0.14572140556509564,0.31059397983013487,20,1,counter_offer
0.08242661618282467,0.10114321332760312,0.2234320004930611,0.37334811577029026,22,0,counter_offer
0.4288969449677584,0.5371871543270333,0.13328220381196768,0.2993913297281809,8,0,hold_price
0.07500556260809506,0.4680853814555932,0.44580485574177725,0.44844351727733905,16,0,counter_offer
0.17627514626014518,0.32711225602116145,0.3011254522331656,0.2313399731641135,2,0,hold_price
0.20035851822569561,0.11016059605332329,0.656353330388354,0.12777334246275343,5,0,discount
0.12784750033621722,0.9811119356202749,0.44441085034554423,0.29184478921907436,16,0,counter_offer
0.19125201641089518,0.1760433198932556,0.1486767402151663,0.20534216114029608,0,0,hold_price
0.38421165502628857,0.19274289079074547,0.12829196661366576,0.09076581000262819,17,0,hold_price
0.05660727960203185,0.14558269210223584,0.6903891867025886,0.28265006889287453,23,0,counter_offer
0.4222280410343089,0.5701930386989381,0.25775629776453557,0.12085824149011637,1,0,discount
0.43544661060855117,0.4436695744827004,0.3210360052640282,0.2821777208157737,13,0,counter_offer
0.21751770793619668,0.24955718202655597,0.48422413063324293,0.35551681319479866,8,0,hold_price
0.11912580457728567,0.42942338302152816,0.5472173189803089,0.469318565359794,15,0,counter_offer
0.3203781835752864,0.6735218510617179,0.20823970122934368,0.5118995906831838,21,1,hold_price
0.10385265013920245,0.28170053149863017,0.18422247446113596,0.4008979847654595,1,0,counter_offer
0.21421371248521365,0.9152457760303804,0.40018529276753484,0.5361253169973194,16,0,counter_offer
0.48129313140543756,0.3063462371777058,0.0558817051451336,0.3346735140983933,4,0,hold_price
0.4979590126626367,0.19817903082285326,0.2617125169051318,0.42625935385096164,12,0,hold_price
0.3974472011095635,0.9545678468728145,0.2591264671184867,0.46221756370955713,10,0,counter_offer
0.18993267946434478,0.8105606101181794,0.41440707997734366,0.4949075647134302,12,0,counter_offer
0.35944927212474165,0.34313762484346555,0.23210462811914256,0.4511108699674752,18,1,hold_price
0.3674328644678057,0.841431851143876,0.3122153178894046,0.5414484755580193,14,0,hold_price
0.22452876282364237,0.5188142491538,0.29053693373431466,0.2837128935605413,8,0,hold_price
0.3383998855637717,0.3467524982610628,0.14323452203907897,0.5720892659006426,15,0,bonus
0.05482744023905431,0.8396115895392143,0.1781322192818047,0.2401719571380678,14,0,counter_offer
0.14407594637100868,0.7521650668644404,0.32220711574898603,0.042114268933483266,1,0,discount
0.28628973633526755,0.2978748426431058,0.6050991492349633,0.10926929332675224,14,0,discount
0.12368808691623315,0.6066785152579738,0.23336874105453048,0.334959534451969,8,0,counter_offer
0.12465809054444014,0.3693902235197972,0.18756953675165633,0.008752744644551003,3,0,discount
0.42633693074760703,0.001051972560388137,0.34298144100844996,0.09443648856799189,12,0,hold_price
0.49510985120762246,0.9618157414002794,0.14994911254652973,0.22444640937551324,12,0,discount
0.3001862426128018,0.5496290760728367,0.32056669513820585,0.3745782681028959,17,0,hold_price
0.42758137889677106,0.5984326016657832,0.2812149843249542,0.09933007254592079,10,0,discount
0.49564474894682264,0.5998914256772949,0.43405796233360594,0.3449185169710388,17,0,discount
0.11371814985594862,0.5506414608194028,0.15608883947554328,0.39788738063911433,6,0,counter_offer
0.251710525964458,0.29004784477359347,0.22975243247506766,0.45819565894449055,14,0,counter_offer
0.22665772212886398,0.9715761249080562,0.5324007443290198,0.396287254393132,23,0,hold_price
0.08602217764078327,0.6216684125152849,0.57272810648199,0.15004966220291688,14,0,hold_price
0.389898577757635,0.6709213605539615,0.12726427247800465,0.5984161231373885,16,0,hold_price
0.24520056229516685,0.4547927573170498,0.3329106405438167,0.5329492068866045,8,0,counter_offer
0.2611971203856806,0.28786140049078257,0.7150390412642532,0.22411137717154256,16,0,discount
0.11780283821595809,0.06434898217492935,0.5578605391420673,0.017513797144845356,20,1,discount
0.13141699350389066,0.35023019656788623,0.3604308653273743,0.31722493487448256,20,1,counter_offer
0.45819662997029675,0.1760974292683921,0.2600771863665499,0.5191138085507679,21,1,hold_price
0.07009209003842551,0.6620882682570118,0.28522550660632956,0.4931659592662346,7,0,counter_offer
0.15478352822466782,0.8790038848027194,0.0361648799965769,0.5385342232374192,20,1,counter_offer
0.18142669864153776,0.3027548582456523,0.1165728343045056,0.5817097542351537,8,0,counter_offer
0.2705888940807139,0.33288262541404656,0.4403419616192063,0.4278168846390584,20,1,hold_price
0.31390032785665817,0.6703645038290117,0.1840239029603452,0.09743852518767127,0,0,discount
0.2719804891328,0.14927143424123634,0.2116039650844409,0.021847882406120542,21,1,hold_price
0.08785190055059691,0.9294374266776991,0.15316765233016627,0.09084436927868152,5,0,hold_price
0.1596503543250711,0.36384678102548307,0.09351726675809609,0.12065992522526349,4,0,hold_price
0.4296147731431435,0.10119944592677466,0.106016981221673,0.03683417958281032,13,0,hold_price
0.3369149152153066,0.1746840049206415,0.2873871273847202,0.27207103492520074,12,0,hold_price
0.34211707256042345,0.9327460760074581,0.33123903616798095,0.4703266279595466,3,0,hold_price
0.3515914649081097,0.24711928836901997,0.08953250121148743,0.002551077242446098,12,0,discount
0.39330635856778806,0.6622688038312864,0.18214902339653885,0.4821757904096812,19,1,hold_price
0.07614881677465131,0.15616522353826512,0.18055954502428845,0.5551844028185223,11,0,counter_offer
0.2149737732196756,0.19410169234877772,0.14200458607027727,0.09119157420952388,13,0,hold_price
0.2927873458677554,0.8792382188999776,0.2305153677928528,0.012807695156586795,20,1,discount
0.2023054174837967,0.1480332201025618,0.423269353237969,0.2876189662407759,4,0,hold_price
0.4300154929792339,0.018750586736279162,0.31407855883660657,0.5211181263462376,7,0,hold_price
0.2671576288642823,0.5012331895262763,0.21500438179371095,0.442098852965765,21,1,hold_price
0.39588241525672063,0.8627268132629347,0.2759463400240719,0.020819455134608433,3,0,discount
0.43340698259652605,0.32599104541562474,0.4769241955148664,0.40395864878323007,6,0,hold_price
0.27715616730657416,0.1281622706457105,0.2900090848344059,0.49064695467195973,6,0,hold_price
0.45929850974210745,0.9822308295656378,0.3410297832559741,0.16262978914430562,19,1,discount
0.3142057732416413,0.6767386294894133,0.1746163293588127,0.39204801136619527,3,0,bonus
0.43262343447517476,0.8506906319481564,0.08697097398432965,0.29636937574245587,8,0,discount
0.2032658580161859,0.7521382723289237,0.024795675004902346,0.12337743992855803,9,0,hold_price
0.27446763133916835,0.6982422739891901,0.17388645905300582,0.5409056396218611,1,0,counter_offer
0.28913496845206,0.3845640671309203,0.28004941734190625,0.1338050188971057,2,0,discount
0.09724087215323177,0.3243399932036394,0.26296919357333676,0.5042852546954996,9,0,hold_price
0.22934862801569328,0.7169585958944741,0.06495923900690989,0.420993117515036,2,0,counter_offer
0.46280195264825424,0.7167130081772302,0.11934410372823907,0.1325454068597088,23,0,discount
0.33387450816413405,0.9505883840490933,0.3591944622334812,0.42679394088241357,10,0,hold_price
0.12987796209663538,0.5686598178483223,0.2430189063135832,0.015602951003533549,0,0,discount
0.20248503602432222,0.29462110578767353,0.34696275536520943,0.14176294769704356,14,0,hold_price
0.13622135434821492,0.48952879933047744,0.7026669915184304,0.17124300440523538,18,1,hold_price
0.061170409309357646,0.6137138167259192,0.2594697292402192,0.533513961769783,14,0,counter_offer
0.467357206326812,0.4267297995769125,0.19161572214614073,0.5492324937182886,13,0,hold_price
0.2516932977155922,0.7911331233595482,0.24933439945180932,0.16259523891203978,2,0,discount
0.18839078258935377,0.5846132122158377,0.26286555581876253,0.2847951413200139,17,0,hold_price
0.31931473620098144,0.009435727627650548,0.3224912385084085,0.5889740684248993,23,0,counter_offer
0.05329150533185704,0.5698398882320085,0.257474819204807,0.3995865177220144,8,0,counter_offer
0.17510994797036622,0.633603785941861,0.623541422608732,0.041827437746477035,2,0,hold_price
0.36636505956450166,0.9152612515440707,0.2182148474593356,0.23485920081546555,5,0,discount
0.33519639788116834,0.41372167366418855,0.7271141341726249,0.2528629617336596,15,0,discount
0.49181267639414095,0.5744676592713583,0.2690485624045451,0.18383799892667296,15,0,discount
0.3291609693461198,0.47499745071437394,0.1225158682314266,0.3119479222985877,21,1,hold_price
0.26487764313247975,0.5316564284688854,0.11971474352805113,0.441612432393959,9,0,hold_price
0.3926446534328034,0.06730407066899646,0.3376153705292291,0.41490040528868766,21,1,hold_price
0.4564975423838239,0.8972836675331015,0.15972586723371826,0.21092890163800893,6,0,discount
0.3743131760232582,0.9104123398316256,0.4473115583925964,0.441983840310505,12,0,hold_price
0.4834450505972208,0.5480596098426327,0.11992503793929032,0.32044437637449025,15,0,hold_price
0.40190232683217975,0.5565555157209455,0.07180420903111437,0.4617079299078886,6,0,hold_price
0.4400606472178669,0.05755603594395453,0.08848799223602144,0.06833340759094994,8,0,hold_price
0.10134683203263674,0.5979505131197568,0.48205357270569255,0.24285600607702915,19,1,bonus
0.3795860763472045,0.42915178987916247,0.08183426234519686,0.2367898438463888,13,0,hold_price
0.2480399147873159,0.7090436302344373,0.41075794614571876,0.21108168812868977,14,0,discount
0.2988967110850739,0.047124916595572386,0.35660163504423786,0.4188203263856665,14,0,hold_price
0.34434608426706054,0.7108876827294898,0.4942205979838905,0.3342771113446212,18,1,hold_price
0.48641680251750624,0.2868938238323139,0.4780485907708909,0.23153523156327652,23,0,discount
0.4930601366442311,0.651705330453108,0.175132049321338,0.32178138540650697,9,0,discount
0.17970271046955738,0.627125975312123,0.3298416470807603,0.4226357539351764,8,0,counter_offer
0.3801890738470623,0.22684148463223253,0.3704314654112888,0.40507646838402805,21,1,hold_price
0.3874925920708709,0.44045234521626675,0.4992887108119317,0.4564044717520622,11,0,hold_price
0.20592178759087199,0.8356332590533245,0.04310670149131017,0.5108850529603545,22,0,discount
0.10574139868889945,0.6055916435947739,0.10863020242324083,0.4436351218496121,21,1,counter_offer
0.0684261321285739,0.06873830197841146,0.16598468675523315,0.10808348109107795,17,0,hold_price
0.39980440738813033,0.4429088313208297,0.2391253962613544,0.5079473282068218,17,0,hold_price
0.27036488381760765,0.311771458777917,0.5745428379403273,0.19921393805192072,22,0,discount
0.49349307627271677,0.6416456789116327,0.3517675091118007,0.3995853171016942,6,0,discount
0.2592380552871439,0.6145639412952608,0.22169219578824037,0.5945818430124413,10,0,counter_offer
0.4900626405832281,0.010398101510140534,0.3239540999828111,0.17678523544862307,13,0,hold_price
0.23520920098732695,0.607695509418463,0.35569697486795393,0.1621265593541345,4,0,discount
0.4071569677519877,0.7348496539849367,0.2822596418567531,0.10929807110363798,12,0,discount
0.08816867254032443,0.7687300324015754,0.41835668053630265,0.5904467727322095,15,0,counter_offer
0.29995776956199377,0.05897577038996116,0.17979368900520898,0.2561613302653249,12,0,hold_price
0.4109269041435759,0.30365841710986896,0.43204653958190314,0.47031927643085975,15,0,hold_price
0.4661157502489499,0.4212735605515239,0.06901702896907337,0.029543702287879746,2,0,discount
0.42016239077784423,0.1797717077949118,0.18385930788899485,0.1082544007058402,11,0,hold_price
0.06663682724052841,0.4207338711650098,0.6467094689326875,0.037910658702906774,22,0,discount
0.21771605358803037,0.07112953582559234,0.44901953844186615,0.4893810170069577,6,0,counter_offer
0.07191431254123308,0.11321728300705158,0.47090594678656283,0.0639320980993572,10,0,hold_price
0.0991770310015511,0.6686947628434194,0.36267324187250793,0.553896948586339,14,0,counter_offer
0.35388753290036784,0.262572461160155,0.4138550333537522,0.39825447820332566,15,0,hold_price
0.3709661883402642,0.7114058474795725,0.4936728822034613,0.545722746818395,4,0,counter_offer
0.39817430723823183,0.048108528016667984,0.25088353842351196,0.24531518914213474,2,0,hold_price
0.43945544662504826,0.5627030530435029,0.16699166508398924,0.31539470781960877,18,1,hold_price
0.3827441608144294,0.3914486635868403,0.1562668296179347,0.016543369403923112,12,0,discount
0.4103922164479844,0.7969713919154653,0.40728863818445166,0.2795435463140941,21,1,discount
0.07203366942047566,0.7839515802055619,0.07385206777922239,0.3544301628086277,23,0,counter_offer
0.15554081769858435,0.37555964245750817,0.36798995166808834,0.06035404821000283,3,0,discount
0.3298539980188606,0.6227140140877143,0.5172299695983428,0.5887411624511071,8,0,hold_price
0.43615638708117044,0.2275488688194881,0.1515366828495066,0.0026346086076731276,19,1,hold_price
0.05202505622284661,0.5804068361804202,0.16425813498514458,0.16047036650921095,7,0,counter_offer
0.2815832039523574,0.08126469394752245,0.35233255866389795,0.3693729485302901,4,0,hold_price
0.35477932971397874,0.4346042841186101,0.09727817063554513,0.29858298178018067,3,0,hold_price
0.06332328010787595,0.18272768153810914,0.2921034397634693,0.1435192109115414,12,0,counter_offer
0.23061000089902456,0.8833811820915227,0.35882546406852145,0.5920522059565005,9,0,counter_offer
0.4530356966226636,0.4449008179668318,0.2427905494072161,0.11332644210318014,22,0,discount
0.35222576398513644,0.5907737486375348,0.3841709669979364,0.3410111382691312,23,0,discount
0.1569462635122688,0.3603818603300104,0.49047714114816743,0.06953044682585804,1,0,discount
0.4337515083343607,0.2887410352398029,0.12406539576915965,0.0336838488979585,21,1,hold_price
0.20661414053428145,0.20291978306153358,0.39949007154644556,0.29272305707730356,2,0,hold_price
0.4340051020148267,0.9118715826670196,0.21013879708206457,0.48282003951069485,17,0,hold_price
0.18452464300350752,0.7994657824269527,0.3150724271537568,0.31878901712639923,23,0,hold_price
0.31564411289741706,0.13326114443103088,0.12491302177914161,0.17617826131488976,8,0,hold_price
0.22862303048652532,0.7467248762917983,0.3097328384150758,0.010037815841048259,3,0,bonus
0.17367127283978018,0.4185307770366532,0.19344344696160695,0.5643192588266132,1,0,counter_offer
0.44895090297734114,0.015396654960569855,0.306738637272862,0.12713075613922709,8,0,hold_price
0.13441715687277112,0.528367320376222,0.23154733922676018,0.3447431133298497,22,0,counter_offer
0.0881652160560934,0.1300464400848661,0.3037794467992804,0.009315754750284743,11,0,discount
0.20386712234554716,0.20993431309359467,0.462382801774084,0.058322738678750215,10,0,discount
0.3729376164387054,0.696040961424093,0.46060272630464016,0.10210170875481266,0,0,bonus
0.41334422268932675,0.2571420371411961,0.40531838559350236,0.06738831997458745,15,0,discount
0.49943451653004417,0.8918882018418166,0.25913476279180053,0.31845220271010555,4,0,discount
0.1833629256550242,0.6571697584241699,0.24448599021257567,0.2382320489884826,16,0,hold_price
0.23357387800907697,0.8322834849108091,0.05163220788819843,0.48077101014913204,19,1,counter_offer
0.11156957511333183,0.6151895383301841,0.2085566680943422,0.06972250359407117,18,1,hold_price
0.3086923683303651,0.8688495910220159,0.4374930896841483,0.25864080704047215,12,0,discount
0.49891101676831273,0.3616846750221502,0.5300394575795981,0.256950556364483,15,0,discount
0.3653964545542963,0.5491405768855797,0.4367366523052197,0.13848707998536064,9,0,discount
0.3178457781860173,0.5158904004443335,0.07334213883085686,0.05757689078346315,17,0,discount
0.2265660918148073,0.9037907080779705,0.1013485202788444,0.0063976879008751375,16,0,discount
0.46188444212849966,0.16491540860861353,0.1933462199939457,0.011296731723666253,4,0,discount
0.27361246825865726,0.5780607631866924,0.6441509867685401,0.23917501947899633,7,0,discount
0.11046511099087768,0.7544311942269804,0.06871510011814709,0.03256637295446269,18,1,hold_price
0.21442030843961007,0.37004976053366034,0.36567694001945,0.2367345351258311,10,0,hold_price
0.08022500098149511,0.8675815246159764,0.24937905573579142,0.2624457220177237,5,0,counter_offer
0.14089056695995172,0.37301476707773407,0.2884077208326581,0.2672315721110139,23,0,counter_offer
0.05795095144996049,0.1733087598959161,0.33381541039609103,0.11499328280800056,20,1,counter_offer
0.25397596242507353,0.5840483554050317,0.10185678710053711,0.2992291753513855,18,1,hold_price
0.3355431192283087,0.4205680100373125,0.15188048169355275,0.23539036945123226,10,0,hold_price
0.20448160807050852,0.015190104682004546,0.32367073135191493,0.5937161879786681,13,0,counter_offer
0.2391717971773747,0.06983859249350322,0.2544394441213805,0.02722141081177207,22,0,discount
0.48164417278005917,0.19527718020659002,0.4082810742184601,0.032327104596509205,12,0,bonus
0.38838340470871197,0.7693299595181523,0.21318109968500754,0.4947179300536225,19,1,hold_price
0.29338548662522806,0.8920395160337483,0.6224811089405405,0.15961140410031022,20,1,bonus
0.17804339380032136,0.5456408740142225,0.2515930264858248,0.11027188474113148,19,1,hold_price
0.4536485594478478,0.10556546251412346,0.4196094850893771,0.5246911568711752,14,0,hold_price
0.15579370259629677,0.534418952241846,0.12822550677481853,0.3196374590294077,8,0,counter_offer
0.19640422873250468,0.855605460596945,0.16945794738837508,0.36947379784955187,8,0,counter_offer
0.4590791664903268,0.7494776291225896,0.3882533923662935,0.0047764087572914615,19,1,bonus
0.2882939248782826,0.29109816369737496,0.24037509053740677,0.15645060259077836,10,0,hold_price
0.3840430772380895,0.12389060928835782,0.29370033172607973,0.15552178790748886,5,0,hold_price
0.3158351573736948,0.900681699762243,0.8009372048627297,0.4565353184806066,4,0,hold_price
0.3440476440542728,0.854088746632211,0.332262178085896,0.231331350885763,14,0,discount
0.1847224811816715,0.05371536514522579,0.23739961978784999,0.3464611690345983,23,0,counter_offer
0.15861742773199833,0.8236744898245643,0.4392037063601281,0.5591421501101019,9,0,counter_offer
0.19512155622589938,0.09721263778493949,0.3480485529254327,0.5908062893707627,15,0,counter_offer
0.11994870383754011,0.06328363340203702,0.3863866469254742,0.0763976053042137,7,0,hold_price
0.44344146438086335,0.7586008971462594,0.2137605973487357,0.3335202637350418,9,0,discount
0.17746111996255132,0.536310621924958,0.19247090850402812,0.4194851659916033,9,0,counter_offer
0.3026702274864731,0.4145480240903189,0.08884740336536397,0.46923167231481633,8,0,hold_price
0.4063884913136183,0.9038621959760219,0.16393505706884323,0.5520649163764131,20,1,hold_price
0.4027208492190711,0.8393035720677537,0.3036749655879709,0.4370023324195866,21,1,hold_price
0.2472738163628868,0.057623471547056604,0.42999583170562916,0.41396111845204686,6,0,hold_price
0.26431578886402657,0.6160872419411724,0.5282454105886678,0.032458603762381695,8,0,bonus
0.49761578702076115,0.7722674032074582,0.020441640372939895,0.3268914954084608,0,0,hold_price
0.3535688646405608,0.5504905797749521,0.054349355135145994,0.3592592560561233,18,1,hold_price
0.41658729940304723,0.9830054990761883,0.05883332376658243,0.41789855801890946,16,0,hold_price
0.45614928614865435,0.6860475046475483,0.45120223306113016,0.3500179773037821,20,1,hold_price
0.40441542630320265,0.1041430126970253,0.3654732483650027,0.24567006054398008,13,0,hold_price
0.13333070522910542,0.19829801199995345,0.2564763319297739,0.2924744816024435,21,1,counter_offer
0.30297683018190746,0.826245621199462,0.1892227330072353,0.5803917537293853,3,0,counter_offer
0.0958523707915452,0.9967566731443,0.310240733822952,0.19746230596900485,8,0,hold_price
0.34381495695379927,0.0983392668723897,0.17910183152232279,0.47067417949997187,10,0,hold_price
0.47990724268451496,0.1003293178450484,0.08197263772814178,0.36446407091739647,18,1,hold_price
0.2807294289350501,0.7633870541432835,0.6193640138343575,0.26629856197777685,5,0,discount
0.24483762179049523,0.06435428171653956,0.2671545485467677,0.24859110561996656,7,0,hold_price
0.06612923813817344,0.06856011606484747,0.12995558677604477,0.32233597635597583,2,0,counter_offer
0.48189853504814917,0.8888164830096625,0.20973164134772673,0.4798755008033029,22,0,discount
0.09635120785857146,0.8004498123184509,0.41247971088191066,0.07329009256874093,10,0,discount
0.06848559198718113,0.8815631998643823,0.3768288017628762,0.5463944280397477,0,0,counter_offer
0.16072997517722232,0.6505134021327537,0.1435440803124807,0.46448810959192266,5,0,counter_offer
0.0794886952632721,0.32253642193885845,0.1755354697350575,0.20941696026841813,13,0,counter_offer
0.25480302908529306,0.9063131903327911,0.5282484405664621,0.006108947569216805,11,0,discount
0.28223951056570057,0.2987235249744318,0.31821368951274626,0.0631354350446174,12,0,discount
0.19065647706286276,0.27551083945484933,0.3610914777687359,0.08663720564147075,1,0,discount
0.07293221715869873,0.8864004191927712,0.16406617764524173,0.062148016606961204,21,1,hold_price
0.10022016571215202,0.6808225924932079,0.06619100439670796,0.0616673876955637,19,1,hold_price
0.22302697009546762,0.8956720847092428,0.21918078501356802,0.5760871073174676,5,0,counter_offer
0.07723780287194126,0.1559012892539724,0.28742732992578957,0.39507601047985935,8,0,counter_offer
0.36418537652446104,0.9522967977656314,0.3759752259959936,0.492383236005827,2,0,hold_price
0.1431592436861654,0.6127421567003271,0.24156895506789197,0.33768825736823077,3,0,counter_offer
0.18593220595263732,0.6680350440934276,0.030134956106279382,0.3716908190944284,20,1,counter_offer
0.22735659973014388,0.9140605803264515,0.3345906001652627,0.5285989921223254,2,0,counter_offer
0.23747433488111658,0.38075297469462865,0.3197165302109759,0.15718151836913383,8,0,hold_price
0.05074731845366024,0.7195749946958622,0.10942503293750519,0.4167147850744027,23,0,discount
0.1004316669494139,0.640340621124484,0.30831630818570815,0.5395853874069539,7,0,counter_offer
0.43824405368339514,0.7877527188659602,0.6643783736795574,0.5617753583114091,16,0,hold_price
0.050554878130358666,0.8969427918333073,0.5108383495061202,0.26642894367572484,2,0,counter_offer
0.2786753101157938,0.6800608554300946,0.5513620117911844,0.5140273242000037,20,1,counter_offer
0.27027590292824366,0.06763955450306436,0.15152171328840192,0.30231573757865804,22,0,hold_price
0.19989237245478703,0.18314034584978023,0.37313633759408993,0.15473158743643478,21,1,hold_price
0.24409715906590235,0.9539781822670841,0.0402490778893544,0.15057544275303952,15,0,discount
0.40126151188696296,0.9686504733772262,0.22411093737302126,0.27105990888302006,23,0,hold_price
0.4285416677967304,0.9674133136983625,0.26245831866065533,0.154733114682337,16,0,discount
0.16715684453686253,0.036799400400117976,0.3250126726801347,0.017987185970617235,9,0,discount
0.1951206984354784,0.38244816794941827,0.3976636719299837,0.06332819571508261,21,1,hold_price
0.15911728386274973,0.759672703987996,0.3366376146182695,0.5095320813909655,6,0,counter_offer
0.2659385302479793,0.7528858036578309,0.15877728459266946,0.5295052503796576,20,1,counter_offer
0.35746626094646583,0.08590890494995851,0.2113701876563663,0.5238263130270487,22,0,hold_price
0.15271379395853923,0.609488887089519,0.23855531449644435,0.3322274053729754,10,0,counter_offer
0.19883108392469,0.14286961854085745,0.28187868913642317,0.561130413842656,5,0,counter_offer
0.4686730779151177,0.49320933286779334,0.7878038255176737,0.2994555671289108,3,0,discount
0.07185618043113114,0.2396857008411215,0.4663427144448328,0.2775268303876242,12,0,counter_offer
0.2573463223578048,0.053161171734727675,0.1661637043995734,0.2846292938864332,16,0,hold_price
0.37020111871855,0.08001942552660957,0.376046836695144,0.15246715994691276,14,0,hold_price
0.11770430520086334,0.9108929497299082,0.04015243175224377,0.36810202136165787,15,0,counter_offer
0.07131830900246684,0.7446459642015341,0.23140743743584472,0.26937068116768076,0,0,counter_offer
0.11219241723733883,0.9318239817729504,0.1312157383269356,0.5847946001218626,1,0,counter_offer
0.4634704370888073,0.4699899323335527,0.2675137005353276,0.10318883772229594,6,0,discount
0.054166901819505536,0.4132924989528043,0.29967217199907387,0.046022555112542,21,1,hold_price
0.1347448886651083,0.3584072925020956,0.3400562482135264,0.21068389165635296,12,0,hold_price
0.06407758080574005,0.61630709605209,0.35901208976903765,0.1293299476225174,8,0,counter_offer
0.09978326040299147,0.3515593869713336,0.025645209681262084,0.5951427509127378,15,0,counter_offer
0.3290671789827333,0.7462732339820062,0.06656572488141904,0.33514695579711795,10,0,hold_price
0.1587375089325886,0.8013173262158622,0.2044756285352785,0.21583057813526665,3,0,hold_price
0.30614542269380457,0.875844593429381,0.2881740672159747,0.38564468224778775,12,0,hold_price
0.3155879222447568,0.24280093024527727,0.21007457908156038,0.27186690252619145,16,0,hold_price
0.4322458998904006,0.5270220492923754,0.25824912584746174,0.12529508353122276,21,1,hold_price
0.05213362681034327,0.22344461672983884,0.21044618308727134,0.23671158437674783,8,0,counter_offer
0.434016256704065,0.03755582342034114,0.2594466347497889,0.17181261450342888,4,0,hold_price
0.3286035888921383,0.7078253041698377,0.23176141445821305,0.38255554669043956,20,1,hold_price
0.12323456874723092,0.5489812739351246,0.014439087411094466,0.4899411610737626,8,0,counter_offer
0.3978218246608778,0.7239272795530837,0.5480493313173603,0.15754625886044663,3,0,bonus
0.4349711938057636,0.08762291140653711,0.15813342334279018,0.3727960033129119,12,0,hold_price
0.1644185676893708,0.995526179061942,0.15950965453590782,0.42508791722481853,1,0,counter_offer
0.4634571564062064,0.994348566947032,0.5421000290435996,0.2220064897475043,23,0,bonus
0.25450584363439605,0.4649998255035127,0.10809454864444185,0.29252138845584486,18,1,hold_price
0.32154100444999467,0.866058715183836,0.10332522028626992,0.21529000445583582,10,0,discount
0.49309229012793965,0.2435685558055568,0.3428501551726141,0.2237429809774425,13,0,discount
0.21269123538763973,0.737566161223297,0.15779264584059854,0.26772992515294664,9,0,hold_price
0.4159217056190508,0.8792258568135658,0.2631882805314802,0.1772537554320735,11,0,discount
0.19327960302280683,0.8146662660807785,0.24176046355045533,0.29299797988036086,22,0,hold_price
0.40964608500867095,0.8117740782411574,0.43936922609449786,0.4513471333630216,17,0,hold_price
0.3203302634881891,0.4630266320888651,0.09390170321472913,0.23657863781051536,15,0,hold_price
0.14736006285143066,0.8199899477787728,0.3993437616121464,0.5672626808550059,23,0,counter_offer
0.23631174220515638,0.6907048130213005,0.30059418646739244,0.13079731720254006,3,0,discount
0.19293603546360277,0.13245139814420437,0.16038092280716015,0.26970284925952875,21,1,hold_price
0.08514877688616375,0.11418440406452013,0.013389279458759343,0.36101100600005503,4,0,counter_offer
0.06342564654486386,0.7719221359346399,0.09621750921397604,0.3259586528795523,6,0,counter_offer
0.2059153949332314,0.6254640887729238,0.030185441709644153,0.568164401888974,15,0,counter_offer
0.058565366517868964,0.5193761171913774,0.3905337523234242,0.19459682166968414,3,0,bonus
0.12446949091179876,0.9072617908488282,0.3152905984217941,0.22657933400402172,11,0,counter_offer
0.37633249438289096,0.6595903568712186,0.6312900098312939,0.35740894171983045,8,0,discount
0.36864105605761455,0.39614674508830017,0.26518900197425427,0.357820136193249,0,0,hold_price
0.3823611739058222,0.4139318081761838,0.09917360528949506,0.4724645834882937,4,0,hold_price
0.19271892700849047,0.6052443608175849,0.30577228451814675,0.47670944789556835,10,0,counter_offer
0.45050875570296295,0.7602752846863484,0.28857049284138314,0.006522575065394598,2,0,discount
0.3172237466128014,0.5643533069491241,0.3504846718780336,0.45851962903989335,22,0,counter_offer
0.10671185378598194,0.5087608822191797,0.25092514836808805,0.4307212044654138,10,0,counter_offer
0.11467339765499036,0.7269007026541818,0.42474592432267405,0.3514621080243229,17,0,counter_offer
0.36189294211836565,0.7052645499070364,0.17938409228763855,0.19019205071762335,4,0,discount
0.12782477139893514,0.830346840613561,0.3073200653475032,0.5442336399840564,13,0,counter_offer
0.2782817157119195,0.06255178627729441,0.18529558320212808,0.44293177577925763,2,0,hold_price
0.4962985141679198,0.7549521320819789,0.23251806566150193,0.15437244209550174,4,0,discount
0.051803422130002774,0.51376045095169,0.19028710488116116,0.1831321199633129,16,0,counter_offer
0.05746091085390062,0.07469312003315187,0.29905306894469075,0.42627342565766335,8,0,counter_offer
0.4968880618687279,0.6790100281695197,0.329538808361913,0.5505925912576602,23,0,hold_price
0.31308747536037446,0.7165401940019428,0.35139426038818383,0.29432470701419244,23,0,discount
0.10710948898333092,0.5236271695446845,0.161252093384042,0.527519814206204,3,0,counter_offer
0.45378598988934216,0.7937989776497628,0.26173863743905396,0.229268693984965,15,0,discount
0.4461711350574615,0.3002481086293015,0.20308468122144582,0.237098248593973,18,1,bonus
0.29129018590011885,0.20190721853143612,0.1210813043503741,0.4115647210529983,6,0,hold_price
0.32980641343734046,0.3507339517432785,0.15268541857435186,0.03032261089662189,20,1,hold_price
0.17293423617539436,0.4100505132959775,0.32735014341100516,0.08335309848812655,17,0,discount
0.07273386336740233,0.6959336024021688,0.5259937226409407,0.4370550062158682,7,0,counter_offer
0.31755542400088893,0.8455199378782277,0.12246395652453146,0.14525129523019675,2,0,discount
0.18263983694124336,0.7209181900786765,0.21288253465278492,0.1050474352176713,10,0,discount
0.34862947099715835,0.1739875590696015,0.500110462214668,0.053431634633026116,8,0,discount
0.42631032957917053,0.3662170848002574,0.10366274822114274,0.13491268328275038,12,0,hold_price
0.05817224476146383,0.158413713447778,0.16454178125168,0.15028254530638302,5,0,counter_offer
0.3180711986085773,0.6867241995580513,0.31578743713759744,0.20469678377540626,7,0,discount
0.1540762428590835,0.24817187821689413,0.3097567930482001,0.5629977321000528,21,1,counter_offer
0.44324982405671065,0.5253869328518468,0.6760026391949023,0.38677110403585296,20,1,discount
0.16414902795282282,0.7918298431946843,0.24506790969087278,0.415988158983115,17,0,counter_offer
0.32484655995593825,0.6709392749216151,0.26967699610944806,0.07964903362205675,8,0,discount
0.29909337804032515,0.2983739906651327,0.26789646766888037,0.11560001315520524,11,0,discount
0.22827492502666202,0.33286675061634086,0.2912858401463532,0.5392026602922623,7,0,counter_offer
0.3549293436199073,0.6533642866030318,0.04341420074478903,0.3805854761457864,9,0,hold_price
0.3765963356219452,0.5494677493399441,0.29677732584769567,0.4857905971951669,12,0,hold_price
0.30512200789372407,0.09639348747004439,0.2505334908072838,0.21447757958175254,20,1,hold_price
0.39129000673313935,0.8739915892735461,0.5233982121149523,0.34632412390786843,19,1,discount
0.4925376841968219,0.5126132480536286,0.16986513707320217,0.301324567118459,4,0,hold_price
0.23867257455536234,0.4733610131974654,0.1903061825136388,0.12324720609791107,22,0,discount
0.2815623733484889,0.19843933663226232,0.38765384718216456,0.49486170662894313,1,0,hold_price
0.055611445073545956,0.3769938189705373,0.41304146497297994,0.20025374400992874,1,0,counter_offer
0.40821285033967025,0.3328248623150991,0.5236949078773261,0.2801324730455607,20,1,bonus
0.2841035301706972,0.27073568282942684,0.7242763489663678,0.07979585821396713,6,0,discount
0.23358264366225434,0.5674065746467731,0.3698651900068509,0.38301401741617463,20,1,hold_price
0.09233238339022812,0.46227536028028204,0.11796468294879497,0.4746812661958158,1,0,counter_offer
0.4503453897539288,0.8891976853146673,0.2685862913040981,0.24623298441886796,5,0,discount
0.22775325801825042,0.9413439770471609,0.07675713797630314,0.5868792060340806,19,1,counter_offer
0.3571617191941492,0.21947342922809088,0.07395817879118001,0.15455037499955737,4,0,hold_price
0.11721837036566785,0.10010542876721051,0.5287320580570352,0.5238483454600119,12,0,counter_offer
0.48269733329346465,0.7853375514877494,0.14986777148932837,0.432729298126755,17,0,hold_price
0.13029879281982393,0.994861403638609,0.3068328453671632,0.5563569758391642,8,0,counter_offer
0.13979389680477067,0.8636000698541542,0.28213741284415844,0.44438892806635416,3,0,counter_offer
0.4365422872509712,0.023697402118734723,0.35000927686874217,0.296911366634488,19,1,hold_price
0.46066223486386904,0.251263550706466,0.22386928631413194,0.24808227811866063,14,0,hold_price
0.14546633338548565,0.04334227704126392,0.23312733514402306,0.4976396920569853,21,1,counter_offer
0.2614103996786726,0.8207793770411665,0.5103502696833694,0.5042180836380866,16,0,counter_offer
0.38007270705327345,0.5814069762923163,0.5383586775892997,0.3533423506724104,17,0,discount
0.4452645802148607,0.5137185411670538,0.2903425917987334,0.42127459595098726,14,0,hold_price
0.22057371276678733,0.5544498819965276,0.16349648518790544,0.27771452168413935,16,0,hold_price
0.28265876908224313,0.25245125869659113,0.31346545988084684,0.131022784009017,10,0,discount
0.3837723847338807,0.6016383691388628,0.09806649600430303,0.029988287355749408,22,0,discount
0.37901118949375795,0.030666978464029993,0.32536947335752436,0.39222322936056153,19,1,hold_price
0.4023320585117382,0.6460117239708396,0.5531202617668072,0.4015278195885184,5,0,discount
0.3064702183886869,0.7344338301788308,0.21698680184121738,0.3991581370253002,22,0,hold_price
0.09707679356214885,0.6730262637118272,0.6626311631228375,0.3374444793100832,5,0,counter_offer
0.456787980895118,0.33211751831222025,0.2877519377213056,0.20544051683268494,16,0,discount
0.4395076426944627,0.8262629151275427,0.38734048871242943,0.14522198444475623,22,0,bonus
0.4091438461182499,0.7155439971174821,0.4224415081869711,0.039422894949235586,10,0,bonus
0.09493811472232827,0.12829732292427787,0.2588816742899355,0.08880523970407683,4,0,hold_price
0.14197881518664313,0.19514422053831504,0.09102700194312113,0.376978910588974,23,0,counter_offer
0.38462016429844337,0.6371084131782386,0.22389133264646213,0.46084280732388005,19,1,hold_price
0.0604130425618759,0.28941613355602613,0.3176633428173961,0.5445737025817119,10,0,bonus
0.4906510851682758,0.11943294144623695,0.5378690276018012,0.05035005686365277,23,0,discount
0.21971510616005635,0.1549689931498922,0.19765671934395637,0.4884157428317775,2,0,counter_offer
0.3736906401608706,0.16561718054040064,0.31080987002957816,0.3584518671835886,12,0,counter_offer
0.4494069898196195,0.4777909068183822,0.4839243141789551,0.18078983194532103,4,0,discount
0.22758344966753702,0.6073854534294973,0.25052088323952726,0.4354756470741325,4,0,counter_offer
0.1936096198698497,0.17640227485441495,0.6027055473606693,0.5936124198503598,8,0,counter_offer
0.323933508004211,0.7124966103632211,0.1994123421772935,0.22765058482102457,13,0,discount
0.3114452181866228,0.28101260750152846,0.07598994398127672,0.37646274596139756,4,0,hold_price
0.2341129899311587,0.31155813839396085,0.2868153649148439,0.15649955965517096,12,0,hold_price
0.3207986401404688,0.22349862107410756,0.14938553914911817,0.12301684776377991,18,1,hold_price
0.47092161630492263,0.785206135943191,0.1275190322041304,0.08947876614645993,3,0,discount
0.26043811548196844,0.959813832936877,0.29017399655932447,0.019292165152001828,0,0,discount
0.1385339813377841,0.4924998486780927,0.24243347825161396,0.43428627709417156,17,0,counter_offer
0.21974269229735177,0.0420306414319922,0.6014712524474963,0.08757537834457138,9,0,discount
0.22734814216690336,0.26056931642547587,0.11003897435344119,0.40576376061727754,4,0,hold_price
0.10899891186179894,0.15805029111884605,0.12780660626110243,0.5217653249113827,21,1,counter_offer
0.12329217524954972,0.8427622848520179,0.4573434855779476,0.507959777100585,10,0,counter_offer
0.35805293302715474,0.08485398743320516,0.09173105949618608,0.17937901896797473,2,0,hold_price
0.20276498939400622,0.9664762406883838,0.3304622431747795,0.07464371778680852,7,0,discount
0.4797042763351134,0.588513776624626,0.10024286350232157,0.265838689934013,13,0,hold_price
0.15961853541137333,0.5177397870741632,0.4423558569430657,0.10877352509589873,6,0,discount
0.09451602729717004,0.8473506224191868,0.20074287124554305,0.22410473843039155,22,0,counter_offer
0.38907705335011605,0.02754762129145616,0.19490918505240296,0.3412928213807977,15,0,hold_price
0.44646622336304154,0.7771527494070096,0.2083285222732318,0.3866081765686793,1,0,discount
0.17515101059216953,0.11660404556851656,0.2513636761060478,0.13099425521326144,8,0,hold_price
0.14093964574046508,0.8407780989404321,0.08210479097259525,0.13637766628316397,8,0,hold_price
0.13359476069198922,0.5291762192378618,0.1670389716606415,0.5195804587528227,3,0,counter_offer
0.28490553561493054,0.06112940236009179,0.061915704100637646,0.5669326525169737,0,0,counter_offer
0.26078748856104694,0.8332450388013244,0.10649354702796268,0.38546764704090375,2,0,hold_price
0.1667479279345404,0.027314117071251642,0.20909689550329968,0.3340939213185028,16,0,counter_offer
0.07032790264524189,0.1383706928936035,0.21326781941017114,0.3948439529422031,5,0,counter_offer
0.26667110314682635,0.7978245238266289,0.5638655359195174,0.07717228438607966,10,0,bonus
0.48169955643602375,0.464871123857891,0.09159116969506483,0.5382234248145503,3,0,hold_price
0.3436336403386985,0.8813887043548337,0.5756369476846198,0.12515740150174784,22,0,bonus
0.2729779504828783,0.6354292727910835,0.2854023625482064,0.4018083657656563,23,0,hold_price
0.09981143331332726,0.623528754370408,0.46317459326358745,0.13318239956537445,16,0,hold_price
0.16359633074731428,0.29223510613201487,0.25869624899603366,0.4234749199987515,7,0,counter_offer
0.18264827730854422,0.13368052355173354,0.5124265643807335,0.4520602886251862,14,0,counter_offer
0.39416159867325545,0.9611723908966826,0.4238805354720642,0.4446275815489782,9,0,hold_price
0.4445198587690787,0.10479768914339516,0.20703468391441118,0.2572191147200798,21,1,hold_price
0.4557388341048973,0.5290106000735676,0.07533473007870739,0.36421951289198984,14,0,hold_price
0.4930558737128393,0.27256859083478024,0.045001011000035576,0.3587931846883969,3,0,hold_price
0.4920650073970396,0.2641406635814547,0.28563442794737154,0.43218771229019476,2,0,hold_price
0.47884960974559165,0.5945862193028131,0.1844177212083073,0.29940051924511973,18,1,hold_price
0.08231996322629798,0.7979341171788689,0.360446553215484,0.30437622633337896,17,0,counter_offer
0.11200709116751234,0.7771794828312787,0.6065463528288327,0.41064507904957687,17,0,counter_offer
0.1870099369142148,0.8688016891935535,0.3668148058396769,0.102090544894752,7,0,bonus
0.29880421432900767,0.2929027379123671,0.11077707885254409,0.39148789854404725,16,0,hold_price
0.09364004991746569,0.4657513817150738,0.15432117466279938,0.0889385801501956,6,0,hold_price
0.43060863101096414,0.009334573220024955,0.2705181676887183,0.4349010096781119,15,0,hold_price
0.32754028058478907,0.7468576231363655,0.48490976529630275,0.23334786902124388,7,0,discount
0.29406398103599224,0.30234311214228304,0.27086397581341276,0.5037496285660527,2,0,hold_price
0.12439009551528102,0.5614935332701865,0.45279648197288624,0.05304712598614764,19,1,discount
0.16396496348008882,0.1693002820194507,0.09884083288568694,0.27631407509657774,19,1,hold_price
0.12214041124201613,0.8193995071343285,0.17173359919003953,0.1003304653042502,18,1,hold_price
0.43336992100765936,0.8172722192782778,0.5041775232171546,0.5213179168943237,15,0,hold_price
0.31290253702754817,0.8774529147529555,0.19285452086060095,0.07514880633273195,15,0,discount
0.38080824238383504,0.04593699710672283,0.30617825485211586,0.2911171679458273,18,1,hold_price
0.1832147883095116,0.9924587097750137,0.49566757507794335,0.06315073724159714,13,0,bonus
0.21706368668972476,0.24777941443969453,0.1596262024549514,0.4786274723362016,21,1,counter_offer
0.23218473399194023,0.30943368604734944,0.2079484828459772,0.16922374546503807,18,1,hold_price
0.39200673728481567,0.2493357291904461,0.12219107932065967,0.3564355180266593,13,0,hold_price
0.3975588444535556,0.2675326983665324,0.2676446349208155,0.10208621858967215,14,0,discount
0.14306608738131427,0.5526613561036466,0.17686963124112146,0.2109635282500406,22,0,hold_price
0.47369248553214455,0.23981054430377957,0.4218756906138857,0.06821830370308708,12,0,discount
0.10429490184965888,0.3937713114004048,0.3078096231392809,0.33049863176788347,2,0,counter_offer
0.45325493709063364,0.6556065824432153,0.26802681269974854,0.0020718642453169565,20,1,discount
0.09517804054241419,0.8360262035777268,0.21944689194334735,0.5958428947947264,0,0,counter_offer
0.16904291501809,0.6927415002668795,0.08284120292082507,0.24976731763448262,5,0,hold_price
0.4309153412305806,0.5943228447873232,0.41223225617662823,0.3776683182445156,7,0,discount
0.13077143255573936,0.1477285625410687,0.30375548576517003,0.17206860271469263,0,0,hold_price
0.23610556908948643,0.8161156015412826,0.2091399786040403,0.15194889711192072,5,0,discount
0.25243668497485683,0.037274887993038686,0.32186841558357104,0.5076809610788764,4,0,counter_offer
0.16036653786044436,0.2641916632353021,0.14266830273626077,0.4549097326831753,13,0,counter_offer
0.36961034060119397,0.05705891693196119,0.31591216479138834,0.38597521665433626,21,1,hold_price
0.43310059223099173,0.6674289755844626,0.4883246996783217,0.4513829447556252,6,0,hold_price
0.4435588129350073,0.3683710825935145,0.27338371779715537,0.10518789178688326,9,0,discount
0.20269496558145245,0.6520484832048667,0.21345776918260814,0.5604553483115544,16,0,counter_offer
0.2888826774295165,0.3470309593035903,0.2288124136983976,0.27284729407716957,16,0,hold_price
0.1617828817395432,0.4557407307994942,0.52004499380823,0.5212270006982319,22,0,counter_offer
0.16015842569756544,0.45796101016618085,0.15751520344471243,0.4416341527606087,12,0,counter_offer
0.12256432828336586,0.0455806536675446,0.22039424949122338,0.1715527528632287,18,1,hold_price
0.4730085548633816,0.43022652634600356,0.2697092908931367,0.3415901394883022,20,1,hold_price
0.449594972872511,0.6410643631152027,0.055075883388296706,0.5799874789634544,10,0,hold_price
0.39981142099746153,0.5460522460754338,0.22815626711167622,0.02225288288247602,20,1,discount
0.28294768457947805,0.07528376627828726,0.49324178107137956,0.25588903798735,23,0,hold_price
0.27077356198034236,0.6680559856867488,0.058693319426531096,0.3723237581489683,2,0,hold_price
0.2883855497821241,0.30886275491526094,0.1519110450798115,0.20393763626411968,18,1,hold_price
0.2914556061096902,0.014434802779022093,0.17025196308459448,0.19074965858627901,14,0,hold_price
0.24555338811396066,0.15559555708424522,0.13222162081554606,0.4492149784646588,19,1,counter_offer
0.10928967480143037,0.4975596573165595,0.1265990307260882,0.5497961367097576,13,0,counter_offer
0.1065487337908412,0.31040165903006867,0.1814958287787642,0.32257699925891237,4,0,counter_offer
0.4785123721305575,0.6943830137535508,0.509706846642888,0.5689258420094883,10,0,hold_price
0.26691384181385774,0.24065347556576444,0.11059306682104764,0.060767218503349096,16,0,hold_price
0.47894248620733504,0.7727961684751686,0.11442476070224526,0.13648222276440589,21,1,hold_price
0.1236095949695495,0.28647718139397993,0.1636381882792197,0.052627166784281164,1,0,hold_price
0.2994874484179701,0.6208637075844157,0.6168401061338583,0.26132057101481976,4,0,discount
0.14347276400819264,0.7992163802511801,0.33566907711153376,0.37602883158985373,5,0,counter_offer
0.1639330727569707,0.3855561286437489,0.31021856020754907,0.12028315233236554,14,0,hold_price
0.06352456044253045,0.04680494181547046,0.49274453698995757,0.2691232091468121,0,0,counter_offer
0.1035289898330951,0.5354455210588809,0.17821091548109383,0.41063675701017427,22,0,counter_offer
0.46258178343313805,0.9954090615445003,0.22420128589997346,0.3836923651480284,16,0,discount
0.19468984616704926,0.9689918663769136,0.0433105888082832,0.37756916895808157,21,1,counter_offer
0.32365814536156623,0.22102219394416822,0.2736989574803311,0.36361935934160117,0,0,hold_price
0.25925635939517283,0.7556965094242524,0.24152976441601995,0.5919661927103621,6,0,counter_offer
0.23020306036037524,0.34495183182006595,0.4269805005606506,0.4283529016908418,10,0,counter_offer
0.28934874110573067,0.16027248018309148,0.11775465192984924,0.5446038002610708,18,1,counter_offer
0.1342575250769037,0.6659147006024932,0.5928979143451237,0.5710381278684319,15,0,counter_offer
0.4948717543338094,0.500868729526769,0.630365327357777,0.5158072942944513,10,0,hold_price
0.41823854091673834,0.5392305576556773,0.18808117131422317,0.057100854768247555,7,0,discount
0.38372658472918186,0.8273926622355084,0.0648500340667907,0.317546711710827,7,0,hold_price
0.2609416836562786,0.33654367588742307,0.2202337103291233,0.22890748882655565,8,0,hold_price
0.1187947049568512,0.667094759555663,0.4566045693186454,0.05824107455830552,16,0,bonus
0.46429963622310555,0.3661914669626253,0.5374756258501461,0.3385253774073635,20,1,hold_price
0.20362418032177743,0.04272389658042919,0.48259847592809957,0.12769471675101896,11,0,hold_price
0.0725480103636202,0.3780151073363489,0.5242788242692707,0.34904232960415615,21,1,counter_offer
0.2040816545647829,0.9500344632041346,0.10753076875998178,0.49043333346274043,7,0,counter_offer
0.40750566372314795,0.48326248208841704,0.08088807830656776,0.23630283982745093,20,1,hold_price
0.33021893524469365,0.10823043683686817,0.13301000448451394,0.5698971433816868,0,0,hold_price
0.38787736313518684,0.6878268293762259,0.42869213425948055,0.45988111525235653,17,0,hold_price
0.4071359227380698,0.9633793497185212,0.4568720712344079,0.48256925133508427,22,0,hold_price
0.14537957498624415,0.9079452465442571,0.42242886748609043,0.06737483313021062,6,0,bonus
0.4657024922419311,0.5719608378081387,0.2689008356815717,0.5651238500425868,16,0,hold_price
0.24709532131416767,0.3762807443485312,0.06580138990881719,0.02071749890703718,1,0,discount
0.3375561421688741,0.5806776685092404,0.16234919219463478,0.5063371223325001,20,1,hold_price
0.051038947664033905,0.8159310621992495,0.40547569840120284,0.017790397751882136,11,0,bonus
0.4970158242850301,0.8612373420184543,0.13752843751371507,0.09747446087676516,10,0,discount
0.17640337368386982,0.8188438849424412,0.19911623382564622,0.1892070566349079,22,0,bonus
0.07792839794306985,0.4554763784417377,0.3872379611533753,0.44265634050307223,22,0,hold_price
0.2562179186914313,0.11885798957022997,0.3339218149172397,0.5396522496136893,5,0,counter_offer
0.1080635257319188,0.5691734267387764,0.33012662004530063,0.3998992580459923,23,0,counter_offer
0.11854701957090907,0.15642882803336522,0.3317891740240134,0.4366611306242885,5,0,counter_offer
0.33452726586359455,0.06095833389785599,0.3199816547508863,0.17386369543925398,19,1,hold_price
0.226817326206605,0.4986678334288609,0.4056671602716234,0.5852259052945389,18,1,counter_offer
0.46483360256974776,0.655373450046628,0.14944844412479077,0.2446405307977926,12,0,discount
0.19362042257363155,0.854147306406393,0.25002190814403163,0.5477482821744137,14,0,counter_offer
0.3767810577727555,0.7828355539543036,0.13560485553494078,0.4675525648969477,9,0,hold_price
0.2574947435697084,0.8572405127565482,0.05006975271647322,0.22035993317467684,9,0,hold_price
0.34697808550817544,0.7600687708208905,0.2573534333946346,0.20588115523596612,12,0,discount
0.3198629105221957,0.7032393969061393,0.878343349584274,0.40768860294980686,20,1,hold_price
0.2627527877415492,0.010137569140699632,0.27455078329184995,0.5642827800222393,11,0,counter_offer
0.4775274925809967,0.6261023118092105,0.17830952442245063,0.4034066775841431,13,0,hold_price
0.20422113923973012,0.12048180413911769,0.15636620977292054,0.5144562166580063,16,0,counter_offer
0.12975597556217267,0.05866713233254106,0.5765919601893468,0.5797696898271105,22,0,counter_offer
0.3551423273959227,0.1564121521056554,0.21467694959654748,0.1980015773626708,20,1,counter_offer
0.43070340258855894,0.8232921614417502,0.4537160195472623,0.32309491502618504,8,0,discount
0.0681141829729657,0.7438493931000214,0.21433100913971137,0.36546488259908316,20,1,counter_offer
0.2523347097902063,0.9487724052052123,0.07728973467103871,0.13030599340502017,10,0,discount
0.45161946035929684,0.9789762586504105,0.4142854188621554,0.47852926029326004,2,0,hold_price
0.3873283785152904,0.8932839863739821,0.1302312753954063,0.1570548626673865,1,0,discount
0.4963134724239327,0.13292605097699917,0.09194210690677475,0.42412478577550744,4,0,hold_price
0.2891362152187597,0.8783827409249804,0.2863396057965879,0.3142945239884097,8,0,hold_price
0.3469980734605181,0.8386371347886453,0.28236168403392836,0.5020026304003918,9,0,bonus
0.18611612651206766,0.8710858598596973,0.2811229406781638,0.30693303695383717,4,0,hold_price
0.47639101984969656,0.15168561711649142,0.32312281217083644,0.3520003814639354,4,0,hold_price
0.21485096985044133,0.11679182777331754,0.2080018594189487,0.10864340035722102,0,0,hold_price
0.38232982070898286,0.9238088795840816,0.35360191254144385,0.48491205644991064,21,1,hold_price
0.23141309185358688,0.17382664913450452,0.15940661099539966,0.2412746199015875,6,0,hold_price
0.3028185185283497,0.3686217310426012,0.39701019910311425,0.34784668718755923,15,0,hold_price
0.3739021407596958,0.45598484949406026,0.5099177854427456,0.5076352596783101,11,0,hold_price
0.27902036828810944,0.12444252782956444,0.26243848456444735,0.2876334906630565,8,0,hold_price
0.4581888471092788,0.02063428803254741,0.4307300867827465,0.16467878657124782,5,0,discount
0.23868544456751462,0.9940904697671161,0.24671785302435303,0.15924445498643805,1,0,discount
0.3411823091644963,0.8766572448349611,0.33948987987408313,0.3397956041911151,2,0,discount
0.20406309498502434,0.9123379293506373,0.38392719865260105,0.17472243337351295,16,0,discount
0.2336705007039559,0.2845630692721185,0.09255571229044503,0.203129954659054,10,0,hold_price
0.2480225487050986,0.22010157274543907,0.48238346897037776,0.14088309735148344,23,0,discount
0.10661315824052836,0.4258665581754266,0.3735477854944829,0.26777210124160583,3,0,counter_offer
0.09127565557655301,0.45331936897800684,0.09827155589694414,0.2796493148334049,22,0,hold_price
0.35037046541604105,0.005599438864240636,0.12458734456647273,0.3155523070301359,2,0,bonus
0.3449829822543735,0.7792531125598329,0.229271052806,0.35571276006063024,17,0,hold_price
0.3483093713945429,0.9966670381420173,0.20361840784282198,0.3527429980247178,23,0,hold_price
0.058894900404211255,0.5286908701020894,0.42881335666870163,0.22035113443045976,3,0,counter_offer
0.19694607920230095,0.38825869501245125,0.26622903990371294,0.540407435125884,11,0,counter_offer
0.13901443126663862,0.3927518932212033,0.24853781935173613,0.30699391560301337,22,0,counter_offer
0.40016814014480556,0.09607713217210068,0.11807520636109248,0.49926967791466204,19,1,hold_price
0.43728368062825856,0.26616181836401176,0.1003157393665535,0.33442721446358675,5,0,hold_price
0.1610061697517663,0.5021327886346312,0.12829801146509073,0.22236791814651774,4,0,hold_price
0.35053212148159385,0.43184800113469735,0.16399520444949092,0.4431888212654309,8,0,hold_price
0.1082132615562235,0.5450347457431102,0.1543287109161637,0.1061760494811144,11,0,counter_offer
0.173818636520771,0.8490656486374066,0.2779271909616785,0.5818081920816431,7,0,counter_offer
0.1123945233050388,0.22524230269961198,0.26882526392614,0.34338153647489683,2,0,counter_offer
0.17758434496965314,0.027664180906311953,0.5469990621020592,0.062499401546228905,11,0,discount
0.3536314463071751,0.038225445282740744,0.024719404198557542,0.2528149589432634,9,0,hold_price
0.45964710958336363,0.13416880530685837,0.032142463590043004,0.42752294981868316,7,0,hold_price
0.1411350835658837,0.5704829848044025,0.14770912598556069,0.040865830491904974,19,1,hold_price
0.29393556572782364,0.8081848100379248,0.14830321053678286,0.15682827722975337,6,0,discount
0.3656259955595445,0.8868059392806316,0.584554578136325,0.5546244996071897,21,1,hold_price
0.4788151108185046,0.6351132019749712,0.31326436221912424,0.21372178867750236,0,0,discount
0.32452721729922823,0.40314325245089344,0.19575046497235027,0.09549757702352661,12,0,discount
0.16479811896232133,0.15451470815614743,0.26702794110656647,0.059029617512089017,22,0,hold_price
0.33146517061127134,0.40141833944347904,0.42858451392396985,0.3714375924448968,6,0,hold_price
0.19422102275510728,0.33241513390778354,0.23623276884106223,0.3348798786069121,15,0,hold_price
0.4892577758112685,0.8700258808571377,0.42212638377880385,0.3886449778680343,17,0,discount
0.22985426082363658,0.4867193774106072,0.22369882845145111,0.5748220550202834,8,0,counter_offer
0.3584424743424564,0.22619589995452882,0.31622864275342205,0.0360709581869203,15,0,discount
0.06045241205604132,0.2888010668157799,0.36016543116849414,0.11860261090870096,15,0,counter_offer
0.2300276507606399,0.136470164542689,0.31238551133682746,0.1402945944818033,11,0,hold_price
0.44379842599513025,0.9185854490691312,0.044002565749631385,0.25625332165694964,9,0,discount
0.3246023499949606,0.05034584623646854,0.2991286609014368,0.07261580394685564,11,0,hold_price
0.24977429887818936,0.012846248555894224,0.13164111102898693,0.24592195338549896,3,0,hold_price
0.47117187474607664,0.18298893352686874,0.14215331612418083,0.48971677723347073,11,0,hold_price
0.4342929692662531,0.8108740179106257,0.18759574857518077,0.09819469645036871,7,0,discount
0.19499705322032224,0.5234667866310813,0.2201945745725557,0.549948279826051,8,0,counter_offer
0.2950467809186028,0.6258432873769864,0.37120810625159517,0.5467520490386205,5,0,counter_offer
0.2704209152416082,0.3577316754157348,0.08893897194076761,0.3077923383575501,12,0,hold_price
0.33449112505168804,0.06867798554917004,0.4909502604773053,0.5160945348417451,0,0,hold_price
0.20035007013144002,0.8561581624921681,0.27743023803662825,0.4269004889343701,1,0,counter_offer
0.1598922503446497,0.19189427212540744,0.36358827827598755,0.21404307296636843,5,0,hold_price
0.4607023258649912,0.033059200545114686,0.0757075517383816,0.3370508990339738,13,0,hold_price
0.46574352477432784,0.5727041359331937,0.0890711184269666,0.06996993331436714,6,0,discount
0.42949529859289054,0.08328922038460107,0.25522184732587766,0.29745742361928884,11,0,hold_price
0.4901919938440526,0.09576185185983421,0.7967371234477475,0.497987431931981,3,0,hold_price
0.38524618660085985,0.8003770314825251,0.47589569235351364,0.35114399861551293,10,0,discount
0.39410025285289985,0.4916095893179955,0.6513053065753677,0.22921836820012784,10,0,discount
0.3931655413831883,0.241508452247143,0.2991666660942338,0.3981357845619268,7,0,hold_price
0.26627343392403796,0.34862642335951877,0.047248723857176336,0.5861132662328472,1,0,counter_offer
0.2554034875314223,0.7292409788431715,0.15117663023253267,0.04048891757287534,14,0,discount
0.15810182426705144,0.06635414475660184,0.15442452516646943,0.19821859344882767,4,0,hold_price
0.3401686374616807,0.11648061593320991,0.21690229501980549,0.09356355686564123,11,0,hold_price
0.18019406124605053,0.6162620349905696,0.37267332660894115,0.5741685104836229,17,0,counter_offer
0.16601378436605949,0.6069717344671073,0.17247124140031872,0.3275411205839065,2,0,counter_offer
0.31368261834322464,0.9724621845353718,0.20345217716954062,0.07780148044841755,16,0,discount
0.23449207470126943,0.3745494812554496,0.48992555676449234,0.36730203509083814,8,0,hold_price
0.1484854739575845,0.06507762717751586,0.45332592330956606,0.3002521139834366,12,0,counter_offer
0.417225207538774,0.5375374348496279,0.33855632672420677,0.035592281573474625,1,0,discount
0.4372564636824692,0.6383468117617903,0.4200488613301681,0.5187087983312357,11,0,hold_price
0.12546478385500143,0.13960278578624907,0.300636611623187,0.4255177574273435,9,0,counter_offer
0.053378164759999944,0.5528619735351967,0.5616821855185281,0.003143277196957461,4,0,bonus
0.2012584858382182,0.1977671216582646,0.1955898650027041,0.5758033511621448,12,0,counter_offer
0.40887987605633863,0.8447300578810684,0.3431345247528067,0.09556088177510533,15,0,discount
0.427628239805446,0.8351614957838297,0.3157089355926338,0.0001572042486362335,9,0,discount
0.11224808155222216,0.4296290959984418,0.28670974865214194,0.25636293275886524,15,0,counter_offer
0.39845115553237304,0.966743190512804,0.28056288983775873,0.08446947923362354,8,0,discount
0.10206687528924326,0.9797738744497416,0.4719309469067844,0.3420887573913724,19,1,counter_offer
0.22552816557043814,0.1292510889476195,0.1925332075205992,0.18685776911588176,6,0,hold_price
0.49937428175536214,0.36771380483246763,0.18988323379541733,0.11110685193255655,19,1,hold_price
0.13666587045390943,0.6003214700466446,0.4494061248075322,0.5912069840771237,9,0,counter_offer
0.1192836121599319,0.08483780958144438,0.34696564881281106,0.19963740970193214,13,0,hold_price
0.24026014964605708,0.38265550381413704,0.41519992275460976,0.24883995883478127,1,0,discount
0.32885083668643766,0.26117208401659076,0.1265708318032675,0.176544083263828,1,0,hold_price
0.46980535208596397,0.9520502209667041,0.09830450147576121,0.5021921886747903,23,0,hold_price
0.4913695154898654,0.4115858228314705,0.36768199331327517,0.11807044664112173,0,0,discount
0.08133828646612759,0.7626708585475125,0.14330785691526207,0.07659451677063353,13,0,hold_price
0.1120988828065574,0.38670536351217377,0.2685676380409118,0.5288746555740336,10,0,counter_offer
0.4058320882531972,0.13181207041883547,0.47244710278459834,0.1100158598850652,15,0,discount
0.17178446852188722,0.8631515301608474,0.2742050122928545,0.5147628050493257,0,0,counter_offer
0.44818207677786226,0.00041691690310385887,0.1657667815926979,0.3469066566938011,4,0,hold_price
0.34855396575308906,0.05594087397445002,0.2723472500133265,0.4940230243547002,8,0,hold_price
0.10033016107130474,0.36438440589704324,0.5357381964107332,0.042094842044313394,22,0,discount
0.4246381782158032,0.6868982555187365,0.29146398730589146,0.5781725457044471,8,0,hold_price
0.12936037100363412,0.34170429529077573,0.02936412056624483,0.1798576248889121,13,0,hold_price
0.2405729276058442,0.06631281762097496,0.21234614949574468,0.0351761681976968,13,0,hold_price
0.2984832178516985,0.3178400337341488,0.2673323311006723,0.4589314760378614,9,0,hold_price
0.2753447670861252,0.2449808589901623,0.42462812148291823,0.1070722438857474,19,1,hold_price
0.35877331202681767,0.005419799818197957,0.32528936838010036,0.21066712484445052,17,0,hold_price
0.3437090306911648,0.5348019131804018,0.3513686597234353,0.3567937566586739,10,0,hold_price
0.4964189024876247,0.11664591474418606,0.315779894128176,0.04116983559598839,7,0,discount
0.49973985915088454,0.2874962887966661,0.11826155152499622,0.12116013291974592,6,0,hold_price
0.28240673118603843,0.6411898302224145,0.11684340742143355,0.2934433398133379,22,0,hold_price
0.0928395891323888,0.7251156888229772,0.2401488966382468,0.25314178222736505,3,0,counter_offer
0.3775294845359233,0.26345562685602253,0.060254950451089896,0.3345440334634347,4,0,hold_price
0.4894988351974651,0.329193671065234,0.3028238158046009,0.43717971314806375,6,0,hold_price
0.19324687443305916,0.24690923812746524,0.1702942375795785,0.21179536348984457,19,1,hold_price
0.25754399862690824,0.9568886003161919,0.08315420980517844,0.2426434166663672,16,0,hold_price
0.24114961616695518,0.19051972698740283,0.39814175938180424,0.16342881704881956,23,0,hold_price
0.07313861955061822,0.18318060363367628,0.10873776180309823,0.20381820325536718,17,0,counter_offer
0.35251899405055015,0.445035295831532,0.36755581628800515,0.030617503807040355,11,0,discount
0.2090019627808105,0.18930635920056915,0.5599785526289521,0.34807447958363386,0,0,hold_price
0.404358743584176,0.15670845628560814,0.13940267563998912,0.10366723524361987,21,1,hold_price
0.42445403387689373,0.09587953770108548,0.17151015746222883,0.42977204267126035,16,0,hold_price
0.41955385396903044,0.6401712481082494,0.1266281409310421,0.025316079742781095,1,0,discount
0.23749969911794605,0.612082254901896,0.4269815638238557,0.03592556342993445,23,0,bonus
0.1946955570084048,0.6501628918779663,0.2933374295221982,0.1708136595316253,14,0,discount
0.3869693508501747,0.7733000080093962,0.16557980426109745,0.2630425470578894,14,0,discount
0.41062524522922533,0.3263580127925758,0.45685835621397203,0.41616501127248884,8,0,discount
0.2710658508761148,0.9184237336119215,0.22315458117297257,0.41531004323559434,7,0,hold_price
0.45186395879133634,0.733204611068756,0.1262591929024317,0.5840274507625689,8,0,hold_price
0.11475891323535123,0.8047085885811869,0.23048046836055355,0.21098669197133407,1,0,discount
0.44558095084653204,0.7209621638267112,0.20089917118752113,0.03561058003130559,10,0,discount
0.09324285483734657,0.3584556454325618,0.06705244435617377,0.5167586346441877,1,0,counter_offer
0.11908648492457626,0.2830324880626349,0.053280359825654024,0.43838260080331704,14,0,counter_offer
0.2902280059732822,0.42251706957901414,0.06783606129627302,0.04087315589949263,4,0,discount
0.08038331608433677,0.09703036053335845,0.08316135153923615,0.05000306335103453,14,0,hold_price
0.07376319563004967,0.4512805015659471,0.3154069364589967,0.28598158477769714,8,0,counter_offer
0.05023343487456749,0.04314098309523984,0.15432525402451314,0.20498697027612175,6,0,counter_offer
0.24634249686241844,0.003945960027194495,0.1466135991875668,0.35782322814962203,3,0,hold_price
0.3985807465815034,0.9314989394746928,0.11329538810102799,0.13149654866039198,9,0,discount
0.06567725762596205,0.6893368605878929,0.2959821763952768,0.5756034747688553,1,0,counter_offer
0.34351592290963495,0.5618469470659689,0.33850132457685406,0.3072810298650227,5,0,discount
0.4204072928372839,0.34110203942305783,0.3754605891283696,0.4504313009461131,11,0,hold_price
0.12560038186004202,0.5705380146850741,0.4305249248680271,0.0754706857665756,15,0,discount
0.11608868066963192,0.8915757763383317,0.5041680691787267,0.37015502497953445,11,0,counter_offer
0.43736043812924125,0.6523801339438646,0.10054863682851005,0.5191078742697246,2,0,hold_price
0.42040607447754264,0.6024819979535042,0.5330942449017426,0.01379437940644077,17,0,bonus
0.29252379481888413,0.46020450297167803,0.14193441064243284,0.32399171721670583,10,0,hold_price
0.4186399456822911,0.345697030650858,0.3220091822743433,0.14805697432174414,15,0,discount
0.09174023484102264,0.6985471139217118,0.24638314545829826,0.2870332785868999,23,0,counter_offer
0.2275166830724395,0.9809809410158142,0.04029442505418702,0.48959707773100625,1,0,counter_offer
0.38200890024786777,0.4247576935205901,0.557533225979899,0.41404241956431714,23,0,hold_price
0.1658533816957835,0.3922052040142008,0.5551684293630541,0.4526994778799394,22,0,counter_offer
0.38854801149509877,0.4281134723650425,0.22307709449929997,0.12700971117458787,12,0,discount
0.27688037197586624,0.4255439680497215,0.6570315191135752,0.4995119575049067,0,0,counter_offer
0.38761969457670487,0.9906247733684951,0.2602301764803832,0.3683952696697888,5,0,discount
0.2591058370357983,0.7067782575093406,0.36378915044262183,0.04158127041640056,5,0,bonus
0.21555695309981793,0.35918444921059167,0.3283718375256272,0.5176256093306505,14,0,counter_offer
0.14863514741538456,0.3715023738267226,0.43897934063785327,0.033453144266649026,16,0,discount
0.14377070364575678,0.43079692474405573,0.43932932531508573,0.017262371281071064,11,0,discount
0.3881708647571282,0.036712187580449696,0.5077036071698809,0.5002483065271041,8,0,hold_price
0.10350965661528222,0.52781640202125,0.20379459893804994,0.007814223935636532,1,0,discount
0.08869205754992532,0.8113809515227647,0.21709526927982037,0.053060456583681144,22,0,discount
0.12933111425995858,0.6605677932075106,0.7679850447783093,0.010171801017359993,23,0,bonus
0.12890593015426485,0.1984208467615416,0.5314093068599575,0.5281672455124932,0,0,counter_offer
0.42039843026310486,0.7280342413783699,0.7455634462748377,0.026817293082800186,7,0,bonus
0.2293279805633956,0.7194586063320303,0.0428061881082898,0.2236078886904634,23,0,hold_price
0.49567480581221707,0.26253921564899707,0.2436538907636364,0.13019542196213266,9,0,discount
0.11174506600577558,0.6228746568569351,0.199441653290554,0.20499660770277187,14,0,counter_offer
0.3440929215621395,0.6109490331219362,0.538007642934749,0.17435556867958463,12,0,bonus
0.2519282782405628,0.8397876238561816,0.34615110054329806,0.5327230354744631,15,0,counter_offer
0.2268131795136833,0.13607231183344126,0.32263459146619317,0.4612233333920234,21,1,counter_offer
0.443787889574337,0.19483850451152274,0.2773002234858105,0.5310101255373441,9,0,hold_price
0.4890180406227798,0.48596950376780523,0.28487159569543846,0.43202556930590147,19,1,hold_price
0.4427865314483804,0.04414514889230703,0.12886986652236765,0.19820885412646355,10,0,hold_price
0.13653530556580987,0.41559419760170657,0.15845139508295994,0.11150707173378167,4,0,hold_price
0.14935906454402031,0.7882190419997233,0.2950694321668555,0.3178676882363915,1,0,counter_offer
0.3452332455927785,0.14871439398399822,0.36812003135056276,0.21400101250025963,17,0,hold_price
0.1800876117371863,0.4599487369365248,0.19978787295066985,0.3860477987274326,14,0,counter_offer
0.3806263088512609,0.9897692333824446,0.6468947639793213,0.023359555266413,20,1,bonus
0.3048892928643401,0.5059200134248644,0.2862281732536713,0.4277892173053795,5,0,hold_price
0.29790894582068134,0.49832382412209053,0.053555324066035706,0.17973550619867826,17,0,hold_price
0.4228461161774536,0.5587935837241681,0.4668036783261629,0.2773443028212068,0,0,discount
0.369739747284205,0.1860043703327412,0.4259550126770958,0.5871683734603748,3,0,hold_price
0.061959994248781264,0.14716388268594427,0.38861424063505734,0.12934526676630767,14,0,counter_offer
0.07225661171570706,0.6773546291151085,0.27167825948671953,0.0705933496379373,12,0,hold_price
0.32070130360520704,0.3957668099057702,0.2713938768791582,0.12588831650143942,14,0,discount
0.268786434030024,0.28990662821547575,0.2046742021637621,0.2109021153919734,20,1,hold_price
0.16708309490434614,0.031391619919897584,0.5353875861540183,0.32174117368279315,20,1,counter_offer
0.23839523929166073,0.8460504971784825,0.17695397721241934,0.588135741426093,4,0,counter_offer
0.3910596434297872,0.032328865844832744,0.3227279826737528,0.5219300297430637,4,0,hold_price
0.4219751680960685,0.7499831240833194,0.34068314385126897,0.4289738672559378,12,0,hold_price
0.30255038055051986,0.381988558998581,0.2698990754892009,0.43231772692133447,22,0,hold_price
0.22341626638569634,0.5986878105046501,0.33170939229023527,0.17027003785563713,16,0,discount
0.17181354267279816,0.24767800069016233,0.541197505656846,0.5567814843445689,3,0,counter_offer
0.2848633118461641,0.15539966623207313,0.13142730316743587,0.32373129649062937,15,0,hold_price
0.19163732835397146,0.5333880008349474,0.17034128081393426,0.09751237122861511,8,0,discount
0.3038428116712503,0.6956176949541436,0.2307226386330941,0.5701815096216872,2,0,counter_offer
0.35449357212933696,0.19549329494514656,0.05621878600458143,0.30391554928832354,17,0,hold_price
0.07973564491372769,0.4363589474325642,0.29974093632844845,0.09330728778621382,6,0,hold_price
0.05048035926023626,0.44465497029139567,0.2781894162256783,0.4411392997765788,18,1,counter_offer
0.14552471247833432,0.2159791490794628,0.44103031696868783,0.1402740639055942,13,0,hold_price
0.45253017397345147,0.565049446252131,0.48709803505406707,0.1126001634662226,10,0,bonus
0.34083084345285164,0.14593568678170066,0.18327640205863507,0.1605548855157218,5,0,hold_price
0.12738215837166028,0.50974917331858,0.20425864542205732,0.34696586887319036,7,0,counter_offer
0.45061878282062845,0.1134315113659995,0.2688412394007148,0.1755536757615577,8,0,hold_price
0.261480173129303,0.48554240885513744,0.4886438789495319,0.02448808425604756,16,0,discount
0.2642412905053973,0.31159905487555684,0.1307173815342962,0.2324982327528584,9,0,hold_price
0.4709938747291948,0.452246292081535,0.29786622136220947,0.14063256143802352,0,0,discount
0.07676901148250301,0.43374935944317417,0.07248996573454207,0.30686840517281905,0,0,counter_offer
0.14683022358292336,0.9079331228185928,0.05739183229994791,0.27573696220493005,6,0,counter_offer
0.31359709631962507,0.48993559995646274,0.0822576062143979,0.046849844947799424,12,0,discount
0.13796892931190186,0.8184989038768744,0.3040627767331159,0.1471884284439614,7,0,hold_price
0.355787154144031,0.22565239291171524,0.14359367771771453,0.16889056704502498,23,0,hold_price
0.1463415302015241,0.35208279463425884,0.12343263445587441,0.2908419793126408,5,0,counter_offer
0.09462063676946646,0.07508938063319093,0.1484726534134777,0.4933312996429172,9,0,counter_offer
0.14314332183837788,0.4207477948214936,0.32779021227034894,0.131161619158265,9,0,hold_price
0.240230315422428,0.668699887074931,0.4471912763015601,0.09491200309113323,6,0,bonus
0.12926223462788594,0.8381670341093962,0.32797191418917354,0.0006129465105682685,21,1,discount
0.1106114112155063,0.5659149117991552,0.13383112617256587,0.36390191350387796,6,0,counter_offer
0.43712684879852337,0.6400726695930785,0.05517508866377235,0.19538391360350027,0,0,discount
0.1941787416187885,0.17726707761694815,0.013363308636110181,0.4020932115086907,12,0,counter_offer
0.21234140893321413,0.037206038233439376,0.3741627106847443,0.41408543665475156,15,0,counter_offer
0.07487168427555244,0.791688145177316,0.12377825326500226,0.026822114619894165,10,0,discount
0.21081633057592436,0.1670382074412864,0.4422707547508604,0.25104701829305004,10,0,hold_price
0.16916322979471085,0.09116953553275242,0.6059963522901655,0.580789618416449,20,1,counter_offer
0.32471828030380484,0.9375623209065953,0.530390526833083,0.16508627824845598,8,0,bonus
0.142425633952583,0.9635213640591765,0.19443922476016456,0.317730260838272,15,0,counter_offer
0.44976445387827824,0.6162572916024947,0.4713386724805442,0.3226881423822675,20,1,bonus
0.4683499794137998,0.3786372726872934,0.21172509808565126,0.1563307544336521,9,0,discount
0.09492397572955559,0.833239540964052,0.09422592026980776,0.46755382134641027,12,0,counter_offer
0.09833133032985975,0.20471995933541243,0.4918775124637925,0.00220971806931709,9,0,discount
0.1018968971499446,0.4293923274296819,0.4759572761395326,0.13607430410150814,14,0,hold_price
0.3288061653396404,0.35701729900060175,0.1558294019750991,0.3555163641580741,13,0,hold_price
0.1048860338943303,0.9126999907416816,0.2842419631348092,0.5503762000225367,20,1,counter_offer
0.43357204306861985,0.9197774153622736,0.18904063217745548,0.005718691874364156,6,0,counter_offer
0.3894221817220516,0.6508859263236664,0.4828902685996948,0.36052071701616767,3,0,discount
0.41891398620711084,0.11074014027269186,0.1851270105523131,0.00202002781481716,10,0,discount
0.2867272370987094,0.4821927896583025,0.5043559308512275,0.37369047521555165,14,0,counter_offer
0.49850474518361904,0.24532836622405674,0.44804120375950623,0.24695724653870274,6,0,discount
0.06987879632487258,0.8849156631844819,0.31644053194818617,0.2606725791175023,23,0,counter_offer
0.230569233883751,0.1384027990162019,0.39383753797885296,0.5805057744036606,12,0,counter_offer
0.1957715010219363,0.05431027586070736,0.06572906229658024,0.40934780619281413,19,1,counter_offer
0.47689047442068844,0.7044290335500782,0.19659312210387458,0.11784877960953959,13,0,discount
0.3095874313239168,0.4532860749681529,0.37280985957563556,0.5984023289004364,9,0,counter_offer
0.41278593445012635,0.8383648876030845,0.4729494909547921,0.1540066391192129,20,1,discount
0.12665353714633348,0.07462963116931176,0.5218890757554808,0.41154409359592975,3,0,counter_offer
0.4903853647551975,0.8010761326078425,0.052798617974127306,0.4081769972676849,6,0,counter_offer
0.27438779609434183,0.037334752844158325,0.21850583010505725,0.5098350104329493,18,1,counter_offer
0.2721524343217906,0.02807001191395697,0.10288926469722946,0.23932012514404227,21,1,hold_price
0.486898127845582,0.4613157517310297,0.06320640816848541,0.4175787078752225,6,0,hold_price
0.2213295625477153,0.22129128968065181,0.2893454932208351,0.375564644327799,12,0,hold_price
0.22888626104974685,0.5937187070065306,0.12757311985226355,0.2618519706210779,11,0,hold_price
0.3131387162622215,0.025816994211470434,0.2988034416560587,0.54957445344275,17,0,hold_price
0.10762367474650412,0.03538954236297853,0.20051350478856256,0.1511577560125467,11,0,hold_price
0.19448853188533471,0.7271484961719404,0.34670096848939735,0.13456414579964615,14,0,discount
0.13694374510030874,0.21016516249231165,0.41029281813826723,0.37823295312303845,16,0,counter_offer
0.09647756559817233,0.6564171236607336,0.23274364929414024,0.11415998296702232,19,1,hold_price
0.43976507284895905,0.7499221615007585,0.13495519986668164,0.49799688408393405,3,0,hold_price
0.3151990247573642,0.05933116572496744,0.3796567570861173,0.20380515367103394,15,0,hold_price
0.21140275618756005,0.7697539544642392,0.0694715734848168,0.25265968510901265,4,0,hold_price
0.23390121981502077,0.26842121796128604,0.11884443913331957,0.40938951455506334,0,0,bonus
0.2441835516593096,0.38954595819974824,0.1932168564301357,0.5310610158004037,17,0,counter_offer
0.33491713196511924,0.08663919229531669,0.06541940269652462,0.4139804884942179,9,0,hold_price
0.467046226170047,0.8386299833648527,0.05425051529959617,0.05652313498296659,17,0,discount
0.4697508288456421,0.560728786325764,0.3457829222069543,0.2028365925075116,22,0,discount
0.22617139078879855,0.5046652778471722,0.42927140657062834,0.4500377494401127,3,0,counter_offer
0.19816810681899633,0.9685548109027556,0.2976806189187825,0.5446503854163435,10,0,counter_offer
0.2529709250833648,0.3345057599406708,0.0710766165170422,0.3802962708162492,2,0,hold_price
0.3055704036928216,0.890779286476696,0.14722322176281563,0.35769301762786493,19,1,hold_price
0.25781806015238673,0.7196878810646042,0.3747389156488868,0.22753173468606436,23,0,discount
0.34643903441751545,0.9285281358522389,0.325443082704595,0.28683099582905597,20,1,discount
0.29947956052089364,0.9078020527624597,0.4754534074776117,0.25933652804219115,23,0,bonus
0.19432199601233424,0.9910298050260696,0.49333805270783354,0.033105885931773195,7,0,bonus
0.2055788625931847,0.13167675203715756,0.6248082510009083,0.013111732142003518,6,0,discount
0.22036675440187892,0.796016392091595,0.1724036370330912,0.3704423005418909,20,1,hold_price
0.09258789571222492,0.8044943549475032,0.27728440921942177,0.3059032702531365,15,0,counter_offer
0.12472818458628791,0.6443735281784868,0.1414953686051542,0.1469344822611798,9,0,hold_price
0.3754012109654237,0.278860958238202,0.1696898604643373,0.535650577840149,5,0,hold_price
0.225093520184936,0.9651482716283151,0.2621070303175321,0.12395694001954917,0,0,discount
0.14654253765206465,0.20442213789020958,0.19586612626240402,0.42029929529276994,0,0,counter_offer
0.3032025847586858,0.499575378358439,0.1406453272097568,0.4730177465912661,16,0,hold_price
0.3899927941130423,0.5214871128191862,0.3409546735510837,0.5041361851627355,6,0,hold_price
0.16584006305541715,0.16182934483603884,0.13212983264185654,0.5037179631238223,19,1,counter_offer
0.422055446865685,0.7225288223332409,0.38201374065968063,0.47650905329879134,20,1,hold_price
0.46737718683127233,0.08886716418023977,0.3786986498155823,0.2746801039181833,10,0,hold_price
0.31882753808322833,0.693097778846711,0.2882362597455413,0.374346935978394,7,0,hold_price
0.3510264465462108,0.8486154962906369,0.224610254639932,0.5146268273720187,4,0,hold_price
0.07365919564537493,0.34939642508239954,0.09103801341090052,0.25217362992070214,6,0,counter_offer
0.4754839509598579,0.7094208085992002,0.25300481226886157,0.402512985171943,14,0,bonus
0.22661813041922474,0.1567740081478498,0.3391744708491557,0.09572179857383324,18,1,hold_price
0.46575518024544343,0.8459490014528787,0.13672221187203332,0.33881556693278914,17,0,discount
0.31053988613760913,0.9520316985532247,0.36318383012714994,0.08462754196330735,23,0,bonus
0.05207845947949743,0.1526936934997769,0.5043054063292963,0.396174595845567,15,0,counter_offer
0.06734389969554608,0.6918594739723322,0.42746666179498144,0.2260985719436092,12,0,counter_offer
0.35618846255146486,0.5058310965565258,0.7205486972078595,0.13670576060501347,8,0,bonus
0.3032006062243699,0.5314993318323786,0.23345125306122064,0.21644594851064972,8,0,hold_price
0.06193959674273346,0.7064897186006882,0.30532252626095946,0.4208502735504007,8,0,counter_offer
0.3845569825500734,0.48874049933643726,0.23664178275943523,0.5448200544554368,21,1,hold_price
0.4334654016811318,0.6003263920177168,0.10812611089468566,0.0067685692174576095,13,0,counter_offer
0.27338786709768875,0.2309010194113772,0.19715348580027775,0.1007087681300749,5,0,hold_price
0.2595908481607647,0.3785065964886303,0.038433720861190936,0.42344000416147415,4,0,hold_price
0.05246289897558237,0.865240350071502,0.4462935290462853,0.3412409170413252,0,0,counter_offer
0.4039923706221197,0.1099025116483856,0.18609521196559745,0.1915098284768311,20,1,hold_price
0.19882223003574745,0.5975752609336399,0.3053419584036168,0.39105795184207665,5,0,counter_offer
0.4454436289021428,0.18428706223489022,0.13393643374191588,0.5203125375818705,2,0,bonus
0.21787726440112387,0.846539597923372,0.299019517101333,0.15478720351872,6,0,discount
0.3042850597838175,0.5790439538535498,0.2693787471621945,0.2914033063844954,11,0,hold_price
0.17165380468969738,0.4030487826702711,0.33942795925178554,0.01246040477823862,23,0,discount
0.12226474066321341,0.24982467365181793,0.12335745900157996,0.5675975877265218,20,1,counter_offer
0.3987085565215976,0.4368446991896344,0.08419654877513352,0.4809862396354242,4,0,hold_price
0.2734657154808267,0.9576123259217423,0.4025826053128114,0.3030543221028016,12,0,hold_price
0.29141956568851285,0.5092092897436206,0.1084642139242248,0.5951987945609695,19,1,counter_offer
0.48443717906678097,0.4694895316998602,0.3074674653877189,0.13213117769036287,18,1,hold_price
0.48361096049996916,0.7462738135003091,0.44613405897755987,0.4463823293915658,11,0,discount
0.43503895476608156,0.3790470708319067,0.48829157478761404,0.461703939257906,5,0,hold_price
0.13442418174426513,0.427423949880794,0.30109097258836454,0.49851348730556894,18,1,counter_offer
0.31742271243571096,0.33694773157161906,0.16225108655578888,0.41105778215009997,10,0,hold_price
0.4451663410949918,0.1509197553293914,0.47793698059476647,0.11435436149477812,5,0,discount
0.21850877140202196,0.7138092142026506,0.20603285771512703,0.05480047170662872,17,0,discount
0.09549777467101324,0.8730309138836237,0.012455311619018587,0.10821432471765573,21,1,hold_price
0.41493330600796485,0.9055926492427656,0.33463828637176657,0.5149911133894061,21,1,hold_price
0.26679359811297726,0.8808029380377796,0.3437499983525159,0.24119706196632784,22,0,discount
0.30397670616163036,0.4517838024379929,0.5182782461136006,0.3276996533397024,15,0,hold_price
0.49196493334303,0.2840661922031963,0.12022040610640303,0.015223797041660414,18,1,hold_price
0.32324514372233243,0.6379237496008234,0.2624010886242824,0.29485711736904063,5,0,hold_price
0.24124072354974563,0.9547049119060317,0.5870201836253826,0.2455615609999495,7,0,hold_price
0.21649296553123903,0.727050648168605,0.08296736783468739,0.3207361464074483,3,0,bonus
0.23792868169432052,0.49484856159015655,0.20054972072627797,0.22516406107139086,1,0,discount
0.10327958743040094,0.6888085745134482,0.3605957894647061,0.04526532077700727,20,1,discount
0.4076377512879073,0.772537912454397,0.45722296514904187,0.026376191650380496,10,0,bonus
0.4269725861841685,0.9192692613280707,0.27997703850270234,0.5698781827241675,13,0,hold_price
0.177978710558034,0.7632157539721541,0.29970307494647747,0.36229119406237176,2,0,counter_offer
0.18670847828447484,0.4331905556359056,0.2796401537736498,0.3860377631687699,4,0,counter_offer
0.4434504153506659,0.2736065184654841,0.5782028267058602,0.549251279499693,1,0,hold_price
0.060786659987579955,0.4998816647295913,0.29715363007779905,0.3305169027478692,11,0,counter_offer
0.2842058496952525,0.3281779446054718,0.4644714614178635,0.3693317021869518,13,0,hold_price
0.2586540716066755,0.942764592687814,0.27653901219696075,0.3138231518205395,3,0,hold_price
0.3605570463103069,0.5079658434499622,0.3274833519324436,0.10558467644980096,17,0,discount
0.12352626506725452,0.4720563359640083,0.09355167564157496,0.1869065445151562,2,0,hold_price
0.3507488333578192,0.3481962181548629,0.29069784464965615,0.5306039469535665,20,1,hold_price
0.2195303035436944,0.6394069902916003,0.4886628037717837,0.26631859788687035,22,0,hold_price
0.3284216501763389,0.5200512786209478,0.16312548827228657,0.12248972116353019,15,0,discount
0.06804275444274917,0.12904892289825654,0.58011926059905,0.49682423689454697,13,0,counter_offer
0.2577772387330292,0.8692078108304946,0.33749507750198804,0.052382932801413415,17,0,hold_price
0.28501290229206744,0.3590128321437984,0.19704793512936178,0.3837181716254358,5,0,hold_price
0.14644688128474398,0.4325784299581542,0.3527800522906352,0.42007468853980934,22,0,counter_offer
0.11283064438060432,0.2056670566635791,0.30669946624009914,0.18226097995610638,21,1,hold_price
0.13481343635553564,0.5533982076178892,0.07608312702725172,0.10013087570710733,16,0,hold_price
0.2048634851285066,0.702055062428583,0.09063274674617017,0.2689756598393928,23,0,hold_price
0.09356456718723716,0.8811653206259396,0.164634709777495,0.45301938285334625,7,0,discount
0.476293908078322,0.05160766497226266,0.06766716696449279,0.5320149347564883,21,1,hold_price
0.2322473276731178,0.9733319096993783,0.2446265456909894,0.4892021390797948,0,0,counter_offer
0.41403632112803707,0.7038177420203567,0.2271476901452255,0.06571751882793654,17,0,discount
0.488487705398981,0.2842986844115174,0.16923847357004873,0.13366595092990843,6,0,hold_price
0.0863308760012326,0.20447475501396606,0.27262549987052437,0.3701914410467497,23,0,counter_offer
0.3432512605707473,0.29608791865459794,0.46696305397021465,0.42594606667807283,13,0,hold_price
0.4421340890335463,0.8757257516664424,0.37384370501847625,0.005242942153404662,4,0,bonus
0.3354054952850277,0.2913901731959504,0.33728220537687015,0.0855442373302533,7,0,discount
0.24306175461083573,0.4628211345572357,0.622608600978349,0.05641014478251822,21,1,discount
0.2439843609370722,0.7057380542422326,0.468172960931773,0.2046655466385415,19,1,hold_price
0.06615449870331151,0.8719898637238855,0.4304535688281032,0.4084813831149958,8,0,hold_price
0.2905703380801739,0.6585711623461041,0.25743807229567045,0.5659164988587781,6,0,hold_price
0.49709434855408136,0.7531091965344227,0.6722334738574713,0.05371398527462572,0,0,bonus
0.48141838668737036,0.1733267962959556,0.24411699715745536,0.3036548063652201,2,0,hold_price
0.06817965297897344,0.8774078276911388,0.2721835805372247,0.22347995753749197,0,0,counter_offer
0.36760865163326967,0.27571918361811065,0.029549358756424452,0.23899293457757187,7,0,hold_price
0.18579419001361885,0.1283781640565157,0.33673674086855027,0.04082779101499998,4,0,discount
0.45634511903276154,0.9762442903406693,0.13725097738744998,0.17299253383312985,0,0,discount
0.07030163556917535,0.20163992545416098,0.5651331033287738,0.15147359763403118,18,1,counter_offer
0.47114334590498624,0.13665197007797647,0.25892744516991695,0.4309791868900531,21,1,hold_price
0.4268640847044996,0.6260209001017866,0.10101719724175842,0.3851149993392289,21,1,hold_price
0.10287697201367069,0.3188631494960953,0.21373812144988966,0.3817862682965681,20,1,counter_offer
0.07692095179278464,0.1333492051804933,0.5909308987147817,0.31155495176401754,3,0,counter_offer
0.42561844894712114,0.601121117215876,0.3887186135814445,0.20525111278059377,3,0,discount
0.12009095193856073,0.7589852272222355,0.7826250389675212,0.1462752292382618,20,1,hold_price
0.29070416883914174,0.7931983742071566,0.7753049085055894,0.006770279421050418,0,0,bonus
0.46208518604541926,0.15551260101227238,0.201353447045367,0.08875682696829316,18,1,hold_price
0.3053516510971955,0.5568670679399422,0.37189418771537475,0.13192892443019696,3,0,discount
0.22875498566277086,0.8136783706814606,0.08496549585195826,0.5853381198139774,1,0,counter_offer
0.2502572246842965,0.16108701142418524,0.021347007195643655,0.5822709938176905,18,1,counter_offer
0.07840272681674196,0.2076822517706749,0.32036529058396157,0.46059969653966387,17,0,counter_offer
0.48593854461271946,0.00241139743167762,0.19612207718087818,0.36619561428269803,2,0,hold_price
0.18979438328648723,0.5246341563952881,0.1063972488545944,0.4012850425790223,0,0,counter_offer
0.13521357125278421,0.19468169686195091,0.1570588849762825,0.3603294320317432,21,1,counter_offer
0.17872128582817787,0.7242425757268991,0.1629289721641564,0.38809808584670485,6,0,counter_offer
0.4839679377011655,0.9622138556176058,0.2858759029728508,0.13154214513771448,23,0,discount
0.09242872406960315,0.20875548899907026,0.3181813509867019,0.5860211499834561,12,0,counter_offer
0.4402863682255316,0.6490970117635326,0.2737531127317193,0.45398311166997224,23,0,discount
0.3685297524806515,0.21183446145851137,0.42169166467247576,0.14054623682380876,21,1,hold_price
0.42350863062156263,0.018006858979704,0.47478988735680916,0.30818876376974513,14,0,hold_price
0.48915389316555336,0.7585541942145848,0.2297208492309483,0.47353038618843907,2,0,hold_price
0.42896959498259235,0.4340046766508928,0.14207448884401677,0.5466960644933078,21,1,hold_price
0.4745220580750338,0.9467868615146531,0.1346814437294502,0.23030669974897108,8,0,discount
0.10712086555591391,0.5342858821434056,0.10374943782810739,0.2902381690847946,6,0,counter_offer
0.40810485432513655,0.15748286897568398,0.07577157430826721,0.18592961545356193,13,0,hold_price
0.2955540623364715,0.4497744417972779,0.11008640870675132,0.22594761233367877,8,0,hold_price
0.2945730177859373,0.2028917948060165,0.08888554478317064,0.13662560942900356,17,0,hold_price
0.4545147093442311,0.8780292726865745,0.44907190673112524,0.017947023094452553,6,0,bonus
0.48731171839102005,0.6909031808875248,0.24918984393620897,0.24979847847760678,21,1,hold_price
0.3671772453694314,0.3412388046547036,0.26404830072682994,0.2823471560612232,2,0,hold_price
0.2673222752623028,0.5278203228071404,0.12858161352442926,0.46793814753112256,11,0,hold_price
0.2553817360558304,0.6694801882130285,0.09648506153157645,0.31357293767675815,23,0,hold_price
0.2238536557504318,0.7828577166454253,0.050457106781575806,0.1958383346085961,20,1,hold_price
0.2127195633076982,0.08014720987054169,0.19138780017905707,0.277945696422408,19,1,hold_price
0.22617807875799412,0.022518841995246786,0.30759659568278996,0.4776796835876215,14,0,counter_offer
0.09038895586303788,0.11445269716988982,0.4299556363907732,0.2885705702342669,13,0,bonus
0.08484623836719721,0.394996310172563,0.11196770571627825,0.3331098065352999,4,0,counter_offer
0.40094142974254027,0.466706610082092,0.1967409580137858,0.1037993667105951,7,0,discount
0.25073280181410174,0.13646163021384838,0.2118745567837811,0.004581170383887966,13,0,discount
0.4688080198450792,0.4111531378996053,0.3803155893120024,0.5578059872073308,7,0,hold_price
0.3254994538672786,0.4416227863618305,0.40085990797968607,0.16077892396755172,7,0,discount
0.0658291919829889,0.10908996367748669,0.6469545476040574,0.20854500599307849,16,0,counter_offer
0.12088550359286576,0.916659960195734,0.21160921954782327,0.06890794024642603,16,0,discount
0.1426189068558534,0.5991459275877076,0.0929675403562397,0.3077987829230759,11,0,counter_offer
0.48908121097534724,0.3885355304562821,0.25858572515982275,0.4422593078809862,6,0,hold_price
0.1484169017682357,0.5069071834722066,0.3211148625805697,0.41164025107134367,4,0,counter_offer
0.2820900543296231,0.31419748646880674,0.642867510682843,0.5133612688760285,6,0,counter_offer
0.47127961923808825,0.854331031644593,0.18741339166901072,0.17194205595496173,7,0,discount
0.4897367284614608,0.5750150415685037,0.6561389793192849,0.18879796814343178,22,0,bonus
0.15636219592259507,0.49489581439354347,0.1892087345959875,0.5793441257824671,7,0,counter_offer
0.07210293968751806,0.9108854030955976,0.3183827958876346,0.27395987877033684,21,1,counter_offer
0.11912082464199134,0.8379796982340677,0.40144311825346307,0.5007082305754149,12,0,counter_offer
0.07849781541615114,0.8128018914258494,0.20580693970499,0.3669012240043931,10,0,counter_offer
0.1378059084915514,0.22560920423184416,0.03958285217252509,0.10851888039206607,6,0,hold_price
0.30585637161668094,0.15312311146835678,0.09844828557047658,0.5744628886002071,18,1,counter_offer
0.4606019583330388,0.6900965197127477,0.04541466230535395,0.19466567435126472,20,1,hold_price
0.29174849766245303,0.4686422563413959,0.0867925361348136,0.3850749118578007,23,0,hold_price
0.33169530051458634,0.6837127129568435,0.07116799822721756,0.15270938895413066,19,1,hold_price
0.1408402632242935,0.7606272321111164,0.3328563795518638,0.34540086619773724,2,0,counter_offer
0.41026262930323254,0.2953135073447509,0.4605835401845335,0.3246687376324407,21,1,hold_price
0.32800500882751243,0.2846504331228087,0.08150271465572183,0.15662293518252524,14,0,hold_price
0.4388615731367262,0.4908315662581837,0.3934088747067935,0.5932625306171831,12,0,hold_price
0.4769793981526029,0.27354931352649736,0.12181414899314409,0.08441011186750835,6,0,hold_price
0.20655534909046652,0.6672952760161995,0.10375105148883017,0.26580752535746294,12,0,hold_price
0.09076057634094771,0.7467304458807168,0.3762643081770424,0.018826492929354566,19,1,discount
0.1516680310625521,0.47203894605324437,0.5639660287003145,0.4096335466548254,14,0,counter_offer
0.24702870455412673,0.7237997655986432,0.12114001473753207,0.2772621543617575,2,0,hold_price
0.475562143321013,0.5104375690707762,0.2559928749925041,0.3360555355162292,18,1,hold_price
0.22023942006803687,0.7128717219670092,0.07086093625208467,0.4191043200832329,18,1,counter_offer
0.3968479461494165,0.22496824779572533,0.3776420049376419,0.45840524466431365,16,0,hold_price
0.29321451147683975,0.738843045933042,0.11663624230136924,0.5794966147249587,4,0,counter_offer
0.13226394669393945,0.7151240234570178,0.2989096072620465,0.518397669095303,7,0,bonus
0.19433035352905326,0.26660570704917763,0.3276893049298679,0.19428281744271392,10,0,discount
0.3439363482602684,0.555970991040175,0.07778457974051652,0.4363588399332248,20,1,bonus
0.35278402760820204,0.8553116678744016,0.3085855278131534,0.045578653894457276,19,1,discount
0.24564188606407078,0.24952264697243898,0.49945579771304344,0.0817241144028299,2,0,discount
0.1528905211979516,0.7359797840146763,0.11873024884873709,0.2757675702859224,1,0,counter_offer
0.37485805078070433,0.9539667171468871,0.20295386062959464,0.2757747264727131,1,0,discount
0.12599286872572166,0.8662419197575649,0.05233894735390443,0.3034503917140935,22,0,counter_offer
0.471501361339307,0.40152008268027617,0.19490339520988625,0.28511820512838676,20,1,hold_price
0.13455661056641452,0.6072077329881385,0.3177432356128997,0.3848272075138695,5,0,counter_offer
0.0982905632746342,0.9917701342527039,0.20111242046717262,0.5726072683791485,21,1,counter_offer
0.2739414660644205,0.5684374113757185,0.31240506092533493,0.1036134783083332,12,0,discount
0.28379731914936235,0.11502760243036658,0.3083946327881205,0.21447747654469676,7,0,hold_price
0.27868681165021014,0.04543075477876091,0.19750765924212652,0.044559285955998625,17,0,hold_price
0.24650037020247778,0.7903145097440284,0.33763402281959204,0.11998991665545364,1,0,discount
0.4976667017733237,0.42362832540184614,0.25363967297668205,0.5923830598176288,2,0,hold_price
0.2688262757017619,0.24681289062919443,0.3234521494296976,0.02373402971759613,6,0,discount
0.26507596133292394,0.347672030660947,0.1619301693589342,0.1282066938807459,14,0,hold_price
0.23979472822155257,0.7573728665464523,0.3833687279090299,0.2559025912391081,20,1,hold_price
0.08007158961565831,0.46524733563382914,0.47053499066700566,0.17560160836347444,12,0,counter_offer
0.3168304840173272,0.8684994925258765,0.16782270871296603,0.32713391838617484,10,0,hold_price
0.1525854975004321,0.7349255887776993,0.045909354569964984,0.594267948402668,14,0,counter_offer
0.33692404110307245,0.974014150445425,0.15946441176601986,0.4223599666484735,0,0,hold_price
0.07287505787681473,0.8885037667898433,0.20529068881273702,0.24351620686775233,15,0,counter_offer
0.49162419556385073,0.25454721178600914,0.29548146494062205,0.4097620433701666,19,1,hold_price
0.2610522855557025,0.6590592328025533,0.16603625390977753,0.5233539711953227,10,0,counter_offer
0.45353991721581427,0.020543034528143878,0.5266636893816529,0.1374016832271449,15,0,discount
0.26400252795482065,0.9911067244295982,0.5269935915655078,0.43015767323573956,7,0,hold_price
0.07714886835839979,0.26100610880259656,0.35510471211126726,0.3683701991194371,22,0,counter_offer
0.41999609574221314,0.664795093623584,0.44160479097109945,0.4402921757263936,4,0,hold_price
0.34168267835021043,0.8491536211995653,0.35844495808127574,0.050496091493254514,3,0,bonus
0.4017906714082753,0.16046466272797144,0.1842014197699223,0.4397649647023835,22,0,hold_price
0.24267643857899301,0.8478793428104792,0.16571411740914863,0.4728154666631805,12,0,counter_offer
0.33707153491099023,0.012245665790822424,0.2638538621884442,0.412339309453296,9,0,hold_price
0.4353030517084734,0.4419771380854074,0.14312968760023637,0.11834431616706431,19,1,hold_price
0.33397944929234935,0.47203762253113846,0.30725252558059907,0.09680665472941005,6,0,discount
0.20645313567615647,0.3740907132587359,0.26976302247544487,0.4430259934743079,7,0,counter_offer
0.3481383174647899,0.5863847463004997,0.1394633949159873,0.38862504162285955,1,0,hold_price
0.3523343848763303,0.914842348702632,0.08807687466362404,0.5901812884591658,12,0,hold_price
0.4822641331279813,0.3269891143002891,0.25327579784460835,0.2728471908788492,18,1,hold_price
0.21691054469375115,0.5792598871664242,0.14778064234613,0.13758987917579213,23,0,hold_price
0.24128679538135905,0.8774625257433228,0.12099282729587205,0.4618332456325597,12,0,discount
0.4154553325341766,0.7729953951013782,0.2930239809806036,0.44911517438428444,1,0,hold_price
0.2775930416342336,0.040733264805495994,0.18772385313597723,0.31362186973632894,4,0,hold_price
0.38145789190207985,0.9427907641276623,0.3660635801948502,0.44762949316178224,6,0,discount
0.25686925900411645,0.04664690425861273,0.08518085831271716,0.18635545207043658,21,1,hold_price
0.1469728138157152,0.5887584743743296,0.2817317598284901,0.12943219679666257,13,0,hold_price
0.3853417292514549,0.5753536203151648,0.15497884694516245,0.07565720409681621,22,0,counter_offer
0.10901982613311947,0.7863902307023161,0.11121732082751554,0.17428674891855053,20,1,hold_price
0.13936264858908864,0.14844305184897766,0.15849028555435066,0.3927399219518323,21,1,bonus
0.33207124225289386,0.17937039206270378,0.12688794281079918,0.15505809612945234,6,0,hold_price
0.3862714100864314,0.7521069327383605,0.15876345600450834,0.5300633503937108,13,0,hold_price
0.45260954909051676,0.14950475241162509,0.5925353433343444,0.1498578714691692,1,0,discount
0.17266392383715126,0.46944512706563957,0.09796197838313721,0.410668659322515,8,0,counter_offer
0.09982591637024946,0.7316480902109319,0.26482037324322333,0.3165388115388403,7,0,counter_offer
0.4802209967851831,0.6512419287826812,0.3928215582344054,0.12692826498184898,3,0,bonus
0.11949038960996411,0.21060418611309517,0.359855752682553,0.33371821618590763,1,0,counter_offer
0.13895014201458777,0.30396025868608556,0.06999740056436875,0.5728398685521028,9,0,counter_offer
0.18109825410130959,0.968974903241041,0.23426458431098834,0.5665065195406692,1,0,counter_offer
0.28822610931182935,0.4486706201548839,0.07576719656286172,0.17495643115116233,14,0,hold_price
0.4472715047153351,0.04445747643638054,0.7243285750344121,0.32189312854742935,6,0,hold_price
0.3922457102284401,0.21958489946633264,0.3926502045805091,0.0905135480466992,5,0,discount
0.3686708992291858,0.34243508966183767,0.19131985957167583,0.2814213918025198,2,0,hold_price
0.12883125553520164,0.9994894042945859,0.25779878915674487,0.1928969472919334,11,0,hold_price
0.2109571841866884,0.3026915474769186,0.06616833720726233,0.5576898854314962,4,0,counter_offer
0.2652822167390051,0.026395848782544973,0.5128632401636106,0.379608978256599,13,0,hold_price
0.11634167906851364,0.512921577555336,0.18566529479477623,0.1109564590071012,23,0,hold_price
0.17304336595700265,0.08360538497397707,0.2071341039707538,0.5954034280133788,17,0,counter_offer
0.1887499417787799,0.27406759869572184,0.09297172640281447,0.41650527906162005,2,0,counter_offer
0.10727428924806767,0.9923831760939391,0.5855437311116104,0.08080526249816612,2,0,bonus
0.2976078613587159,0.7046385189301544,0.37693808051967975,0.47973101569803506,21,1,hold_price
0.36726268843588683,0.05066662928287036,0.39494758367953187,0.3345350335997918,20,1,hold_price
0.08146923416458754,0.448686718591796,0.19672231005065918,0.2401567577865458,8,0,counter_offer
0.2665053957934174,0.1716375126288493,0.234870159605112,0.11779033119663053,10,0,hold_price
0.4019950378705078,0.12294465640212127,0.36128684550439644,0.16675661929249588,9,0,hold_price
0.38659555802860107,0.587065413348802,0.4182687147307283,0.10035462009576517,13,0,bonus
0.41678289329843937,0.5056558896402157,0.16175895479271532,0.48201299739961695,5,0,hold_price
0.25170828492677316,0.7428665843155082,0.3758476415272166,0.16378499316400713,22,0,discount
0.41925068718793734,0.8923062282318597,0.3118815915468551,0.28197712317446677,9,0,discount
0.15833888204642127,0.24668185743166193,0.2882231467260357,0.5807485852468817,4,0,counter_offer
0.2123647526378819,0.9229919866553971,0.6125103295581299,0.5967343262792483,7,0,counter_offer
0.1293600093880106,0.5179917725540955,0.0852995661826041,0.47476087195134764,21,1,counter_offer
0.26036804274285735,0.25883491818511717,0.12647153758136553,0.4793463783435175,6,0,counter_offer
0.2264270100869495,0.8457858381026093,0.2859126900660227,0.5669081434833134,19,1,bonus
0.1584172023864405,0.0355299180290225,0.22723254533552192,0.47809374708755065,18,1,counter_offer
0.3883013191538517,0.5595093774729606,0.5494748960160942,0.27057079075453727,23,0,discount
0.19123104745024094,0.7216215350299666,0.43915053679041255,0.036186543793626444,3,0,bonus
0.17276194856562607,0.27997768715614324,0.2463963824257993,0.12502194195445926,9,0,hold_price
0.10890064888272277,0.8634919175632179,0.2989293334665704,0.26672956077496524,20,1,counter_offer
0.24746976581087693,0.24028456335798487,0.22369983907143356,0.15924609899656322,3,0,hold_price
0.18633408297678594,0.8398742827317391,0.1289029180659934,0.1975095865152158,0,0,hold_price
0.21617277860343587,0.07854496383245724,0.19196747416541515,0.03535846066613273,0,0,hold_price
0.15619876817924871,0.1599275918684313,0.30581925149027994,0.3312772736034196,1,0,counter_offer
0.3934199704189552,0.38098458390190815,0.21520297244811,0.2109479847057462,19,1,hold_price
0.4685015063096228,0.8540555127981793,0.2599254636909192,0.15530418426505352,8,0,discount
0.2740693337549994,0.14458536512678244,0.551742669810094,0.3662238669828295,3,0,hold_price
0.33934929050337465,0.8754382397942415,0.04052132261682159,0.16606631795673407,16,0,discount
0.4402275244730177,0.22973152661279372,0.015372481964952446,0.2857579332263357,7,0,hold_price
0.4994733368001464,0.45250839859452874,0.3501830689275726,0.1478413027953798,3,0,discount
0.3260824181284244,0.35273440426033775,0.42740104660999545,0.4083084968121612,23,0,hold_price
0.45040075994294093,0.11812622661452354,0.1131470999115569,0.5124917576932767,14,0,hold_price
0.45887371095003887,0.9443097395191401,0.21250728842777003,0.049026355867724324,10,0,discount
0.40615316951343006,0.4381782907522135,0.2444769409694838,0.4919101833299578,22,0,hold_price
0.2574191259828996,0.6903312613561945,0.19791379715106888,0.5110188986386238,5,0,counter_offer
0.08651930019075468,0.5752676766640311,0.1226377347383815,0.5789566749373993,14,0,counter_offer
0.05711249994806023,0.5017159168522074,0.21013250492589297,0.49670275079469317,18,1,counter_offer
0.2647402849773161,0.616577623556849,0.1838130909646081,0.3314344961706165,0,0,hold_price
0.27244154009057797,0.8983423062024289,0.5550561100312309,0.04215244985073423,6,0,bonus
0.23331307453833755,0.6993123756941095,0.2995122517275614,0.044669248633575465,2,0,discount
0.30567530808111404,0.5324800794552211,0.27836198390165756,0.11802046161127226,12,0,counter_offer
0.2984732164869922,0.6451859606659763,0.2584748854629233,0.2682598302494292,16,0,hold_price
0.4264758684647118,0.6063942805090216,0.10597147966513916,0.573263782894118,3,0,hold_price
0.09889569646801809,0.4331212074863131,0.2385041712745012,0.10521219051741353,3,0,hold_price
0.15132994974749547,0.6247640101304504,0.14295721560970176,0.3232783949032391,11,0,discount
0.40685224053183366,0.4435698001641636,0.37902859856746285,0.5988425309458996,9,0,hold_price
0.43152659025064455,0.7576143778719123,0.30078886754808437,0.008266748512276156,2,0,discount
0.4976708961293905,0.9689124835222855,0.09912326733633839,0.02818934262863062,16,0,discount
0.44281040737418786,0.9598653574972292,0.46008819277375357,0.16194743895467426,18,1,bonus
0.45045455318254896,0.8207357864249805,0.14752910395837346,0.13508894200428953,10,0,discount
0.19145657418345718,0.6017588970594852,0.20012116067827776,0.29916085378267826,8,0,hold_price
0.23074773530421938,0.7493319880707405,0.4439225345115596,0.252271201455218,3,0,hold_price
0.17063829716924797,0.1780482952575544,0.520800344368005,0.3501860315478749,7,0,counter_offer
0.322834729186722,0.47901845731392256,0.39110607542383635,0.08824645080145874,12,0,discount
0.47246240939316725,0.25730476499136434,0.540771632585474,0.41150560742297965,23,0,hold_price
0.205088398930228,0.003494981109347095,0.5157043777142918,0.1288162251956232,4,0,hold_price
0.3006508018466526,0.966737574672076,0.4043093658704276,0.27119512993237593,19,1,discount
0.18333483370406828,0.8638485618518413,0.3389921038229554,0.020010077064305465,12,0,discount
0.12640998819771837,0.5136986184699268,0.34966649249853515,0.4787163442717037,13,0,counter_offer
0.13783348841839504,0.2541522881190068,0.7693629267741157,0.3762642065456569,7,0,counter_offer
0.07607540504215848,0.6929752101992367,0.2804562450382338,0.12526362482218859,22,0,hold_price
0.47718208535416584,0.4348010845499275,0.1082816538522182,0.3610509292004878,1,0,hold_price
0.23129582382843333,0.8033495334226994,0.10625430164987677,0.2622044435340997,5,0,hold_price
0.42535440140094866,0.9995181101809494,0.34475994154617806,0.49576065169861583,7,0,hold_price
0.356598262710361,0.3490826074898701,0.4051961191304988,0.5902322736170993,13,0,hold_price
0.13636452263498844,0.24440304347804775,0.040852782737222905,0.07471226940410326,10,0,hold_price
0.1289580109605895,0.26738248879475823,0.3297298773450709,0.29406396677798335,22,0,counter_offer
0.41539469067974516,0.09334624568067196,0.25271225639881073,0.1548137940545179,4,0,discount
0.1691202697787918,0.3940461965001554,0.47794627496726916,0.4498093017561762,13,0,counter_offer
0.4609783326658891,0.017425052716909306,0.4489998843662128,0.020677996474686867,11,0,discount
0.11302493211027079,0.1143955574012756,0.2137375764653055,0.3267450416216027,7,0,counter_offer
0.35496887650451125,0.2716957472726703,0.12580224594239245,0.5142571427579931,0,0,hold_price
0.4165132442139203,0.15986277590948073,0.22648838373728655,0.23357180154182464,19,1,hold_price
0.15586537478704027,0.7321590995007252,0.26544613280060386,0.5027381617518498,4,0,counter_offer
0.17429331355545474,0.10560479086790031,0.34956704480707534,0.08813424987959152,3,0,hold_price
0.48403349876264073,0.8659941050245247,0.23558587377400073,0.5509954004202078,13,0,hold_price
0.16906892240577123,0.22111450371095287,0.07417956857453446,0.47487146171853517,3,0,counter_offer
0.24348067245502153,0.10859061697156769,0.3364436729019272,0.23465908995577547,15,0,hold_price
0.24463201695906478,0.010106644431258527,0.3341934755524544,0.07837666238174412,17,0,hold_price
0.1638656374683576,0.7152050043221464,0.472403213828545,0.3122536119144938,5,0,counter_offer
0.39910598889669074,0.256616745938542,0.25621326746119893,0.4022557689429124,1,0,hold_price
0.39733220445311984,0.5094986051377748,0.43648845742839304,0.07735592444820136,2,0,bonus
0.22024310640070355,0.11161604667215574,0.346888847119598,0.559904599609326,1,0,counter_offer
0.4258066059863302,0.9852959232362493,0.13979607120952503,0.4576210419093557,11,0,hold_price
0.14588372047955106,0.1253847390699553,0.08111380884838174,0.5709788055494057,9,0,counter_offer
0.05193759905045539,0.4119259266418782,0.18095809095031562,0.17954602130465983,18,1,counter_offer
0.30702531292508345,0.8516495023344659,0.08855670589262728,0.2600581550101518,9,0,hold_price
0.4973349976035703,0.24488694848040682,0.2592008861808444,0.144065552551059,15,0,discount
0.06738993942209807,0.2669717853461734,0.2992257499386047,0.16427009370782966,11,0,counter_offer
0.14359913316880726,0.8084995158907329,0.2065154689068261,0.08717201746857758,10,0,discount
0.2835115891191879,0.2733396571920127,0.6526472913537423,0.07514158979780206,17,0,discount
0.41447333140019177,0.0028713110948129783,0.09289748211813081,0.4024706635494954,12,0,hold_price
0.09006890228377396,0.4279137204899498,0.2743052282148587,0.09416599678048473,13,0,hold_price
0.22785559419150248,0.01253520967847499,0.3460669139988293,0.08006107251479348,10,0,hold_price
0.38618411028344884,0.9097922838293668,0.09516238068322727,0.32075143500343056,17,0,discount
0.21719444378286273,0.6418132241792209,0.5203556725443048,0.4223988463679022,7,0,counter_offer
0.13497638921403754,0.5830142662212422,0.6905877530302486,0.46682307814500335,1,0,counter_offer
0.13797312232846431,0.2015895108623631,0.39941040781199655,0.34814342308252716,10,0,counter_offer
0.23452195411174742,0.6999461854286363,0.0678299105080296,0.12093684906577712,7,0,discount
0.265737683662651,0.6772546436783458,0.3659522982549288,0.34393806531439824,21,1,hold_price
0.4378164880172063,0.060463573925364944,0.25160747404663075,0.3754784022152072,23,0,hold_price
0.3390135883555971,0.8808465308105725,0.2879416385296075,0.15485845685517194,5,0,discount
0.36068087953197564,0.5794133629298055,0.7078935401859907,0.08669118289449047,10,0,bonus
0.4923442271911581,0.7924668810386102,0.22595100133791834,0.5553904215309242,10,0,hold_price
0.23532954813543822,0.2629140721288442,0.4344215526406239,0.057568298526289724,5,0,discount
0.23150948146210776,0.12204779975345414,0.07010329310538072,0.1663088446585682,0,0,hold_price
0.4655061354766155,0.7024495731867846,0.3723127024806464,0.13886897823485825,23,0,bonus
0.1606440141522764,0.7938826862551621,0.06186464532863267,0.5351905895025861,15,0,counter_offer
0.37841686083629,0.3860335336192914,0.21074986640964463,0.301175603531245,9,0,hold_price
0.3895579121981606,0.02369227531631124,0.4377081165868597,0.5739476796497497,4,0,hold_price
0.0940045988504494,0.8182540246538645,0.43766116960187007,0.4969315398372868,11,0,counter_offer
0.26070413256211283,0.20609390633044067,0.15555584346711746,0.45292268414662973,6,0,hold_price
0.14025311209469932,0.3390319418974882,0.29768723546836623,0.10606769410689358,5,0,hold_price
0.13341887276111855,0.6282310077771303,0.3572122160861688,0.20661225860002236,22,0,hold_price
0.2587226497082943,0.09995471921130272,0.4441620179667005,0.49216223021365574,15,0,counter_offer
0.18024336837862925,0.07199576613846315,0.28494844330844993,0.5901184692397953,7,0,counter_offer
0.40822720143164193,0.02570377157527426,0.43921694776091236,0.5267524750666105,4,0,hold_price
0.4584222011257171,0.9166398602394554,0.5134763095927682,0.569047299428481,18,1,hold_price
0.41122427237976455,0.31138274426865564,0.2407767540074922,0.38510986621846377,14,0,hold_price
0.16971389267974937,0.6606588151171319,0.2243466076816538,0.28969035860279224,20,1,hold_price
0.17336047715987377,0.9892352490177422,0.18199726992356868,0.30883291884704556,18,1,hold_price
0.16462775755286035,0.6694507935619435,0.2202074189880097,0.275095082274953,9,0,discount
0.11076714322530623,0.52509479585618,0.28893881839016233,0.09292222084484485,15,0,hold_price
0.47470926564667004,0.5209199335172385,0.18611908423753412,0.18345725075420108,9,0,discount
0.23092150917068122,0.3769171484555517,0.4749056775369179,0.054224453630672874,2,0,discount
0.1511102635456432,0.5997796559550853,0.5217179334202571,0.05313609724226755,0,0,bonus
0.4310019727287096,0.9587913895457043,0.34254890898652784,0.18710069682507088,1,0,discount
0.22963788619600572,0.7880440336983101,0.3882248915998376,0.39967551001902074,22,0,hold_price
0.06580256499934997,0.4242266170332375,0.03866671625154838,0.3682260402108095,20,1,counter_offer
0.12287370661233404,0.33244482903253325,0.2973060215091016,0.3356778375570086,9,0,counter_offer
0.3376626531602765,0.8835315296231214,0.16455376523703266,0.44935936558667416,21,1,hold_price
0.4023073733772758,0.1357858256265938,0.18969013060802917,0.25361495918685434,17,0,hold_price
0.14492047481992082,0.8495852569643018,0.4057900925057086,0.2652611296453941,3,0,counter_offer
0.46282801516976396,0.25507676134233237,0.40282552794820875,0.3108110437032448,5,0,hold_price
0.432948704023474,0.7156292357759177,0.27067236739681505,0.039954324179773716,9,0,discount
0.4317713393274864,0.80622058077483,0.39960536378629524,0.3490152741711232,19,1,hold_price
0.15244751605964635,0.4769965172634726,0.12805634562619828,0.45014362073150205,15,0,counter_offer
0.07274119489252598,0.19228397614227433,0.5304365823767712,0.15818542745757513,9,0,counter_offer
0.44034059276716264,0.8447677434623754,0.48349265708352757,0.5128883271368426,20,1,hold_price
0.1876101029323553,0.36750834505331476,0.21013687156652625,0.15972981872315198,7,0,hold_price
0.32851237152808666,0.3206802604825193,0.1951029616768484,0.3079281002181679,21,1,hold_price
0.3919850976653285,0.5100161823534396,0.36461723626359255,0.5246845987908382,17,0,hold_price
0.10773196633000408,0.4350862411039177,0.25704856926285763,0.44287714013298013,16,0,counter_offer
0.40137725953357156,0.6830522170387242,0.11623418766961524,0.3456764571237187,2,0,hold_price
0.4723301565324796,0.13719780837266538,0.31311090629397154,0.37363885057834134,3,0,hold_price
0.37776873458588406,0.43568965404787297,0.11799317970660723,0.06533192683908708,23,0,discount
0.24855023681625116,0.891701811225204,0.27261778047386376,0.41959280281026473,18,1,hold_price
0.44450516243826627,0.03606270943972545,0.07176665157238718,0.367155466463667,6,0,hold_price
0.28735593353265154,0.4573383331533264,0.4260442153664104,0.050720549310897645,20,1,discount
0.3851469175175394,0.6605319663852102,0.2617430591394234,0.07458530619068982,7,0,discount
0.41922767473637185,0.8877110870419853,0.32695980277467696,0.5826032942000026,8,0,hold_price
0.3872087877645527,0.5937862269331757,0.5277691398425159,0.10686689779812597,7,0,bonus
0.1795346942216693,0.8244842712393285,0.48617154771348087,0.5374638164379332,11,0,counter_offer
0.10302975540762399,0.22269101895928645,0.4110670843544476,0.1655003289388819,18,1,hold_price
0.15725233821292706,0.35280943622785954,0.04660930903717775,0.23767287521552766,3,0,hold_price
0.27629372164115895,0.9421322739280427,0.382220951634032,0.3332935743792364,23,0,hold_price
0.27737461503189315,0.8859751130926863,0.5709454105701438,0.3755209651122496,7,0,hold_price
0.3121899571915419,0.5579529826887045,0.1394053221478942,0.29866745555266855,23,0,hold_price
0.22779582689655087,0.47548833779484523,0.13686602023857267,0.20906260500141885,20,1,hold_price
0.40410112165251244,0.4510673914544585,0.2754354079836222,0.2992124302288251,13,0,hold_price
0.4609191876562435,0.05878966156701604,0.1939023250529991,0.4204124145269245,2,0,hold_price
0.1610262740657621,0.8923771039565669,0.4974147502568782,0.23788984623617482,13,0,hold_price
0.3814354479658496,0.8181495084153355,0.11597618571893813,0.32714756033959785,18,1,hold_price
0.3550873336452701,0.4562511447278671,0.1447915051938693,0.22750395038748983,23,0,hold_price
0.2853907246756917,0.2794399727194734,0.048349545186478673,0.19795606277438738,2,0,hold_price
0.1348386052433721,0.34292060642653055,0.21666280373462038,0.17929116280829116,17,0,hold_price
0.40785451636221925,0.12316058587288947,0.12188885600040426,0.13437239233518233,7,0,hold_price
0.4822818285329747,0.7217897413057226,0.18383454068771438,0.45646203338781827,17,0,hold_price
0.37482634950512606,0.5566698565548577,0.26844208987776136,0.5903378873233489,13,0,hold_price
0.4630369984815803,0.23410342282489494,0.6268924711288758,0.017396290086189526,20,1,discount
0.49288336922659987,0.6230055720776897,0.32517908986410043,0.1176376737982923,0,0,discount
0.20842280340765718,0.9792302142549747,0.2695715276674051,0.5785498834678582,12,0,counter_offer
0.3372005988168516,0.1223951354761792,0.2881088750942883,0.20506511997754032,16,0,hold_price
0.2632697319371351,0.45848501062532776,0.5021155353112077,0.2333847170908145,9,0,discount
0.49398293608845356,0.4941588209221267,0.44317987310348733,0.3977806686047636,7,0,discount
0.09221352080347622,0.16679721382380241,0.5367541024344155,0.2116111132247547,7,0,counter_offer
0.23556871143375108,0.5315802109973148,0.17880152326828047,0.29562027313738193,17,0,hold_price
0.4439925700372563,0.60597725854809,0.20827170883168894,0.5404317231966462,4,0,hold_price
0.17782308973693195,0.1573445388184953,0.14602497921227678,0.3388702863229777,23,0,counter_offer
0.40450678278749275,0.1547238990088764,0.21556434407434144,0.4001282305068519,5,0,hold_price
0.22225242325111505,0.856348715633756,0.19535190314982984,0.13025026177672733,9,0,discount
0.4909903429505712,0.31138743667004487,0.39460093574771277,0.1568714093165592,23,0,discount
0.44758842639066837,0.630333387078631,0.0727705143479115,0.534934546237471,0,0,hold_price
0.18559416094817693,0.6267730756752141,0.2806780538046668,0.5505494222578097,8,0,counter_offer
0.3965869010920348,0.839170875582635,0.265645196858569,0.484187492921263,20,1,bonus
0.20158544472497092,0.7398946312315234,0.3980108939147865,0.07323917860212507,7,0,bonus
0.3228632780969908,0.8405764334382778,0.18699578718768997,0.4911194926425776,6,0,hold_price
0.3463163457769814,0.6252147896506657,0.45022726569432553,0.011536636123034683,0,0,bonus
0.4233179340885672,0.449457160513994,0.22924300092385286,0.3579326724849029,3,0,hold_price
0.0610028783969067,0.3935665213130747,0.2017841989331566,0.40515740833085506,4,0,counter_offer
0.14907105101853485,0.37902976666143584,0.18722704350883654,0.2558415791044434,21,1,hold_price
0.37036301476486044,0.4183930979091578,0.10880762827607744,0.2875280768532291,13,0,hold_price
0.3035854566362918,0.12930925215377032,0.08816048849082056,0.44510958560839015,5,0,hold_price
0.2730222851905144,0.423958371003167,0.4447874666325655,0.5369259919099454,19,1,counter_offer
0.07484448051859122,0.38944490720262115,0.12269707013386495,0.11360267713626215,14,0,hold_price
0.20672414755765528,0.03457166331823147,0.07308982465172267,0.08309081823030041,7,0,hold_price
0.43929510435979174,0.27513075532634,0.30519270495442014,0.3779952447377625,6,0,hold_price
0.06390177666621448,0.7519069747402168,0.3606248965199265,0.13845575891644846,5,0,counter_offer
0.22839630591416543,0.5779455714096253,0.13911612240059315,0.11653482679302102,17,0,discount
0.47531672945184766,0.8061674967560302,0.2643476149908109,0.12209480099841143,17,0,discount
0.07289633054525659,0.5426880443807649,0.26711932411381645,0.11810314218080473,15,0,hold_price
0.3873675879700865,0.8540837654752674,0.5413239436335465,0.28627086918943484,10,0,bonus
0.16592567728191643,0.7960670996017167,0.3890608419666344,0.5786339665818514,12,0,counter_offer
0.4399739744691526,0.09828457014224712,0.5747128960887736,0.49684199211329055,21,1,bonus
0.38573059053171427,0.9770063680159924,0.17555925943652198,0.32600135572126715,13,0,discount
0.4485673268862633,0.014747446901328787,0.4692943070293154,0.04869915178944038,14,0,counter_offer
0.1471661556940697,0.5968380379296185,0.2718294165961068,0.4037588742580156,5,0,counter_offer
0.28908173966837225,0.7925115093167623,0.32487211670374605,0.2706854739097606,10,0,discount
0.4006714746086603,0.33189413985090344,0.04591842920159922,0.4670159600121925,0,0,hold_price
0.16056488434774147,0.5985697922971579,0.3302806223742499,0.296374408647799,11,0,counter_offer
0.15383583737024764,0.3621225308474483,0.12282057031583557,0.400964243003543,19,1,counter_offer
0.06223196007391327,0.0606149750075019,0.08842468157423657,0.12002971938508526,16,0,counter_offer
0.4813318822889535,0.008461519089330904,0.09212209469377018,0.49992925990731113,21,1,hold_price
0.3695075960245805,0.09486203011118832,0.09794602975099147,0.46765443671907464,8,0,hold_price
0.33600215930458316,0.0984095941200468,0.34731235050298775,0.2244087261393505,18,1,hold_price
0.3847976252127459,0.6108897773937499,0.4761512023518199,0.5781864926373522,17,0,hold_price
0.28922581341294773,0.5258652309625133,0.4828951000695359,0.09623686545130618,16,0,bonus
0.2642602194906847,0.45546330017314207,0.17277730916024278,0.012007955075832877,19,1,hold_price
0.2522895085055844,0.6919214756024176,0.1847640630475799,0.45788247069247984,11,0,counter_offer
0.3381976454466386,0.016826137012448394,0.10392506248312913,0.3603403218213897,8,0,hold_price
0.14069073892657244,0.2709834814157309,0.35862434218901906,0.06655298473128525,14,0,discount
0.44962641275669135,0.7773927312876279,0.25984692233883055,0.09570398702420936,9,0,discount
0.4152885670486693,0.9099771065171185,0.5230816569326512,0.0785272938176949,16,0,bonus
0.20730362515341522,0.4383365962375816,0.3090407012114997,0.10011189211024538,20,1,hold_price
0.31037418356563595,0.08148398013846636,0.12376764373968842,0.276844386880529,0,0,counter_offer
0.11346228497750659,0.798728739228488,0.6425889579269887,0.030577379326659226,14,0,bonus
0.4875558115701191,0.8851704332727336,0.5079351014238557,0.3116319023831248,10,0,bonus
0.4563017094336276,0.41366027069371947,0.468212865192548,0.3632240309841946,2,0,discount
0.46485387792464017,0.24335525392027701,0.557964714944564,0.436420903186837,5,0,hold_price
0.19947337146655325,0.04397166822294529,0.1007786983905705,0.567619920254132,19,1,counter_offer
0.1261106183222851,0.591082821894856,0.41972199859247633,0.049486275930859615,8,0,discount
0.14529747355983966,0.9098694905624992,0.5452296590146913,0.021094724692551668,2,0,bonus
0.09050062597029043,0.6778880255203257,0.24392314825394856,0.0834831721093358,17,0,hold_price
0.10404978354562296,0.31724859789473436,0.40674257201683356,0.20238882250915033,5,0,counter_offer
0.08208704038318043,0.6428883242899669,0.16787451915065638,0.3152170285421759,8,0,counter_offer
0.49542038114219306,0.8320684074480255,0.4431465411651173,0.0025715368004298298,4,0,bonus
0.08332595751608313,0.4758300593494579,0.5695683614236497,0.41542180319684985,17,0,counter_offer
0.10964393642813614,0.8197484899978386,0.22354266450862012,0.5741294540686125,22,0,counter_offer
0.4222645680158314,0.3919096766663541,0.13140611765378302,0.1498673544105463,23,0,hold_price
0.3111080975343244,0.34850567859577064,0.0968807961372684,0.005278223533645398,1,0,discount
0.3984877420561996,0.582988625878554,0.372021799300594,0.4519472033290294,22,0,hold_price
0.33391040349769474,0.46468641769448127,0.12805469986024912,0.4620301918638552,15,0,counter_offer
0.4469787816480266,0.9771119204610832,0.3210067930988252,0.026105633250966088,19,1,discount
0.3373103874941333,0.5163894235281747,0.14502855575092483,0.37039337524910193,1,0,hold_price
0.2849562918064179,0.38517202891602154,0.3983604000269658,0.14570383571396206,20,1,hold_price
0.37073736219258485,0.39493354312853624,0.28387791091308795,0.37972479632414197,7,0,hold_price
0.25132673830644925,0.5479399506131166,0.28187680729427733,0.43582712498261894,9,0,hold_price
0.20572872030713063,0.3549120380081954,0.03912132101694563,0.13364592874081696,21,1,bonus
0.2604436036025956,0.722906601964936,0.23247349171778373,0.15645574760518136,17,0,discount
0.1263713472943523,0.3806629277016409,0.3843686098156157,0.36694460239598325,12,0,counter_offer
0.40845727841121116,0.3841443865252431,0.21113134800182923,0.349357570033691,16,0,hold_price
0.1673167016011751,0.6169732493768046,0.23879143035472847,0.5317000378845451,8,0,counter_offer
0.11908919585167137,0.06084687269600997,0.09302687694765312,0.30622106426602674,23,0,counter_offer
0.16085850880245206,0.6553549181151461,0.36252253357045516,0.4798604260717522,1,0,counter_offer
0.4289315682975079,0.5049722171586871,0.25114353688102425,0.4392042488877693,13,0,hold_price
0.19859058301897914,0.45302611428664163,0.0667830449012199,0.39941999969981307,1,0,counter_offer
0.35872244127765507,0.7192529907079513,0.2549144491254289,0.11506378670921644,10,0,discount
0.4353843337950827,0.758255782004861,0.33064764515127903,0.16581626139085298,12,0,discount
0.08498510011626895,0.8462608634124593,0.2379277653061874,0.340061689843136,20,1,counter_offer
0.3942609823301193,0.37480312081744727,0.2236146194828647,0.039566198910044315,22,0,discount
0.1884494598705635,0.3270376922533811,0.31912833322557976,0.02702963449310067,17,0,discount
0.1474800638828192,0.7143421014945195,0.17832553169254675,0.02989020590907443,23,0,discount
0.36000565360383746,0.5818048591404459,0.30711080796806195,0.5527846153276063,2,0,hold_price
0.45940848022995523,0.6318015463518166,0.5274787027636378,0.4133271338499203,12,0,discount
0.18275864392057795,0.5555229071058353,0.34642454466612,0.5020569032277031,14,0,counter_offer
0.30597521242294357,0.7726930232038545,0.1814197900939507,0.5780501002789438,1,0,counter_offer
0.1804253512322712,0.19004088849215317,0.25184336729780965,0.42058148128779943,14,0,counter_offer
0.2994285135768926,0.5557121327413967,0.23932336319598144,0.30919277595550343,1,0,hold_price
0.32983791379445326,0.1581017889436298,0.3153077899802481,0.28741074522577664,15,0,hold_price
0.3246509249555809,0.4072519392909919,0.09240071749739605,0.44761632045271327,5,0,hold_price
0.33059586633923566,0.6639938234160748,0.13968251672923407,0.5207383495348633,22,0,hold_price
0.11078590649788583,0.4930716083141704,0.23574004297351478,0.4977696750491312,7,0,counter_offer
0.3620932113140238,0.37959153667218126,0.5791279019342154,0.29576719182872446,14,0,discount
0.3536376603711005,0.8849700014156061,0.20517111829877646,0.46410542204233934,14,0,hold_price
0.3571646549975974,0.7728257144974784,0.5807312061002435,0.28595186871805806,20,1,discount
0.08333174873241786,0.526290785000375,0.25936805655642,0.23063136224182657,8,0,counter_offer
0.2510774790863687,0.9500531556754879,0.08452447462747754,0.178602937566195,8,0,discount
0.23406580942057836,0.42436528943499385,0.3086206220474215,0.032727391462143075,16,0,discount
0.08902016763943962,0.788072927588106,0.35373514784590204,0.1206975232977548,1,0,bonus
0.15006556755356482,0.16793623980141792,0.32378092019745197,0.43800423288193346,13,0,counter_offer
0.24843318430911654,0.28579247711059697,0.2045201122386567,0.10302649124827035,9,0,hold_price
0.384307839436137,0.33808558133395483,0.19338938210784898,0.5407062333395583,23,0,hold_price
0.15667793464309843,0.10582075270452329,0.2719440513169651,0.047149586762473536,12,0,hold_price
0.42338745955621016,0.5018048150760679,0.045839549772319084,0.03067612593643787,18,1,hold_price
0.29560922858275857,0.19226013412649567,0.1385429893806383,0.28864948832666987,19,1,hold_price
0.3921897583330779,0.6341858894496586,0.5021505604165436,0.13359836752447965,3,0,bonus
0.2626501925015857,0.1900923595730183,0.25332832512994075,0.06177176407813249,15,0,discount
0.27463740144000054,0.12350625733927534,0.32241118059870516,0.03592076798960209,16,0,discount
0.3288737252208381,0.9690867275989246,0.2262614770167082,0.3163779186508931,10,0,discount
0.46758677367462087,0.6582403058111063,0.04279755193124785,0.15567852363683185,4,0,discount
0.2713156616358095,0.9364509147084885,0.16896148981547757,0.3334598495096191,11,0,hold_price
0.28789589214873096,0.48988779199323196,0.4901304463730516,0.08897867175122821,1,0,discount
0.3208986335873883,0.033402463063374244,0.06364669363075279,0.014654417204975111,23,0,hold_price
0.3818818117839766,0.5743711704314439,0.710738128760125,0.01635553027780563,2,0,bonus
0.08233265096880545,0.5583288868357085,0.43308402101823934,0.06760370873158791,3,0,discount
0.28205934733488747,0.014975605936593972,0.32475196501149395,0.4776254517283699,3,0,hold_price
0.2667162151427196,0.8612420444018316,0.37352321150277523,0.26910840511777906,4,0,hold_price
0.46475824290690665,0.6199706806164247,0.24509821987821653,0.374316264221901,4,0,hold_price
0.2720779611963535,0.7446911693761461,0.5289636655515616,0.5249936633389486,15,0,counter_offer
0.26074424061244894,0.4939211061575146,0.41468739742177346,0.12756292096727745,2,0,discount
0.4829899948406159,0.618402437908263,0.04934876325118027,0.5228091618299473,16,0,hold_price
0.2527594086203967,0.2574698932285242,0.20188297739062183,0.44738128039476144,9,0,hold_price
0.13139799364494065,0.9737577677686472,0.24303506583623835,0.43741086646963234,9,0,counter_offer
0.14761225526260474,0.4007200075476651,0.22921521746309625,0.5224420440612244,12,0,counter_offer
0.09283439225163836,0.1623266213376291,0.4830662583759887,0.0755266123609855,0,0,hold_price
0.050255658166525004,0.055915418374627324,0.1405976223312247,0.32430067977617,12,0,counter_offer
0.2443755474502169,0.6361719330853711,0.12870624295184394,0.29011999303561603,12,0,hold_price
0.3961591615841996,0.9833798511764558,0.5328133533302931,0.39839972300193843,17,0,hold_price
0.3800598992599261,0.8957944968462817,0.13005883973859783,0.14279331938069242,3,0,discount
0.06446708951128259,0.7021045674864136,0.2286422812314491,0.07639575599125015,1,0,hold_price
0.3064923066173148,0.9905979289928608,0.11084606253470886,0.5840664203617693,1,0,counter_offer
0.1194274064360642,0.7228282620421065,0.3623977192063397,0.2794089146949497,23,0,counter_offer
0.4734843281441138,0.33925112340139596,0.32540464914336314,0.13921217203505534,8,0,discount
0.12531424983988068,0.6012181330601731,0.16251232798135504,0.07719367705988933,5,0,discount
0.3319876479638667,0.07976664248556153,0.2037030439653148,0.35615896536931096,3,0,hold_price
0.19680726297382556,0.22168249022254083,0.21533433985829062,0.08865736036900297,6,0,hold_price
0.3387025966839585,0.4175402359284922,0.2186903731676562,0.1098255812019728,10,0,counter_offer
0.23551636840883383,0.20181849356304526,0.3959958649613249,0.5712916427728164,23,0,counter_offer
0.3918393735378776,0.9535010148281706,0.113364371563453,0.017499397617868093,18,1,discount
0.15380560639753604,0.9955975267446494,0.3213263938888262,0.1120981340661145,20,1,discount
0.4576063338114171,0.37093592012166543,0.019818818071364288,0.40273140496644244,1,0,hold_price
0.2750943421910085,0.7092289860771986,0.3835083665704491,0.13013641242404853,13,0,discount
0.39024191647078377,0.40777073066324054,0.249990680235662,0.10916400264124468,11,0,discount
0.4323785861305522,0.1395092043862064,0.0654295272131455,0.3339001528688469,4,0,hold_price
0.4994728749296622,0.33692684770210857,0.21539962530920437,0.4175738514092553,11,0,hold_price
0.15077554951728123,0.2333716987156632,0.19989662249750975,0.25837964743893044,14,0,hold_price
0.1791015861035547,0.32807822040741974,0.2891461986813991,0.4687727135239365,0,0,counter_offer
0.1626948890293497,0.21502168839771651,0.022110902297888098,0.4891260336842486,23,0,counter_offer
0.1682920994719022,0.1123451190582464,0.5013490386973632,0.3738505616857705,17,0,counter_offer
0.3121001336927198,0.2174284293624129,0.1561236587181394,0.3466914166619673,22,0,hold_price
0.4970851354156293,0.9057570318298428,0.07315745132630615,0.48978306594651777,2,0,hold_price
0.4956251391917395,0.08522167577652873,0.19051002403174255,0.009017964670142486,1,0,discount
0.28704795411303846,0.3247566437552345,0.19817021066355853,0.3063808950565073,22,0,hold_price
0.3375622446191032,0.5284498945026354,0.14270068027076477,0.07723954382199079,22,0,discount
0.4369867446657227,0.3545126561783568,0.14039380422038925,0.13293405762385405,15,0,hold_price
0.4698200563040773,0.5176070950188872,0.043496058780545785,0.569399543097343,4,0,hold_price
0.14173728229829477,0.04342006023435396,0.3344103491500257,0.002226143211064402,6,0,discount
0.2878437780241038,0.6485696333643778,0.061385001823879425,0.1842084104666177,19,1,hold_price
0.42477667459768054,0.5634788015560602,0.18719435163193254,0.09261660749791327,22,0,discount
0.18644093448556626,0.6809662658546916,0.4534433040138775,0.3422501535063582,16,0,counter_offer
0.24791406911621,0.567257815827237,0.1315006400128911,0.5065559530890889,9,0,counter_offer
0.4935294956804036,0.4379035824256632,0.3114752257179596,0.23453327462894474,19,1,hold_price
0.49327101352439195,0.35014154229408245,0.17751553794944908,0.5023112433704323,6,0,hold_price
0.4577480648443317,0.2264351900997762,0.34988907399203406,0.2641418718284857,3,0,hold_price
0.4093017551726259,0.5000677268066126,0.3519827734628246,0.5454263703842691,9,0,hold_price
0.1711087253252626,0.026052452377506974,0.36470721808190854,0.5081669778247816,11,0,counter_offer
0.19438253333023436,0.32824082809932575,0.4787009798385938,0.10729170215223094,14,0,discount
0.2962772785421936,0.6778722935645294,0.13013816914995188,0.5310384168122771,16,0,hold_price
0.3023498185529055,0.10871703968635926,0.21301701731095254,0.11553845071911222,17,0,hold_price
0.27747626871068015,0.06289124231952858,0.3369100728579122,0.29423684831220887,4,0,hold_price
0.33650162596233774,0.6521786052913653,0.07165345467046129,0.11760234533190432,15,0,discount
0.23374536018484499,0.39777472114235024,0.2047548938474579,0.2318774847199719,1,0,hold_price
0.3871283707919898,0.8018250365493811,0.13783115564807652,0.5913625725843557,22,0,hold_price
0.20009746691525993,0.9373113039713239,0.6512355596944047,0.45908411429546614,10,0,counter_offer
0.19880464862585867,0.957040453732577,0.6846070871962361,0.3324442624989431,22,0,hold_price
0.10725168285132261,0.4255928538941792,0.09654005415011266,0.5612871181184168,20,1,counter_offer
0.13492049451301366,0.2643272242750323,0.4035351833858928,0.21582211064724924,4,0,hold_price
0.43273439551461096,0.608613738742478,0.1920220707950073,0.10392351625886621,2,0,discount
0.2508270523611987,0.6281929259282364,0.5091243135787754,0.49737156653537873,21,1,counter_offer
0.15254050394877522,0.6223449360758967,0.3057747637003535,0.007305216562030269,11,0,discount
0.39170349501007434,0.32177861371888117,0.2799667125751139,0.4827572380413274,2,0,hold_price
0.29929150661758674,0.06375173641730303,0.2295301190982661,0.01311430038421002,14,0,discount
0.05952020514048207,0.21000483882559895,0.13809425775211032,0.1706282587705719,22,0,counter_offer
0.19236265580152184,0.15441942802223374,0.28985978022900916,0.21329979932342852,14,0,hold_price
0.12965063500460347,0.12390034578331022,0.47642000601378487,0.19111747612566313,6,0,hold_price
0.3451427874422783,0.9262833210715731,0.21249142375634683,0.14605922358766935,8,0,discount
0.1737639682836138,0.013847645973967926,0.3664473663428178,0.06490707645907723,6,0,hold_price
0.07922605064447463,0.6018577392363217,0.5289500555043938,0.0019080428088748878,12,0,bonus
0.07472074513895118,0.9474737957401368,0.573725654737801,0.4648271091597762,10,0,counter_offer
0.3117772840814217,0.3600531274941279,0.26794815322115045,0.27414944920173606,8,0,hold_price
0.05977555506684033,0.5270980891724625,0.10183581428779243,0.09716644978666851,4,0,hold_price
0.4319564509112399,0.6957836634751596,0.5800747842720089,0.04930621769040117,0,0,bonus
0.11992870366577403,0.31716969465823885,0.3130167329789508,0.1670626803622077,19,1,hold_price
0.3229548508379434,0.47765198770724915,0.20495340148413208,0.21262447405542423,19,1,hold_price
0.25010961260483555,0.817102850332752,0.18067776771661126,0.2768510561420722,2,0,hold_price
0.24928318455435616,0.7453556652802635,0.047741419346548894,0.060632106945326725,5,0,discount
0.08230871406202064,0.8084494114928407,0.3818391916510431,0.5879540034605452,10,0,counter_offer
0.41123851259549704,0.987340163627656,0.1543185459337278,0.16124778652203198,14,0,discount
0.45187361813896365,0.370327474936179,0.19721181341847446,0.2647775366537806,21,1,hold_price
0.05495750032290281,0.7470912629357731,0.25322626886761657,0.4254092583548693,16,0,hold_price
0.13037187906370298,0.6027845671019829,0.5870741310165075,0.18611417966052204,15,0,hold_price
0.45675688495796546,0.6666047672211963,0.38112853756339754,0.04949817666126694,17,0,bonus
0.29727212576002615,0.7398739048329345,0.3825164579811568,0.22592427334427978,14,0,discount
0.11751781021169456,0.7497313169463148,0.39420994622780037,0.3317236301977763,22,0,counter_offer
0.1412557036741215,0.8857451492948196,0.2669291817460198,0.5050523519121831,23,0,counter_offer
0.34699380990670137,0.3493216752360554,0.1054906707335345,0.22075564733149625,10,0,hold_price
0.37616757001109286,0.6534813561119106,0.16490827592545876,0.5337125763177449,0,0,hold_price
0.31974206386097087,0.28029043159685585,0.46436718875084476,0.32764521267605073,23,0,hold_price
0.4789167709606366,0.5945687051169751,0.2784357416458412,0.430491984716651,7,0,counter_offer
0.2723286216477997,0.7511751401719279,0.17315935646575378,0.018099531423324076,6,0,discount
0.185122360464137,0.7910010861616403,0.6107928408964117,0.5374363936604359,3,0,counter_offer
0.2647548094891084,0.42012450298912274,0.394313386661921,0.12806824797643898,18,1,hold_price
0.21184983214997494,0.5087202232013598,0.35385702782130224,0.19552119757150246,4,0,hold_price
0.15098715170360885,0.33384985117017285,0.29649021362737144,0.31419316587428864,23,0,counter_offer
0.07068346220306304,0.1690363465396305,0.19359830115550974,0.5758979299553884,5,0,counter_offer
0.2084956221043059,0.2605174051925322,0.2966817547133004,0.20740506582544885,1,0,hold_price
0.37013420646938405,0.9121370048998244,0.23251585469181762,0.13230104454790498,15,0,discount
0.058297011293837214,0.30896954240931596,0.23400054675064377,0.5764363160632853,4,0,discount
0.24763033094267062,0.9747593335456102,0.05000144805624686,0.4850786024914307,6,0,counter_offer
0.33980423065244075,0.24147808521538172,0.4586004749047173,0.39805213153672503,2,0,hold_price
0.3246818491284382,0.7230710874810448,0.33875402762381224,0.24578181134125388,15,0,discount
0.39949179614992214,0.5739032935718357,0.3133837649211773,0.25227298795288683,5,0,discount
0.41473387204690887,0.6968700495247986,0.3579466533400518,0.570402265441386,17,0,hold_price
0.37026761941372455,0.643957946609181,0.603883839989567,0.041375099773862174,6,0,bonus
0.09625896326513725,0.7067485835975892,0.2267935691707656,0.45450012332113926,9,0,counter_offer
0.2637600998019623,0.905547048435459,0.11736971990280312,0.3606902864518431,11,0,hold_price
0.3215326808694239,0.5634694960624814,0.45137288622878335,0.5810611441982184,12,0,counter_offer
0.1605047174642532,0.06784878290399521,0.26601339198422824,0.33504318841596165,19,1,counter_offer
0.06914831794104943,0.27082543444689955,0.27043271823463133,0.16832401770292427,3,0,counter_offer
0.15061564439422112,0.7082189804087639,0.06252159914890147,0.4679512663401399,5,0,counter_offer
0.2547024807796875,0.49407462797567336,0.3880179310962173,0.591377147199125,18,1,counter_offer
0.2362686435745704,0.5485519826196869,0.2076565565159712,0.5444721932004227,20,1,counter_offer
0.12950014159722273,0.5965804553802915,0.4576425123734321,0.17684353064076752,10,0,hold_price
0.42098699420757174,0.38262927298456995,0.23983785249195347,0.20781017480960076,0,0,discount
0.466559000931526,0.7738955250878552,0.31448785700913967,0.4528921154006125,20,1,hold_price
0.14060674357372185,0.7235348838965485,0.10547651933893915,0.35891429331573155,14,0,counter_offer
0.46830781200524974,0.7142994121931139,0.15351805977166091,0.006967657075425548,12,0,discount
0.058037431628831376,0.7153101740349447,0.4847637489660958,0.08511698875496983,9,0,hold_price
0.46623311271812545,0.8903580016542478,0.2714474506539819,0.05129523213614808,16,0,discount
0.47836795553640854,0.5953927794432744,0.3943625257627914,0.10723722990687556,6,0,bonus
0.05542333835716634,0.9670721994969583,0.06310780972107516,0.18294585386451856,8,0,counter_offer
0.3933586835495366,0.1191926843906379,0.25095620437652016,0.5803197283653472,18,1,hold_price
0.48659070765642953,0.6319589765938644,0.25725829442983666,0.40588160031091164,8,0,discount
0.45765599846800026,0.7169265459357955,0.13687403970599119,0.03285677288932622,22,0,discount
0.48681957253829583,0.4772204109543595,0.17867455042569927,0.36441907847678096,10,0,discount
0.2976455775639377,0.28820838645693647,0.1107548551119206,0.26199857833874673,13,0,hold_price
0.08517026294842472,0.550037452711099,0.25320103131180177,0.4524237856185782,15,0,counter_offer
0.43240513901226624,0.3647476802907027,0.25253508491745025,0.5303568332714037,16,0,hold_price
0.3262227151140552,0.9091240710678165,0.22377347786779936,0.03912793565868047,12,0,discount
0.32663153488473007,0.3567924125332549,0.2884323063605774,0.5879595108356844,8,0,counter_offer
0.23776412443640882,0.17570699270212908,0.14507229173547112,0.03474315341086733,19,1,hold_price
0.3073288894344991,0.5763891401654528,0.3571520182866181,0.43942400939381704,17,0,hold_price
0.11911090058875154,0.39599259138036935,0.20081330774492248,0.5418791898136445,1,0,counter_offer
0.38289651195476765,0.09589814480084102,0.1641524815405187,0.45103150476975573,15,0,hold_price
0.08375778830819405,0.5648423509979084,0.31124979784741874,0.09047364100155934,21,1,hold_price
0.3784013451697064,0.5378464111657014,0.2801973551719103,0.1247956364138437,13,0,discount
0.4320402901811843,0.1731970866331951,0.4505514016807389,0.024707441612196002,22,0,discount
0.26261090490401967,0.5976381689598429,0.2550014542203278,0.07864315246372752,9,0,discount
0.2794236647256722,0.567358973857489,0.21406741896170456,0.03660989187902173,5,0,discount
0.19049642281493523,0.773612623041591,0.08191990120981055,0.03218325637010135,11,0,discount
0.4862563626765144,0.36156992984263436,0.19144594987309496,0.3372671194320428,2,0,hold_price
0.3799060135517954,0.2487595236636393,0.48394231970522594,0.04602010699659731,1,0,discount
0.21604484898515525,0.9512198869707755,0.27504119303037794,0.2550369847381693,13,0,hold_price
0.1286633238048523,0.5612175227827881,0.2882759023583831,0.42579778644349875,0,0,counter_offer
0.1488108164909411,0.027139958884180304,0.3348145232334405,0.009080854283278183,1,0,bonus
0.2587650287495225,0.8207116841117432,0.24893780573968946,0.38332655944887273,10,0,hold_price
0.47415578014145204,0.19675806091894077,0.3027000174808299,0.4543103198142108,5,0,hold_price
0.38036585559241315,0.7860363176458435,0.06870425525610535,0.32200205655910535,4,0,hold_price
0.14685968668061744,0.7051624271559648,0.1505991532253972,0.2853550473220645,12,0,counter_offer
0.4368025100385041,0.9688137242631573,0.20147785564517867,0.43850451834722504,7,0,hold_price
0.2201902353543565,0.9655793015945262,0.5756200396868838,0.31783957313012073,14,0,hold_price
0.43327498223863337,0.27441062465575994,0.21461058016865525,0.30556982282318224,10,0,hold_price
0.1587648190915089,0.7664495812234184,0.1816695227450364,0.4810898260310888,4,0,counter_offer
0.32839727537134294,0.31685508577992394,0.24805177000872125,0.502532855877866,16,0,hold_price
0.4670017196365769,0.6291979388295943,0.28693112152606104,0.22105094615990512,22,0,discount
0.16605230411650737,0.5977460849545931,0.37625593925155987,0.2492874558732029,17,0,hold_price
0.3618169657636347,0.05454351562116466,0.19170119036755537,0.48045613758708083,4,0,hold_price
0.4942906789807147,0.005181749835357574,0.23835303871812522,0.32692085329372816,13,0,hold_price
0.11776922925935158,0.05776401459480951,0.08574613597328826,0.41208805413950816,3,0,counter_offer
0.08978103081530348,0.1279420475317411,0.27952776479690356,0.04510502198832615,0,0,hold_price
0.35338783660016726,0.2576524913477737,0.2818563375751179,0.0572212437351417,3,0,discount
0.20288117648706366,0.9069552232425624,0.15190576263777147,0.31908086622948145,19,1,hold_price
0.082060014814966,0.5186326753466863,0.22301776395407213,0.49153652653552354,22,0,counter_offer
0.2638875280476219,0.7968917388407887,0.5197081695542538,0.18992525574465835,14,0,bonus
0.38919680583978006,0.8383117521072081,0.12974260779756655,0.5763793580442159,21,1,hold_price
0.17830508018683494,0.7349430985905412,0.3688109560534847,0.4561951958181209,9,0,counter_offer
0.20077109487731065,0.39138512442057194,0.3035420570377036,0.4690269959320684,0,0,counter_offer
0.43056473029113745,0.8638593938409828,0.563513032747149,0.5004203646462059,21,1,hold_price
0.28403236051766967,0.7420497533209206,0.28665110768302743,0.15269291949096922,17,0,discount
0.42922938596291244,0.7431514434050525,0.08065226515414649,0.19819535981335676,15,0,discount
0.25087527146466926,0.9015743271655693,0.4788914819825736,0.07105907667863613,1,0,bonus
0.47883882270204653,0.5986634724576837,0.3383713187449852,0.22821349327504414,23,0,discount
0.3428575653729815,0.5285744299621766,0.44064245831182475,0.021499298067384997,1,0,bonus
0.10215448939366224,0.8901625575970753,0.201960147415015,0.4508924949971735,0,0,counter_offer
0.4482918447020603,0.45446172816419683,0.15421761606737605,0.48153427179863273,1,0,hold_price
0.270169335873859,0.8115706960288429,0.6439252837648161,0.12817348552297125,22,0,bonus
0.11373753558780725,0.05384636044480773,0.2614793752664426,0.29393942019447805,19,1,counter_offer
0.11871056022863932,0.001289944456322134,0.7876746055701951,0.4031956673219273,2,0,counter_offer
0.3593902707994423,0.5282924896043568,0.20690350615088623,0.4455243190272497,10,0,hold_price
0.07131762802827041,0.07361189381638022,0.38152709100309473,0.5816629933586158,12,0,hold_price
0.17896719421121599,0.9765430134530636,0.30612224519703674,0.12039197735711464,13,0,discount
0.11290441571144065,0.005501174039798773,0.2598113628888649,0.14803434523664838,4,0,hold_price
0.24848484332777793,0.7181496364986464,0.1494374194149924,0.5123274772576842,0,0,counter_offer
0.23645919739746257,0.24338469578622068,0.13768492314514996,0.05832792985603212,0,0,hold_price
0.28484439560998515,0.9675520052720562,0.402884021922469,0.47152935760843434,21,1,hold_price
0.17583634809613863,0.38154165062789613,0.5157384063262299,0.08000443303796109,14,0,discount
0.06441961522017974,0.02728342626386515,0.27685928519158753,0.27868242724825604,23,0,counter_offer
0.3264737479408336,0.02693576540878273,0.3236816050763823,0.35534589161777413,20,1,hold_price
0.21817310129705814,0.5533733717246886,0.4631227988253519,0.46072654605331476,5,0,discount
0.3431007494330209,0.9867119790312812,0.14777366175652273,0.06871780310099951,2,0,discount
0.09890013686192081,0.9797735350457194,0.64606597558448,0.49443485524303954,15,0,counter_offer
0.05619980988232265,0.3372729722892658,0.570608118630475,0.510334526283099,5,0,counter_offer
0.16173241154838175,0.48270364918889697,0.5173097910432838,0.47609968149055837,16,0,counter_offer
0.2554462953473235,0.1004558057978161,0.08353558819626596,0.5623867492565748,23,0,counter_offer
0.22733238837581027,0.5221768559917317,0.2580822991065159,0.5233350872272197,23,0,counter_offer
0.41463614987305986,0.5997015990482731,0.23403964583394912,0.46078723453446335,6,0,discount
0.2200269398867708,0.25106166561132104,0.040650266437112566,0.3476014917864895,11,0,hold_price
0.2886985308213855,0.6121144359151738,0.06228951720974076,0.48517474710746067,16,0,hold_price
0.3170820165989865,0.8996927516962538,0.12159501027825988,0.58519972201986,5,0,counter_offer
0.05982412624061523,0.0009553334234805311,0.21313363369199056,0.3823915492743377,13,0,counter_offer
0.28181001958078505,0.22893377430794448,0.20380870371235132,0.14556307400334256,8,0,hold_price
0.20517406672947702,0.20991956332393813,0.5379124978304505,0.14870752195111697,13,0,discount
0.23957605745746458,0.12388620303382702,0.02464638555297608,0.4775923456459178,15,0,counter_offer
0.09512932932286261,0.16610121273710188,0.4919622398537438,0.5936699737959187,21,1,counter_offer
0.40226925454189033,0.6259125453653877,0.08976061656432235,0.1261871007034094,11,0,discount
0.4740819128638351,0.10269439015064263,0.16784318060332618,0.5820508179678453,6,0,hold_price
0.06002096928332001,0.7385316090207217,0.412594541431512,0.1609734915942996,1,0,counter_offer
0.32061774326510656,0.8870225905583834,0.14372643529995946,0.24768175757009894,16,0,discount
0.3937298302797611,0.926587724178369,0.11044199736047039,0.5448919664509372,19,1,hold_price
0.17816341489245024,0.6601758143197008,0.14534761667850554,0.5770886804193093,9,0,counter_offer
0.40440001318844754,0.19739641063361602,0.21023320419565392,0.34017264582853507,20,1,hold_price
0.33455977284483557,0.08529657553990788,0.3495459908032534,0.5700542816774437,11,0,hold_price
0.4681231845219815,0.2320249538069996,0.45027884459241035,0.5054514471343305,11,0,hold_price
0.49145216510919776,0.9619571857850425,0.1305671654004639,0.5198373195597703,1,0,hold_price
0.06905575129941717,0.9623452017507121,0.45583517618078595,0.5209490016819392,12,0,counter_offer
0.2502219924621528,0.38191888391834206,0.315581137845033,0.2317492852599252,14,0,hold_price
0.2961445044101982,0.3257915410975506,0.06461284393398883,0.01839964145985986,11,0,discount
0.11603445494344362,0.5100105822590654,0.24832522536864132,0.09879136007784213,12,0,hold_price
0.2013286236923128,0.2916880914674007,0.43954617125963397,0.044681020574851966,12,0,discount
0.4944413514904078,0.9796624516555633,0.34355769940960756,0.14543891729204114,16,0,discount
0.05730370535411215,0.2212213900245774,0.4397935942343543,0.033176341686754804,2,0,bonus
0.2536285691859728,0.3691426821827686,0.2977985549987296,0.16616444218312243,12,0,hold_price
0.42919457977318826,0.4293708757001783,0.5547278997600728,0.3533760448580578,10,0,counter_offer
0.1957555682236798,0.12506402308116216,0.17450034159830136,0.08463592254296153,8,0,hold_price
0.265909326239819,0.38282482677012986,0.316968504031561,0.18944568776248197,10,0,hold_price
0.490120585604591,0.8567307201019734,0.39360774283807093,0.13448160514660973,16,0,bonus
0.26369457641406674,0.14036100145675845,0.566390174327549,0.05706132380248188,23,0,discount
0.10891459046592458,0.5840219508261872,0.1711050828273117,0.4056591530099822,5,0,counter_offer
0.07327467124987598,0.4066371380600168,0.11199177951742698,0.5358158031487528,1,0,counter_offer
0.4754374575979768,0.17053672611745474,0.34013421338110617,0.42959575799082533,8,0,hold_price
0.16961423597377956,0.012336164449205822,0.0933711537326993,0.41052856177953206,7,0,counter_offer
0.27682875795404793,0.2733433034899002,0.044833213943613934,0.5898109479648359,1,0,counter_offer
0.09081579474048587,0.06182896069800192,0.18242017762974558,0.4387650622972226,11,0,counter_offer
0.2406448042477723,0.3767684712967352,0.4053327398254162,0.028261567349485348,12,0,discount
0.46854748366255583,0.8102098556993457,0.08551723659384906,0.1309478703471822,20,1,hold_price
0.27608584713392226,0.7196852608776124,0.2100980725473743,0.38247727020862515,16,0,hold_price
0.48701081831104753,0.9473837117017669,0.1884087090893859,0.3834266029687376,11,0,discount
0.16647603675682987,0.42701541733706916,0.7868746251055396,0.4995590503030519,15,0,counter_offer
0.27704535786677176,0.7078013985918528,0.06765277014748776,0.0953008878994019,6,0,hold_price
0.43678885631419634,0.6653417221020202,0.6710512552212637,0.5887300865784972,3,0,hold_price
0.25171355954918473,0.21704630315825957,0.2220105768052618,0.3097745859605165,12,0,hold_price
0.1757693181065853,0.3035825052326585,0.17389477416684504,0.5522474683750245,11,0,counter_offer
0.43496391353804675,0.5298295333977603,0.28118815748737813,0.31760581477151933,7,0,discount
0.22545026099267407,0.7966573190059218,0.6298900909277271,0.11214888234874269,21,1,bonus
0.28882548097710536,0.4618127344629326,0.25241935095424495,0.2106112968862844,13,0,hold_price
0.4894371798868155,0.22774153617552728,0.4647902523133664,0.13269979180335065,13,0,discount
0.13391748264013875,0.9934656902803698,0.05971170566931548,0.1585353071757823,16,0,hold_price
0.1856302865240836,0.11557880635366846,0.049065994621185556,0.5342147050057855,6,0,counter_offer
0.06398132003142798,0.9558889074913278,0.45021011327096866,0.2264367559981546,12,0,counter_offer
0.22632696945952374,0.8090462884304888,0.1769941028203694,0.10960257284979733,21,1,hold_price
0.1400825437631868,0.8388935193078518,0.2545776602450012,0.21872540111210484,14,0,hold_price
0.3560157209335511,0.7949175830914994,0.6466082662167564,0.37035458819501743,20,1,hold_price
0.13159465644463358,0.208170941304622,0.21256354031968638,0.1205316720583638,0,0,hold_price
0.35366573858264133,0.6325823773952418,0.42753856822485975,0.03058863037690429,17,0,bonus
0.16856394268519298,0.7567498124509318,0.17803198475578283,0.5232720200081253,15,0,counter_offer
0.2098480253545399,0.7456857921016514,0.28759262441126526,0.14353219372763493,21,1,hold_price
0.2069872934208789,0.2715653705440776,0.06252529993189024,0.5618177179443157,23,0,counter_offer
0.3725382875736242,0.18111938776368142,0.491494316199985,0.02828642809315511,3,0,discount
0.2599291684122544,0.3281229839145492,0.4826377209284567,0.3905029261150213,11,0,hold_price
0.21258450448370741,0.4798444803773918,0.4939828401432713,0.39914551698567696,22,0,counter_offer
0.43368022356775243,0.5737807470636765,0.06770152644231739,0.09361691380801784,19,1,bonus
0.30737778153854123,0.8369503623191604,0.41213166054970457,0.3991392311404739,2,0,hold_price
0.14622386957509903,0.769034227704616,0.44484718464268364,0.23258254645595644,13,0,hold_price
0.4550410751646572,0.6761505256665161,0.12063641026315725,0.22906138474554072,8,0,discount
0.2041926332151383,0.2634892929427606,0.3585938036026122,0.5264877031624181,16,0,counter_offer
0.06754071989179418,0.47888049893494333,0.3672350447603754,0.5714487335515165,12,0,counter_offer
0.2725701007885038,0.33543587412796105,0.016921032745364818,0.10206835947526509,7,0,bonus
0.10577212449839501,0.23492817955053413,0.17260514302274144,0.41045939709117274,10,0,counter_offer
0.15730989967208414,0.010245360383479452,0.25386492933271454,0.09282609343155969,23,0,hold_price
0.38619989270933497,0.3394619705706906,0.11657187275343388,0.021000306586607318,8,0,discount
0.10883831601934336,0.2561162677146215,0.049581270669968494,0.08971850736041805,5,0,hold_price
0.41312490095931603,0.5719023269668166,0.30670152577335363,0.3807935112652252,2,0,hold_price
0.47160827965892915,0.0623017702837122,0.0677862000987882,0.4358624261129607,3,0,bonus
0.3229394451835751,0.2705195967102011,0.1943373606991358,0.30422199827031116,1,0,hold_price
0.36966163641027316,0.044769489988415345,0.657539074299086,0.5709993898170425,1,0,hold_price
0.3711139744583378,0.641417904513436,0.050284660179484,0.4585037230102762,12,0,hold_price
0.4967635807717002,0.5681895585686249,0.36813567911469613,0.09697093421493998,12,0,bonus
0.20369221799073028,0.3374800230744732,0.1795799935602549,0.12476256420011601,19,1,hold_price
0.12328544805921612,0.1473346004355438,0.1556358349173099,0.3576491744070557,14,0,counter_offer
0.2836252557114447,0.9579198327687352,0.3370286389705057,0.19998036214926632,4,0,discount
0.28996241442426873,0.5843924473886134,0.16361094481479996,0.0005358492294256889,15,0,discount
0.13006061973326502,0.6791133665720679,0.28554872571956336,0.014576576223938598,10,0,discount
0.3258992385473628,0.5313487532694519,0.5070327740398087,0.2448593905422967,4,0,discount
0.05635613006457079,0.806533247646205,0.6113152910580396,0.314169206695208,15,0,counter_offer
0.4674507811043997,0.8963800495481213,0.35859197579735974,0.39199124745782027,15,0,discount
0.16905842501956775,0.3827105435976298,0.3383180454821747,0.4578838921264617,10,0,counter_offer
0.06780209377558633,0.6900253122306106,0.2222260546647816,0.5812553238724452,3,0,counter_offer
0.09871224866368566,0.22988748454639696,0.1801305632562947,0.5033191882356102,0,0,counter_offer
0.1581120267258388,0.6518550471620385,0.15483415472126535,0.21356422170578815,18,1,hold_price
0.17325777587272034,0.39915562997655263,0.11267279166468427,0.32081630238795267,3,0,counter_offer
0.0647644997739779,0.006781599401304961,0.2291845433793106,0.12955200805743544,6,0,counter_offer
0.17570966548717815,0.9555278684226207,0.09345718699484368,0.581251878754736,16,0,counter_offer
0.13682378142206697,0.8684415455387189,0.25862204783763854,0.3212657593976942,10,0,counter_offer
0.22037941734553335,0.2908365503460284,0.27079738158780325,0.14980215066673352,19,1,hold_price
0.22332548181018613,0.9977573142328605,0.12440855552227138,0.43442625749789254,8,0,counter_offer
0.20255348327129558,0.3171276745565341,0.1848996237841276,0.2927341943810849,21,1,hold_price
0.1975657475888168,0.45884418645907477,0.15332709958577898,0.59803504251299,8,0,counter_offer
0.09037907498356305,0.8512590261744171,0.3119287914683607,0.04482635207651851,1,0,discount
0.06134222620677298,0.30459635132804086,0.4159234383396157,0.20128330520578175,17,0,discount
0.14095143507040997,0.45054028438750005,0.1843545305746255,0.5651111367139506,15,0,counter_offer
0.3904922423374769,0.6655871671232555,0.2367691240546281,0.2767199602566945,23,0,discount
0.49586439449800496,0.13046755477242822,0.3181508007915742,0.18707671216123434,2,0,hold_price
0.46783677877579805,0.4223503686917177,0.06630066308544802,0.3629233268457928,12,0,hold_price
0.2768987099919959,0.3094099373616265,0.37223664486447255,0.39869612993779746,17,0,hold_price
0.2893207351000704,0.676774305864818,0.10549742782927468,0.055684492166556396,9,0,discount
0.19156170606612916,0.1359693900603718,0.06162779593281022,0.15563241458979116,6,0,hold_price
0.3982727473869453,0.2327314791009374,0.23685792873208564,0.18538518507529342,7,0,hold_price
0.3941405095696919,0.7113762037524828,0.49732363068149,0.1474863194047445,0,0,bonus
0.42992256091210007,0.1562243697241148,0.23028138573551346,0.22972656938259273,14,0,discount
0.452977059738598,0.4220192622398897,0.19487223264014317,0.20082509984449118,18,1,hold_price
0.2454571617013831,0.7128807220926188,0.4750693114177951,0.4388529886974131,10,0,hold_price
0.39509400564823893,0.7654683844300053,0.16649612394724575,0.359360702863367,0,0,hold_price
0.41287942795814536,0.09488117867166845,0.15656636026500972,0.2575165848912324,18,1,hold_price
0.18880683012398758,0.8519956094194782,0.1048875793870019,0.1200024133747209,21,1,hold_price
0.4681590098027675,0.7239723011299664,0.3539098357233553,0.25238366103508053,14,0,discount
0.09245367618784496,0.33929458869331375,0.5056335018076991,0.10829041602132845,2,0,discount
0.49742113062347726,0.76380285233024,0.6585784028835173,0.571287515265217,9,0,hold_price
0.39654082317149125,0.728298865340659,0.2742006039122547,0.10426417837922819,13,0,discount
0.09197190739594727,0.6008912265083856,0.11768588282851983,0.5152064203826741,22,0,counter_offer
0.3453033416472503,0.5584811734058444,0.2949375740653906,0.36934845568393426,11,0,hold_price
0.06538073491771708,0.7347034888995855,0.1527328414142407,0.48649070288975405,0,0,counter_offer
0.3965841272498823,0.9992599017054545,0.5305551475747582,0.5331368208524232,16,0,hold_price
0.4096503147465749,0.5785522493158853,0.20835615392532497,0.4823909687914825,16,0,hold_price
0.32108461389115145,0.808717871762248,0.23493824338285527,0.35357693767844683,5,0,hold_price
0.4355871763624567,0.7442737173155829,0.4132939669723221,0.1601963173973158,9,0,bonus
0.09404747609668687,0.8558084020338257,0.2509804447732028,0.3960035182811841,1,0,counter_offer
0.17416572891836596,0.9545248613841384,0.5217487466838037,0.002906130544135754,2,0,bonus
0.23637988471670174,0.1930832074608152,0.24798521650921265,0.22647977841550274,7,0,hold_price
0.06910607877264423,0.1654596363951163,0.5148020935002241,0.5147782127586447,2,0,counter_offer
0.25169723940702476,0.5863518284149009,0.32750278267048305,0.3483217151098217,6,0,hold_price
0.1693460552506547,0.44929506288650445,0.36777862278026124,0.15637421785697717,15,0,hold_price
0.22673075544578886,0.5707226929191692,0.6820995923623091,0.5353084984142902,9,0,counter_offer
0.24129618439653794,0.7980427344855086,0.07257475053750856,0.009161435976462596,3,0,discount
0.4457352800694583,0.9317144800492464,0.13529094829515942,0.529755046765045,14,0,hold_price
0.17165343673743758,0.41741582519855813,0.21613228027503126,0.45567254317215483,20,1,counter_offer
0.4521844079223224,0.7179326455436245,0.338971715007321,0.08782574791273769,14,0,discount
0.24168693416578219,0.19679918784140937,0.33669687139812565,0.03774259282284853,7,0,discount
0.1975134743122937,0.5345519493545235,0.050905254416472784,0.5707412291295462,19,1,counter_offer
0.27613042220081574,0.021804777780519924,0.14380769474093757,0.040219909814259026,8,0,counter_offer
0.23798447886327784,0.503750567133097,0.3106803098521366,0.5842569714256564,0,0,counter_offer
0.16581754087481573,0.5453364591254999,0.4038942806836913,0.2523774231948994,15,0,hold_price
0.2762056961582301,0.7354453357783313,0.40377987404125026,0.21210259405332868,17,0,discount
0.11831077988547407,0.6494847902069917,0.16622477029266153,0.390026408695251,5,0,counter_offer
0.20836847436033473,0.35839673430580155,0.07000970079794179,0.29762804655583436,9,0,hold_price
0.30460559871834075,0.005730900713121323,0.3210043196265082,0.2340286786269616,0,0,hold_price
0.23603370997543638,0.11548587362294893,0.16002733408564965,0.3840970425121118,11,0,hold_price
0.4207605624728584,0.9730606535174523,0.3762288079390758,0.21003992097090604,10,0,bonus
0.16552479269082482,0.9223331583153058,0.06611719606178704,0.020612219490840376,6,0,discount
0.4863972104739545,0.32509316308114533,0.6032469305673699,0.494783631807615,12,0,hold_price
0.4031249093831081,0.2588529399238877,0.08604096880417167,0.30878361009015576,16,0,hold_price
0.4854168616988625,0.4364162936900374,0.18909732322925232,0.4120107007664715,10,0,hold_price
0.42716144967363684,0.6899400296120728,0.11112482942355982,0.34510433110359173,19,1,hold_price
0.1139467666332392,0.35682767265797366,0.4256143704044627,0.36851540748815453,10,0,counter_offer
0.2869070407857562,0.06729384773115554,0.27697282229447306,0.13136383977318072,9,0,hold_price
0.12649033453810357,0.4027950924443964,0.18627741850862817,0.5607963766587712,15,0,discount
0.41820230868226577,0.2605889944814319,0.26492273604055916,0.26863363209194163,4,0,hold_price
0.31287296713248314,0.3249300112112118,0.22286611740992512,0.5520580688822867,20,1,hold_price
0.1685521914606076,0.16295724578730442,0.21238940367458078,0.48415081331508814,14,0,counter_offer
0.4683195374032271,0.6588400694456474,0.14626588152142075,0.43204910628370485,8,0,hold_price
0.10183372399141731,0.5266309332452249,0.44563837775376336,0.2760707170581939,5,0,hold_price
0.3037380815620913,0.2708631172953543,0.07185657673751042,0.013586186711740677,18,1,discount
0.37446824960002645,0.5538624813062414,0.2798446812721319,0.18912728975896442,0,0,discount
0.0764818417995943,0.49270784716723803,0.09423404753047221,0.3989145555363749,1,0,counter_offer
0.31903521494279163,0.795974856566028,0.7195871808838483,0.19839200340133623,14,0,bonus
0.41715554695839235,0.9559842693402016,0.24922235410551727,0.05947642156531667,11,0,discount
0.08038729148812403,0.13067050897865595,0.35941652895901033,0.31065528302662304,4,0,counter_offer
0.2805093369979822,0.8839134789079829,0.07184771459839019,0.09268772783864099,9,0,discount
0.16635073016693303,0.7047969382849021,0.07257868484539023,0.18373230712293664,18,1,hold_price
0.3483160031916144,0.6925535452979048,0.3381442288925381,0.30114781662733353,11,0,discount
0.10340481518548021,0.3743008971424723,0.146469166108825,0.06976789740060171,12,0,hold_price
0.4716731438017281,0.343908195464921,0.3949385505440803,0.06751712298585637,2,0,discount
0.4526278617716293,0.005639484822516971,0.22226914216316365,0.1260532927658393,17,0,hold_price
0.13368848894406915,0.9822048746373078,0.09491909528079823,0.35508340628678475,3,0,counter_offer
0.1954696479642971,0.6065058323730488,0.4034785236697018,0.559918732700658,5,0,counter_offer
0.31443573859386936,0.40232862392392543,0.44932818201188446,0.14342199265040348,7,0,discount
0.3731280514854127,0.5437688218921786,0.3642643036684197,0.4318942270864528,10,0,hold_price
0.2491952068221162,0.04052703409626246,0.4090119043150581,0.11362710264855497,6,0,hold_price
0.12033109488243879,0.17365095529166885,0.16271350860167835,0.38130899019198794,19,1,counter_offer
0.09686817221129221,0.6233599249634025,0.11672323926122828,0.08263162790575156,9,0,hold_price
0.49989440161145476,0.51426172968362,0.13440389728951518,0.5072286500379101,0,0,hold_price
0.2549084546495693,0.7870748229276331,0.19889076514325701,0.4455053914868529,10,0,discount
0.44263928711682415,0.6587426904453371,0.5369952612094451,0.4084358667948834,2,0,discount
0.26706920208310153,0.6014356759793872,0.27157131175432814,0.008797065722033292,5,0,discount
0.4650609373457015,0.8152657043053134,0.35866200268451004,0.5018459109711421,14,0,hold_price
0.08949172224719777,0.06826310555190063,0.35004839507681945,0.090510309024332,14,0,hold_price
0.10130863610054794,0.6908867964312853,0.0685890918290886,0.32009340917460466,15,0,counter_offer
0.4683344844759009,0.7155907132890155,0.314751784785231,0.46599698287344227,9,0,discount
0.4763718702701532,0.275163549680011,0.04767977910300036,0.3790023101337175,20,1,hold_price
0.19162285135941354,0.19564963648739442,0.3014691368717573,0.4914148402316245,1,0,counter_offer
0.20982419914724232,0.21385247545599917,0.35817370522074427,0.4253112817928391,9,0,counter_offer
0.2536026056756411,0.19814086343199422,0.1729382347532273,0.4536456752687476,5,0,bonus
0.23727275603028086,0.5237821909035946,0.05146204439502394,0.17926128952131276,0,0,counter_offer
0.1355203471818185,0.13562631136582848,0.16913481953270862,0.2274634876624756,13,0,hold_price
0.4542689227727185,0.6592858614193504,0.3833962159637955,0.3008717583931394,1,0,discount
0.16398842031753968,0.10507825894876954,0.17955715971812503,0.3516964472321814,14,0,counter_offer
0.3673725842649432,0.026889640310256202,0.01177951025036217,0.4150026079089402,20,1,hold_price
0.08022005498073781,0.3192902424458711,0.284484442834917,0.33334483941439547,19,1,counter_offer
0.06743809918779327,0.19185972373304105,0.41772396575161735,0.4262743401723739,16,0,bonus
0.3441787126596143,0.9886620554100823,0.10292366048627388,0.09045017856424035,5,0,discount
0.20255713590796715,0.3029963006172174,0.44894120767444107,0.2367879685328521,15,0,hold_price
0.3449567267240006,0.22206408602551375,0.20044771705041375,0.5479832666030091,13,0,hold_price
0.09230954097597366,0.19676982349921457,0.5300528202502981,0.13017425170852784,11,0,hold_price
0.47743312096213847,0.3738529048034903,0.4117059207050441,0.08619652101405363,11,0,discount
0.38683151010189293,0.6058488953315778,0.37511148976459824,0.4468847029513143,3,0,hold_price
0.44432025486160964,0.7819452750462824,0.25235306505693794,0.11665748707372814,20,1,discount
0.11141174932002992,0.3645762477430684,0.26445947803724923,0.27456571450989975,20,1,counter_offer
0.19407243600179125,0.6259709800427894,0.32943522756636634,0.42709901987706644,17,0,counter_offer
0.21575487389285486,0.48205989827938744,0.2652392982409802,0.2909100512420669,13,0,hold_price
0.29172769174706836,0.8464953462533984,0.14465276859708853,0.540906584947386,3,0,counter_offer
0.18359081847833641,0.5690417771584352,0.4036542102326944,0.5268890710800533,15,0,counter_offer
0.07728383398523231,0.28989167187910014,0.45461268283832607,0.3017703391859978,23,0,counter_offer
0.2159952713318618,0.7035872571782559,0.054125344060802806,0.5765096187384235,3,0,discount
0.16454719158227699,0.8200644880229958,0.2863173492621132,0.1750643214684952,8,0,hold_price
0.22366458115844667,0.46544065676396507,0.42401997332510755,0.1403351645227056,21,1,hold_price
0.1386317941790118,0.9871972388823189,0.35441501646575596,0.40214694926006117,22,0,counter_offer
0.16785336855413097,0.8790968791913134,0.2962874559891547,0.3436692474989617,10,0,counter_offer
0.33212855319452095,0.19695466966549147,0.3367911014485881,0.1506641446678218,6,0,hold_price
0.2246692255601293,0.7867558721562373,0.14289237082679693,0.22267887531002376,6,0,hold_price
0.20542252692627144,0.6009512443497661,0.7301905759210515,0.13981620378897933,11,0,bonus
0.2902575347250678,0.5348112978078347,0.09204255948033316,0.14218628747122533,7,0,hold_price
0.39733724337976656,0.5139385865795684,0.16072581374270295,0.22054255090850877,13,0,hold_price
0.22049058035658076,0.853411142782429,0.34107614198535197,0.5545318110048598,1,0,counter_offer
0.31438377165012826,0.6108727889034485,0.25976609804352757,0.5009387205829475,1,0,hold_price
0.4847911814156793,0.5377059850537337,0.6182567971013144,0.3074509110813676,0,0,bonus
0.2848910513531228,0.048859906758049076,0.1467284124633738,0.2866617083265647,17,0,counter_offer
0.459408909432895,0.4483028697585574,0.1640955264014011,0.018887112973439302,22,0,discount
0.40715268091539214,0.9080415620455077,0.1162010011480921,0.2773776991069445,2,0,discount
0.07642340674256737,0.711736729344619,0.5234765885054327,0.3742661095389072,21,1,counter_offer
0.24309449216116558,0.050953978056153426,0.12576496717732594,0.4671541242384759,3,0,counter_offer
0.36424328354086466,0.8839922821510423,0.493107751650334,0.21358781520809472,1,0,bonus
0.49402036060168997,0.8266672213770541,0.3858255303241824,0.5516332583690686,6,0,hold_price
0.2562693310226807,0.546684211569528,0.21371582966333452,0.5041156701091973,7,0,counter_offer
0.09175345435703275,0.02240546518228148,0.19740548656900533,0.04934006535536741,23,0,hold_price
0.3029041286207905,0.5624296180338006,0.26604829959253196,0.5417688327610838,2,0,hold_price
0.10695370645578214,0.0545890499264261,0.36660172834702637,0.13369756660900076,23,0,hold_price
0.388183802125727,0.3203789596374804,0.4619458893124115,0.5539908169510049,20,1,hold_price
0.2784546488578,0.6289096189027389,0.44447448729109273,0.37840789059532093,11,0,hold_price
0.3755441157697789,0.9129130838821744,0.15842158278243365,0.24715214735552787,16,0,discount
0.4412128220953357,0.3577956372594787,0.5836598769290693,0.26187067409662274,12,0,discount
0.3330266077232497,0.8600237828834533,0.21236123096280615,0.3376731870262496,21,1,hold_price
0.3255976981639317,0.9183610104005163,0.4482358762495417,0.5063237196801748,5,0,hold_price
0.38955663294783405,0.021043880457314312,0.21746955400592696,0.5021535102202094,22,0,hold_price
0.4291047506537003,0.2394278377525315,0.38885765145811485,0.2489418341424744,10,0,hold_price
0.44107420382465123,0.7098622992274988,0.5666111518037464,0.5094163436328596,22,0,hold_price
0.06639358805729749,0.7568430430795484,0.3591262826520884,0.28317246321866674,23,0,counter_offer
0.30028563355900517,0.3924168502170541,0.6153715645098059,0.2505305566095868,20,1,hold_price
0.14732118940889816,0.656754612772855,0.08254050079818255,0.14595205803909964,18,1,hold_price
0.4371556508518025,0.6121586173620351,0.2235637749687907,0.4967580102086328,10,0,hold_price
0.3417789583415125,0.7397749616010599,0.1915713220291845,0.37203812267347747,16,0,hold_price
0.23910011556459715,0.7186584277451218,0.4909409121222744,0.25867068398934956,5,0,bonus
0.1346469026546081,0.08587079799036135,0.34324826016722865,0.3974259920871283,6,0,counter_offer
0.2025606316639219,0.15825018094006094,0.19678169004655097,0.5166071933352466,17,0,counter_offer
0.36669996254310105,0.132727147259316,0.22697748992412392,0.11869430137181658,18,1,hold_price
0.14196179534523745,0.932480069842819,0.6815355268492777,0.2354652414001901,6,0,hold_price
0.09211232540226774,0.9135426483529893,0.1978042289083978,0.22818023552919678,23,0,counter_offer
0.449612941202398,0.79741226959697,0.26476122693148313,0.04561311590964527,16,0,discount
0.39389465731105255,0.11671856067595932,0.07074542397191033,0.20044095274618698,23,0,hold_price
0.13990771879615965,0.5742714699195859,0.5145458750137183,0.45707580252759733,11,0,counter_offer
0.18154019454349624,0.18723062608985142,0.30287412563125315,0.15200408405675575,14,0,hold_price
0.48743157970889855,0.3683839375588025,0.20728107354482436,0.48654902294407043,15,0,bonus
0.36868301904160283,0.26709127663741294,0.1648229119117028,0.5731521386432922,3,0,hold_price
0.3247349018962211,0.8289309814874659,0.26671784392109543,0.13438227479312265,6,0,discount
0.18843281844085868,0.14445139951927322,0.3257983560252161,0.24579977671682962,23,0,hold_price
0.184606314874935,0.6461791686100757,0.024612586514578136,0.07880042295080548,16,0,discount
0.06778562841060372,0.9838946637761669,0.21112038856161208,0.41528644926748287,12,0,counter_offer
0.37781684010586913,0.6870545832536334,0.3441295167454152,0.28931998817738486,0,0,discount
0.06942885127559804,0.0792334890069597,0.33238549590322103,0.3532267653611802,0,0,counter_offer
0.05218580199977557,0.9078495019625249,0.34729951042402774,0.46721600391238916,13,0,counter_offer
0.37827278953744065,0.6430796776895962,0.45863135766311414,0.46570746540204866,1,0,hold_price
0.4769931907171064,0.4563109796052035,0.27487511669116793,0.3095853828070381,3,0,discount
0.3904263714772897,0.6596924785411186,0.05956050317226763,0.5293924894596339,13,0,hold_price
0.2622380857809704,0.879044330472637,0.4176953020812955,0.5591587667565739,23,0,counter_offer
0.2687203623023929,0.4771272279152493,0.12643153939400004,0.378427984521212,20,1,counter_offer
0.24626139019209742,0.5313214828122292,0.3556671899289944,0.023043841124589726,11,0,bonus
0.19608965019965013,0.4524473992179535,0.12597334426507173,0.46557942485377524,22,0,counter_offer
0.2847713963836281,0.07259142632366522,0.30235679458618,0.5351503261449544,14,0,counter_offer
0.2440179307135018,0.7870701269273584,0.24370539979113398,0.3339831815056648,22,0,hold_price
0.31917554601834863,0.12641174364183894,0.5031933771314686,0.4202147189315952,5,0,hold_price
0.4541540362254925,0.3945700102883103,0.21674567516944815,0.21362654402539322,13,0,discount
0.49775423779571465,0.38682284560772917,0.35723299589465,0.30126264412372067,22,0,discount
0.08543448044731271,0.28004079208673793,0.6628482891388036,0.478863830192207,23,0,counter_offer
0.22310756269760362,0.4025071258944184,0.40990159222068395,0.5255766977496995,20,1,counter_offer
0.13131778809506428,0.6180091103824286,0.1542358832320285,0.06912975981626235,3,0,discount
0.20845421326649016,0.31138731220771176,0.11823266818361287,0.010311555235360292,14,0,discount
0.17936285834679033,0.17251193769827644,0.22161597415392884,0.22415512935329174,2,0,bonus
0.12854170923205474,0.8693675105072666,0.5424529402125887,0.23455056967173732,9,0,counter_offer
0.39383422403958074,0.9708326498571355,0.11159325760756675,0.463998225242227,0,0,hold_price
0.27332993427315616,0.4585838238763206,0.18452771949362146,0.005158336892494853,18,1,hold_price
0.4636605119977516,0.3270197123445858,0.41359737902278537,0.4584019502164456,18,1,hold_price
0.06466659946115652,0.047482077778229326,0.1626448486336612,0.3217958662802631,2,0,counter_offer
0.08014010590939546,0.036851540610053135,0.25291009581297813,0.41869523331877545,21,1,counter_offer
0.23147311231865486,0.39288199564540205,0.13872019801663688,0.30555515545553724,20,1,hold_price
0.0861247941818167,0.9302420183009658,0.6067371898511589,0.4744349416456981,20,1,counter_offer
0.16822831838667507,0.7307085434015644,0.5470452027637324,0.26224163333634265,10,0,hold_price
0.49371338438448065,0.349269418870775,0.32798193695924904,0.20750451573442838,22,0,discount
0.14403182336807635,0.968046425182061,0.13213335951689217,0.38191143106152503,23,0,counter_offer
0.13915298363544082,0.4287579032557307,0.5230349503731789,0.2666669755567899,13,0,counter_offer
0.3081383009580691,0.2767927439746457,0.03956286092475354,0.18205586221441855,9,0,hold_price
0.2740992308569205,0.4263532447243572,0.10208624585836402,0.5481278413389012,18,1,counter_offer
0.31119723374128017,0.21154322698383277,0.2519050046879913,0.43396416342695016,1,0,hold_price
0.219530875193846,0.8856387702007957,0.1411043366546549,0.11812646434360452,8,0,discount
0.4220430619527262,0.3611733104176903,0.4538196487721703,0.444063582030262,0,0,hold_price
0.11236124814910828,0.6579689644943214,0.05420096783402305,0.15143808891342625,18,1,hold_price
0.24277669062865953,0.38904719882716354,0.10949985598003582,0.2587639880369476,1,0,hold_price
0.36039283179983916,0.9017314179639625,0.3171982668161478,0.13045322352484182,18,1,discount
0.4407063981273049,0.6423807517156301,0.17074690935271317,0.06797870721493124,13,0,bonus
0.21630722286054094,0.48825189028129945,0.05035445121034521,0.2394381934842361,10,0,discount
0.3054855195921887,0.1321429691813385,0.3274992020759066,0.3330488371466551,15,0,hold_price
0.08111297525326769,0.9019166628522043,0.1324849154645275,0.18127301841573717,1,0,counter_offer
0.12664358965032302,0.5468168682717709,0.46748565770061273,0.045001799418519894,19,1,discount
0.08111217310975152,0.2850529729614175,0.4121253141143872,0.14978238656175005,6,0,counter_offer
0.3775464013993349,0.8779268918167041,0.20465780678047704,0.14739443034756056,20,1,discount
0.1796269859249633,0.0544404273944078,0.24554704242195013,0.35445132561311415,21,1,counter_offer
0.375685380586327,0.31407691732957166,0.2429432491670489,0.1692892073086332,13,0,hold_price
0.07987922556947355,0.5368284012021476,0.3714324160410369,0.32026552314567486,14,0,counter_offer
0.43814651018374645,0.33981433604329303,0.39184351575300097,0.282203778682601,22,0,discount
0.4259885891499912,0.47673425537885783,0.3126046373375679,0.1598146752300479,9,0,discount
0.0900179343726272,0.2643162523309839,0.2226829399009052,0.44473030527750496,9,0,counter_offer
0.06069042790573394,0.13008309093289716,0.4855670752511119,0.4005547324298297,22,0,counter_offer
0.07532996584189604,0.03685413861685172,0.464282839584138,0.40816377787748986,9,0,counter_offer
0.4341335779160303,0.1576465649121419,0.3832438603553086,0.26014871191113126,8,0,hold_price
0.1556165700733531,0.9529465140248118,0.037039092949494826,0.1899578074276571,0,0,hold_price
0.29672299303618493,0.5754031333367384,0.29667758604292443,0.3544445944217695,7,0,hold_price
0.24180989143102555,0.4889601252779515,0.18984270994255717,0.5754542019908918,5,0,counter_offer
0.4079864868028709,0.38432383930570857,0.2529979776033405,0.2603761095141273,18,1,hold_price
0.27000423566180176,0.7084201459833853,0.11133176587289655,0.39917002251517747,12,0,hold_price
0.2752973782975714,0.14125947590609333,0.4766984996495217,0.26540980130536324,8,0,hold_price
0.4950913727749561,0.27612986765266345,0.07349361477312533,0.5595609962039924,22,0,hold_price
0.1175583005371657,0.6559021196637528,0.1970575858129938,0.15883001212804346,10,0,hold_price
0.4238167724356691,0.47906436458522794,0.1231625182140123,0.27503996705477046,9,0,hold_price
0.07328738552174816,0.7700925389590887,0.10609843329431215,0.2961913631992129,17,0,counter_offer
0.26494194630783685,0.8971098439566533,0.4901275046651398,0.4371887888724169,6,0,hold_price
0.44885067076986057,0.8233725913706561,0.35885687403754024,0.4327853279872619,10,0,discount
0.34934628452185457,0.18420771426073201,0.49012519853376896,0.44366513993080453,16,0,hold_price
0.35834657871475983,0.09147023552697853,0.11896501010646487,0.4397641471563529,7,0,hold_price
0.16849277701541848,0.1694406005450485,0.2857992183747993,0.2818549593839987,10,0,hold_price
0.23835865611265444,0.7835306916002306,0.45038926499564536,0.09333869845966966,0,0,bonus
0.21496147857457276,0.9138310894927105,0.082401285194605,0.5222628665284972,19,1,counter_offer
0.2846494445710974,0.9254488677038575,0.10786569647629154,0.19489992252510902,20,1,hold_price
0.25800256856465065,0.29821578937044557,0.24648114051975614,0.0661908412586288,16,0,discount
0.19710425834464523,0.8403413780135583,0.2523388256501786,0.07726918232852382,12,0,discount
0.18746627556702655,0.5362355350220966,0.015835942103505217,0.29685526563285136,21,1,hold_price
0.16288380124480498,0.8227918483482073,0.036550399981581425,0.2555603797945096,20,1,hold_price
0.21427126109814132,0.548364842380001,0.5508987373539731,0.39811598655099695,11,0,discount
0.1174736650703273,0.14589321977911818,0.04078123990754616,0.3671193153450449,14,0,counter_offer
0.4424469359016082,0.07921955107309742,0.11848737679864568,0.06444717636941961,22,0,hold_price
0.3209537263250423,0.9572191492093396,0.30897124198238535,0.17804925389699813,4,0,counter_offer
0.11020389151723495,0.42580255643157894,0.18230697491963394,0.5377528789158746,18,1,counter_offer
0.3622367003940506,0.3505206448973178,0.1311467482598594,0.46000958561021665,8,0,hold_price
0.43144991059908794,0.3563030847683104,0.08059477781508449,0.5223247215566215,2,0,hold_price
0.1568910524235165,0.378934411475472,0.3121982817872793,0.013192573586161327,10,0,discount
0.11777026745176877,0.9449968278943381,0.646784640860607,0.547253217370642,12,0,counter_offer
0.05387776571018843,0.06270458740317586,0.007543459878507868,0.5166468110914849,17,0,counter_offer
0.0712626524854183,0.11906128738229915,0.21781314104527943,0.2713662743021577,3,0,counter_offer
0.39301310673658024,0.7896515154818492,0.6509310878177753,0.40415282251267737,13,0,hold_price
0.4942338494187622,0.5494094913401387,0.42110655691966437,0.16319616790281077,15,0,discount
0.07019614511432448,0.128536757960952,0.2297419119389355,0.3951529284300052,15,0,counter_offer
0.38663193158595166,0.03446013677833637,0.1504297115813224,0.47926275554740816,19,1,counter_offer
0.08233797462843204,0.2242343482792274,0.31099930825892236,0.2901335217616998,18,1,counter_offer
0.3164597712066501,0.2608107377102711,0.055561118514029076,0.016964101834822196,11,0,hold_price
0.390233877092707,0.014213029574641989,0.39466048969631534,0.2498072296138537,6,0,hold_price
0.21164197877048196,0.21609053833719338,0.5213353457328563,0.4349881487603762,21,1,counter_offer
0.05492062449979868,0.7383189369523997,0.6044412571734872,0.42225367609882997,21,1,counter_offer
0.31783520845644164,0.8554336896370037,0.15224299799481655,0.2917820894281685,3,0,discount
0.4960600826630125,0.8982358297697178,0.5529483789060832,0.5914254452443197,10,0,hold_price
0.1659278402773231,0.3899140326435434,0.579370904631701,0.07022752170988474,18,1,discount
0.13527107473424713,0.31941372590355765,0.38418402182347106,0.09497291125402452,15,0,hold_price
0.10576665173908173,0.9998608482078876,0.19624326609749163,0.15499640954049645,20,1,hold_price
0.29986502895502526,0.7693404509215888,0.30439896439355163,0.48212695498505137,5,0,hold_price
0.318400294712123,0.5373520809075544,0.11986295995210972,0.4576909757382912,22,0,hold_price
0.40652187672668105,0.2547714326893966,0.27839292908845076,0.46365710390367054,5,0,hold_price
0.38888297312922937,0.3213054528851047,0.09406872346875121,0.5277737094884253,2,0,hold_price
0.4516436726577892,0.5153643488293872,0.2868772166286707,0.26574648401312273,17,0,discount
0.41259771425403563,0.5420829197907506,0.16654682078745048,0.19114378196558443,22,0,discount
0.16127018738575,0.01367864427367782,0.1955731143935647,0.36022926223645385,8,0,counter_offer
0.3001448321940925,0.9594000852714745,0.2553372371939062,0.24592304030813272,3,0,discount
0.183835381592111,0.5756062473515635,0.26164582945291426,0.3143043684389253,21,1,hold_price
0.19840342079817613,0.5891582444091333,0.2812648951944249,0.08413039273845502,2,0,discount
0.46937496615349833,0.2114711337538192,0.21487017548073678,0.2378295054656263,15,0,hold_price
0.3568531572801831,0.7649871788012479,0.03533140516775271,0.28358042553056784,3,0,hold_price
0.48856568596299765,0.7372645200918427,0.26893174422790667,0.052464260686192477,15,0,discount
0.23761064152343503,0.09515797340476406,0.09971895781505913,0.5966971539512006,2,0,counter_offer
0.2918469080092895,0.5949943722599202,0.3349922256922355,0.022671555522070317,9,0,discount
0.26920193896238975,0.6581937453298798,0.2335295422278508,0.551709368841797,11,0,counter_offer
0.09827917588567711,0.8355681745738773,0.4891142485495328,0.04811889911704483,21,1,discount
0.1565158975369715,0.20609117891771067,0.303511739009431,0.5155785865284338,17,0,counter_offer
0.28743636227201697,0.8776347968064059,0.4898757450291075,0.32894506616974567,22,0,hold_price
0.08031843730985282,0.46148107170759567,0.25607848814190154,0.11780092082771522,12,0,hold_price
0.4691578681890002,0.09652361930564479,0.10120960783458384,0.13879703332576757,6,0,hold_price
0.10572965687451687,0.10562122151087594,0.34767286880460474,0.21096501745046764,10,0,counter_offer
0.1390913358876082,0.19780445367316957,0.5704689910897408,0.4764136343654089,12,0,counter_offer
0.39439455077238644,0.2827507059853085,0.5488474867965604,0.08828772905551827,13,0,discount
0.09362054380519116,0.49640580445979965,0.5152738283599044,0.14533885455980375,21,1,hold_price
0.4551251448269342,0.7487511977445599,0.5168720858862075,0.41560675837407635,21,1,discount
0.376565436825141,0.1867259020194323,0.09099576877950143,0.3683947934969339,2,0,hold_price
0.0808793856989865,0.9926517944995366,0.014388845343579698,0.25249474297240765,19,1,counter_offer
0.36133117757854377,0.1615219317703126,0.5726826515543382,0.03632173727146568,7,0,hold_price
0.334232843977093,0.5993779677221475,0.0990961586905969,0.3350992735558644,14,0,hold_price
0.39080724473296335,0.9289404358713399,0.45187910593358344,0.13753275823665317,22,0,bonus
0.42268903362020116,0.8325074228768271,0.09921079420434822,0.36726019617593425,21,1,hold_price
0.3732577534279198,0.6478892016631599,0.09557246469414991,0.16470954599629614,11,0,discount
0.3137793328719374,0.7154929967908985,0.11253546290942776,0.5881985772468457,1,0,counter_offer
0.19510849336179997,0.1342056267053643,0.07327562850170215,0.3543563821872279,22,0,counter_offer
0.3637731478234681,0.00966305376024823,0.4968927760668355,0.34278332802273687,21,1,hold_price
0.48063721308385077,0.43414878436037274,0.41893281817131933,0.5020610306495833,9,0,hold_price
0.3143848012379934,0.08951892633830305,0.36951560168373054,0.5958988701727516,3,0,counter_offer
0.34895519079541426,0.35775256191282434,0.08999156935352501,0.4675031956669031,12,0,hold_price
0.24670761898991034,0.22374279356973759,0.2082526610255494,0.356337297591463,19,1,hold_price
0.3902543643843835,0.9163467223807427,0.25659620129683663,0.5181148750576529,10,0,hold_price
0.49895032655238614,0.8800559990080575,0.09504132159700278,0.10872543842658089,0,0,discount
0.12217519583048125,0.8189428485310084,0.275971368653274,0.4585376227844262,10,0,counter_offer
0.14108237577669303,0.7139442984139875,0.24725203538234236,0.40793932435908714,12,0,counter_offer
0.29274699139897525,0.154071929104027,0.18042990862123057,0.33795064832432636,22,0,hold_price
0.26661892876774623,0.048367426199151575,0.23125325382735212,0.5200536964346663,19,1,counter_offer
0.30720640302802343,0.6538878578546925,0.04277099855082034,0.42579428297949046,16,0,bonus
0.07208332147592288,0.6422581371750993,0.3813967501543301,0.4300400763299674,9,0,counter_offer
0.231924405348702,0.36942428475448097,0.4540582606079958,0.5458448767854638,22,0,counter_offer
0.31234021792950234,0.4726866664355971,0.23005185322378668,0.41964723728103553,5,0,hold_price
0.3133361080872332,0.48914938823798937,0.11003698218013455,0.153254348877782,7,0,hold_price
0.3458002827957681,0.23992813274650637,0.3861121222909304,0.11017512937611817,20,1,hold_price
0.3740972130511987,0.3141666119075859,0.0273186838543005,0.3079180955747557,23,0,hold_price
0.33869624150338545,0.4183895546635016,0.23503505549014475,0.14094729416071342,19,1,hold_price
0.40560941992524574,0.6031790299115898,0.08676432501541116,0.4197814996831855,16,0,hold_price
0.33114228560806624,0.9558192060173925,0.059981661784316596,0.505625750878691,22,0,hold_price
0.291878448141742,0.53848460951904,0.2322871743582785,0.17508960524074307,3,0,discount
0.3227883929995149,0.7311639095432015,0.5028911548142444,0.5480846465426271,16,0,hold_price
0.09553701503899956,0.8070011023955532,0.2458361303193542,0.44814217638695497,9,0,counter_offer
0.17292044332648399,0.11350812130855359,0.17072255355357482,0.5928845470370973,14,0,counter_offer
0.28732990129615904,0.6531246675539409,0.0756661016270378,0.11922258841905468,5,0,discount
0.4428442469307682,0.4821107202544245,0.5210684273772749,0.2769282401421657,11,0,bonus
0.3555732003295969,0.5724309422478921,0.044132013752270674,0.3841847498240877,5,0,hold_price
0.0906836353123539,0.03841693576904459,0.5438314084265066,0.45775053112557024,15,0,counter_offer
0.31652372769998194,0.9062157365473852,0.15801762797903546,0.5471596121326161,22,0,hold_price
0.14978209443669455,0.9527841495754501,0.33897793168257545,0.5347620191574423,1,0,counter_offer
0.3803074519049253,0.003481923684611754,0.1943942530542653,0.14167314989257443,23,0,hold_price
0.42234838362893623,0.21279159204151088,0.283701268286111,0.253482670660265,15,0,hold_price
0.317055322665488,0.18019417370894997,0.36661735132609424,0.4309829334329584,0,0,hold_price
0.31611317438826936,0.7813045172798514,0.3035861270649909,0.07938854589097845,13,0,discount
0.2023661494448663,0.5980800591118203,0.2632258121322969,0.5756191430620191,3,0,counter_offer
0.25081250952258927,0.17733366329673173,0.07082236688940038,0.44817165979857276,19,1,hold_price
0.43884875921690547,0.8139709553188604,0.5956672083455129,0.4973051303020446,6,0,hold_price
0.37549414893522043,0.35347487180574844,0.3188751909589966,0.5444666312705164,1,0,hold_price
0.2838891468631294,0.46085687629310235,0.6142037523236866,0.10677111998269669,20,1,discount
0.21570457381176694,0.3873066053206454,0.06527200732534057,0.25327859207553893,12,0,bonus
0.07267088222984946,0.5213802064412295,0.10528550494305097,0.39100186885421323,14,0,counter_offer
0.1143533305968733,0.48014246882872536,0.06034662217078364,0.49347667419175334,19,1,counter_offer
0.1368613352927168,0.27458400266244265,0.3674097565279052,0.4428026451477617,13,0,counter_offer
0.21802259446640365,0.4245560374938403,0.6273901461389677,0.0729186599837165,19,1,discount
0.4748646411843236,0.9083371498543001,0.3985052248343242,0.387403173966088,14,0,discount
0.2773190276864369,0.5028941364792451,0.42078192724166147,0.17643221373511378,0,0,discount
0.155678073466654,0.9163864104223756,0.134717416489206,0.24389868567045445,22,0,hold_price
0.09758756185768133,0.5501270478179646,0.34060286849297505,0.5965379208848455,23,0,counter_offer
0.20223748607133385,0.7688172932641588,0.20866076405832076,0.09423348684643253,6,0,discount
0.4170787859979756,0.2935913096597129,0.2801764380546801,0.06262832053902753,15,0,discount
0.2225042570347286,0.7904134900444079,0.138694787404778,0.24548647620856268,2,0,bonus
0.39762761271008606,0.2643216129849856,0.11355347341437728,0.5184768308898832,6,0,hold_price
0.41121723925709547,0.019549971642973007,0.18508139211222327,0.09732496326857167,14,0,hold_price
0.09986934636441686,0.16072894317769304,0.3075699229867703,0.047971694973129565,8,0,hold_price
0.3238968886820527,0.021652875032036834,0.5737786645930957,0.2513093605604918,23,0,hold_price
0.4815932285169998,0.9470626418914286,0.027606911686938126,0.37937884451800025,1,0,discount
0.2309621337065993,0.9999770204176942,0.1532959816052512,0.09281550586764405,17,0,discount
0.07292484005136003,0.7622302636195206,0.5111966092376092,0.4827533094148223,14,0,hold_price
0.46548621061604534,0.10812816375158762,0.11144332755779317,0.5075495339199002,21,1,hold_price
0.4476498267076173,0.8989454603326495,0.4526934268526517,0.3135575555174944,19,1,discount
0.2849636512440508,0.7437761832661044,0.5233004794312198,0.018278314472642766,21,1,bonus
0.29851390415480433,0.3322445154020879,0.1728271918033094,0.3096613683122319,19,1,hold_price
0.1452834962492562,0.5022779118089321,0.5207965607919889,0.1285093482330329,5,0,discount
0.4187528399950868,0.6617593412619689,0.23027027541202302,0.26765820502343135,10,0,discount
0.2743700172764569,0.024050475673271232,0.27952980658046134,0.4558423370199106,16,0,hold_price
0.06524500781415044,0.5015409120998952,0.2675434493924039,0.03265131630220917,23,0,discount
0.357356730402049,0.7323954332549851,0.4003330258633577,9.121764303272606e-05,20,1,bonus
0.4777233214112177,0.18822537189633282,0.3418894242897501,0.08006945010803568,15,0,discount
0.4231177206555876,0.44379057347933304,0.37583444987428444,0.02722159423766295,2,0,discount
0.1747391630947429,0.5325301291849333,0.4301646449127548,0.15625204665676998,10,0,discount
0.0739962882200033,0.7355653719592322,0.41939361742223047,0.24256083377587168,15,0,counter_offer
0.47315813564218123,0.9644537107931075,0.5480541217844332,0.46782508838480785,18,1,discount
0.47167822619586564,0.8482755480042915,0.19714497971407272,0.018196337211670355,6,0,discount
0.28958689387079123,0.6215184202299502,0.14226369582049744,0.21059409244362695,11,0,hold_price
0.3390428352521908,0.5836406748348093,0.1185147068841948,0.5576664128626274,19,1,hold_price
0.2581700273198637,0.6031866930726707,0.31213490964529056,0.3458281002452623,20,1,hold_price
0.23889441519444143,0.5451786426597738,0.1959453993467597,0.496058061207609,5,0,counter_offer
0.10375179616791516,0.059362880258923556,0.2471039562872093,0.29010845784022,6,0,counter_offer
0.09353880426249321,0.698296394588205,0.2951257210481493,0.05834413068600714,8,0,discount
0.15472946600428436,0.716336800129603,0.38312234787184535,0.11216346788366872,15,0,discount
0.42648833588294494,0.5124803622670274,0.23624783366433397,0.45484940066335594,16,0,hold_price
0.115624535331056,0.870387605402543,0.27397911203296793,0.5184645150850155,18,1,counter_offer
0.15201439336161982,0.6724368027566785,0.2407791186849549,0.28052508747630095,13,0,counter_offer
0.2968763266949934,0.36266465785701696,0.03394358532226332,0.2954739748026206,22,0,hold_price
0.1468090481352235,0.01969435359863425,0.21737410127267376,0.27007337459722186,2,0,counter_offer
0.1234430081230042,0.059161646497680076,0.5016395521445681,0.011017867567620509,12,0,discount
0.303492308764083,0.3517982616417863,0.04791527049383767,0.057305905604379065,5,0,hold_price
0.21564197194847695,0.46210532519868286,0.17504968622491365,0.5951328455422423,12,0,counter_offer
0.33177167862821116,0.16687111950842504,0.6140498327717908,0.02520818066989152,21,1,discount
0.46049240318390433,0.1893283064226321,0.2592287194305906,0.20938143437743087,21,1,hold_price
0.11794690914578045,0.2302113587793363,0.3993683651685725,0.41441174372405226,23,0,counter_offer
0.4610451469158788,0.7805133395762727,0.06728939613854086,0.25489856643721587,11,0,discount
0.4561204853403134,0.7712878409517714,0.40333411337788727,0.5895982859115849,16,0,discount
0.4230894125011563,0.3829389854137788,0.09831808140516943,0.019643213780397305,11,0,discount
0.33407866278773835,0.17236438158439582,0.5521063027051775,0.5247353758603508,0,0,hold_price
0.32906599585949636,0.11090838506346923,0.18795267891891068,0.08084656239789764,6,0,hold_price
0.3376456969714257,0.08712931204717322,0.5076107067307429,0.12289325451606442,17,0,bonus
0.3607229980480159,0.3912792508993721,0.10181722657146056,0.31698226907447496,1,0,hold_price
0.05741699026827066,0.0455424333211194,0.327836420171295,0.5228728045437601,15,0,counter_offer
0.48114166062229236,0.333635037126335,0.43975633208760895,0.2484486410326956,11,0,discount
0.3135216926595109,0.9615332425411374,0.2546443767808705,0.17614432744487055,9,0,discount
0.40165962773108976,0.5075046156100387,0.4656995251282934,0.24100320355063465,17,0,discount
0.2197768275776134,0.822644656835189,0.11233256059576528,0.05660599565633884,5,0,discount
0.05557874626210818,0.12926594589539908,0.25332374273655284,0.5029405942299351,6,0,counter_offer
0.27938059694439976,0.26807878240970484,0.19717189659345236,0.5491290593635023,3,0,counter_offer
0.278235553692168,0.9465464445440088,0.19423477411625423,0.4054648031692245,2,0,hold_price
0.24664517974015332,0.3835518969340236,0.17245491221769418,0.2668017764393383,2,0,hold_price
0.20287267437293455,0.6484061284483223,0.3746656199528118,0.3684904786432883,2,0,counter_offer
0.16242173951437494,0.9761267791625894,0.3207302870282225,0.33112008442677004,15,0,counter_offer
0.2873951935237323,0.5507877563307355,0.1913171943321055,0.03093309148972647,7,0,discount
0.21887516286207237,0.3053459492287359,0.43080549627359127,0.23665279971134545,8,0,hold_price
0.48646934737241393,0.5319484559520623,0.6283209635555541,0.3940972096854965,18,1,discount
0.12781728849511914,0.05463719933085931,0.2534174504032501,0.5086794472374726,12,0,counter_offer
0.19384950543218915,0.11236987409269117,0.07544896979443574,0.2153837973668118,1,0,hold_price
0.18228221191605698,0.0071711050522699216,0.18691593592364636,0.49156326689014,12,0,counter_offer
0.29448912930618065,0.8842100415650043,0.4966855883994999,0.45414957368718295,15,0,hold_price
0.2746761156383666,0.6712804288995956,0.03548201463713383,0.5575860823381268,14,0,counter_offer
0.3396832094409229,0.2983297651327481,0.12379615273658605,0.5936585248192547,20,1,hold_price
0.4775007967583935,0.2211614192073046,0.38400165447923307,0.025039353703177978,14,0,discount
0.1783494884722403,0.6830766011577799,0.474683683171784,0.2624824189948568,19,1,hold_price
0.3617472061647484,0.9195320647852825,0.24315279091192885,0.46413611534044186,12,0,hold_price
0.06126809135233263,0.2991390910521107,0.4099693129289176,0.493899938233464,15,0,counter_offer
0.16807481273013103,0.3215591093867818,0.32280317609438614,0.049712533778182785,3,0,discount
0.2586738775984668,0.8542407251937729,0.25035792593548,0.36395435891284533,23,0,hold_price
0.0639476548165105,0.8933758158837523,0.4597957329034808,0.5390715397240645,0,0,counter_offer
0.3279512572491375,0.9140365668297785,0.12218770793763668,0.13623544273819718,23,0,discount
0.3552397737807687,0.2931542080066948,0.2775797865437561,0.20841544333826603,13,0,hold_price
0.386029271677121,0.1203125675963489,0.5172775389819584,0.2369087713228122,8,0,discount
0.28245852717935555,0.43999757199854206,0.3914053707969466,0.2367226518774003,10,0,hold_price
0.321775099240382,0.29576486514118105,0.4608677288030962,0.33702376157833264,1,0,hold_price
0.22822936307531927,0.8838666668118358,0.27521794015867956,0.036483855208368055,9,0,discount
0.06856386462795315,0.036634941803544874,0.6791104374243931,0.467513864611392,1,0,counter_offer
0.09497833509853087,0.6338804696362723,0.5417537112945546,0.0737262476813572,10,0,discount
0.3447481658906589,0.9061813657481139,0.6494666864154902,0.4879895796138969,3,0,hold_price
0.4979998848135993,0.976670366806066,0.5126371899452009,0.010256616790846173,2,0,bonus
0.05711145762348328,0.6501305992980432,0.11174469297113851,0.472215588640333,17,0,counter_offer
0.30091257357187223,0.9499229570223799,0.43793367192658755,0.21316027205200855,4,0,bonus
0.387953938797151,0.07565946262506729,0.18153338381956402,0.39351497283955117,8,0,hold_price
0.4220486726062454,0.35927834599623976,0.17067316622752018,0.10750321404009548,15,0,discount
0.29534220555018803,0.008714697326733689,0.36629047283860694,0.3222057729519771,12,0,hold_price
0.3289621910828473,0.9811837721908184,0.25878645235240394,0.179466817677775,12,0,discount
0.36352622537354906,0.9027264787666992,0.16526951201102194,0.0023548005918044845,10,0,discount
0.4365348123620438,0.028052556248201355,0.06597997512677838,0.4350846088959216,14,0,hold_price
0.1050302917412684,0.018132650459765975,0.21387489867856013,0.07870553281354331,15,0,hold_price
0.46678198832368856,0.36696949410636615,0.44799253670129674,0.5638225298007818,3,0,hold_price
0.0617078315982065,0.2585379667909018,0.03569282236116047,0.32623470237984076,23,0,counter_offer
0.42628988793099887,0.8469322772425022,0.10500555424316,0.0010045898267327712,19,1,discount
0.08453319195186376,0.1604844032718623,0.224212079033155,0.5669537942290328,10,0,counter_offer
0.13758269522221503,0.7906494627008573,0.3783878358111097,0.07967021952541013,8,0,discount
0.05175236587150968,0.5544596999906632,0.30679067221567347,0.5003647082992458,17,0,counter_offer
0.2503655174912183,0.3773917714049878,0.15107926084498896,0.19756670308235785,14,0,hold_price
0.2004616520228265,0.14571976173337875,0.12572901192558802,0.34083721828818186,19,1,discount
0.1246968101691623,0.997691305959671,0.23371167836202253,0.5014351521914011,11,0,counter_offer
0.2529905723617578,0.6179861209215367,0.45437279713621204,0.030094895986562585,10,0,bonus
0.2310668974274827,0.43938223256799425,0.3369694228673548,0.4080348038240514,11,0,hold_price
0.3954474647144337,0.37112755655273166,0.4605491637462493,0.08914941402699166,7,0,discount
0.4519086377315146,0.9057282306308553,0.5435564978338504,0.4298375562572362,18,1,bonus
0.3436552632951868,0.821191808190761,0.5685444141270315,0.0964224049493134,19,1,bonus
0.10598467492693575,0.8111857883682237,0.24692578998374048,0.01316619946463986,2,0,discount
0.1829258576194328,0.6161984729623928,0.28219036350826693,0.09326288014034127,2,0,discount
0.46099323357452593,0.8879565826958018,0.3742922142153295,0.37544267292577327,1,0,discount
0.08993052185355013,0.2992783721220704,0.20032246921856905,0.591436075269063,7,0,counter_offer
0.23308512772587192,0.7037061351632893,0.5126152067567609,0.5820731948281697,2,0,counter_offer
0.4741270786550666,0.4044477423918925,0.5211751350896845,0.44741475327532476,13,0,discount
0.4777991786612686,0.5999988085596921,0.4964986378916933,0.49474827342440797,23,0,hold_price
0.2350414296720016,0.9981530006126929,0.27447352807807474,0.5243787177394882,16,0,hold_price
0.35032859964445884,0.9845247806753183,0.6108674753538545,0.31701225804284233,22,0,bonus
0.25553551925929957,0.5126190164674482,0.3220872510126996,0.13716149443396405,3,0,discount
0.3890572427463538,0.5738634521648246,0.06862470875548964,0.39665744186128044,16,0,hold_price
0.06421159881184933,0.897321769137301,0.45133620838444555,0.08495570972656598,17,0,hold_price
0.11487071701461131,0.985635712513855,0.4868400306306237,0.4994163961746728,10,0,counter_offer
0.3263894615946197,0.7786078026260798,0.10851575338315017,0.24725461891197797,17,0,discount
0.15464851809937863,0.0651844579586307,0.10350331998415226,0.1598950655142586,2,0,hold_price
0.34972353467111683,0.32263973434386395,0.17947641426429256,0.5060748029080918,14,0,hold_price
0.20805031735758428,0.8965623399203079,0.31493270189444694,0.06671550942374879,19,1,discount
0.44899050115751965,0.7683525058504805,0.22894720380344474,0.5848958448807052,9,0,hold_price
0.4186667235019939,0.7422330710244271,0.20974769830788684,0.5702470904882921,4,0,hold_price
0.271777010030952,0.6679232304681411,0.29839614461241193,0.3652728457208978,0,0,hold_price
0.39780278919268597,0.4152638496323835,0.10371164301670024,0.427276374698281,6,0,hold_price
0.17201204880579068,0.4032413203447017,0.1297910266941697,0.02228966032660107,19,1,hold_price
0.2724168995653382,0.808932487590801,0.0518266967688994,0.26224981972673794,20,1,hold_price
0.13886692333847517,0.2937802917650709,0.38580317145216886,0.5307699723625455,14,0,counter_offer
0.43739877583444725,0.6848318727009735,0.18433802666127125,0.0069132927926860875,6,0,discount
0.4203804274557867,0.7262085234239566,0.5114041355132795,0.17437195649555828,6,0,bonus
0.45596735078405054,0.8445559893615288,0.48052202911055364,0.2123043966429553,20,1,counter_offer
0.44486464155091676,0.3198855907070157,0.40946791851070663,0.4050477825973759,14,0,hold_price
0.48181831792677265,0.7418892668382021,0.3927208087338426,0.42290338843935743,18,1,hold_price
0.15275130423436667,0.10648989757868688,0.1536069559412004,0.03911377034009828,8,0,hold_price
0.46932093085789195,0.13806172895190472,0.37434627322861463,0.13050917591589486,20,1,hold_price
0.3070459361083989,0.41733604017340153,0.3731104834785612,0.49529837986045167,11,0,hold_price
0.24012278776316848,0.05522577635524728,0.19536793182864437,0.11509065018808282,16,0,hold_price
0.30216825318554286,0.9476983214653384,0.18602086803724488,0.1719203009269143,20,1,discount
0.204171060492625,0.9018958105093605,0.6570492921406449,0.09734659162241051,8,0,bonus
0.17984885313242843,0.048933695525843146,0.39399589348911945,0.452589831104787,18,1,hold_price
0.15859145208988795,0.8383117218922788,0.18003740436826077,0.01626387497845645,15,0,discount
0.08709259525570706,0.5088741740900253,0.24846602160845394,0.18114781616838263,11,0,counter_offer
0.27345420371623436,0.7019628883735499,0.09937380256483826,0.31938908686667294,19,1,hold_price
0.44949275407124933,0.8869311692981873,0.07617112313159762,0.003612255179199386,10,0,discount
0.3335683861734731,0.5769744870776986,0.2935688375837557,0.572391668077244,17,0,hold_price
0.2844390347400981,0.11632710028462945,0.09222117015159695,0.5215734921160525,1,0,counter_offer
0.24286681321291242,0.0025786104865862525,0.20583113985685011,0.3883897391313273,20,1,hold_price
0.2589807318427364,0.49692153225144653,0.19896460358484272,0.26347850217090213,23,0,hold_price
0.14417480640737793,0.9492321321243601,0.22317954102146434,0.09318414508053081,23,0,discount
0.42032114473689375,0.5726218716131959,0.07524858158897499,0.3321836080882985,20,1,hold_price
0.13927233347668763,0.3729391380882292,0.20692419553823463,0.14352478343435573,16,0,hold_price
0.37248024052729084,0.030922017080913355,0.5017374906953807,0.38281041747574895,17,0,hold_price
0.39199325517326866,0.9149794172782003,0.3709698299527693,0.08735165536339919,22,0,bonus
0.30869106891248044,0.3271566608580422,0.24629754781438193,0.43027155127901145,17,0,hold_price
0.4383168687296728,0.7047774013150961,0.24896252469634544,0.19374309491210465,6,0,discount
0.18097265860279255,0.6942372021114649,0.046304741694811975,0.301189033744009,3,0,hold_price
0.44672774955928846,0.2538831613687479,0.2595993926806045,0.0970953646834084,23,0,discount
0.37823470681968685,0.06377750646072533,0.21535291188503736,0.15376609684716996,3,0,hold_price
0.4094374224927923,0.38500037867184356,0.14590174361998437,0.2701270562199318,21,1,hold_price
0.34906086928729135,0.3171310138371999,0.21992037149921023,0.27490877348504483,22,0,hold_price
0.43085435764548624,0.7002563988723258,0.3870446930129602,0.5998666738777424,0,0,hold_price
0.49689448822293614,0.8197824956598391,0.3487703623470211,0.20125287155734478,19,1,discount
0.2390732845360874,0.22244541739167467,0.08811491565812594,0.050626699558095976,14,0,hold_price
0.41626205766930663,0.5282310697764423,0.253972979510256,0.31453117076149795,9,0,hold_price
0.3850608917831151,0.04060834738816166,0.39795019110824414,0.1930954429362605,12,0,hold_price
0.25379157457040813,0.2142558229334619,0.610872061964489,0.5266659952735072,10,0,counter_offer
0.4671270498796304,0.761761605322083,0.19624443679293224,0.12617890493645825,19,1,discount
0.22749166830766765,0.7933983204890724,0.32791577320610044,0.5133978487947977,9,0,counter_offer
0.3044596623243069,0.7764044634518033,0.08536439544570028,0.3981463789977487,3,0,hold_price
0.0976740606459327,0.14238792498827013,0.3347600486411646,0.11279367568862583,9,0,hold_price
0.15159883732981982,0.5510347274684173,0.43807078858066817,0.24314829651995895,12,0,hold_price
0.4283132767401923,0.4227084144433829,0.433799528935739,0.2954595120480266,10,0,discount
0.22844872527298132,0.9914862967950905,0.4105104200596331,0.3130794342172852,12,0,hold_price
0.2273378402368662,0.6540698690583361,0.25662642749312214,0.23825694665506003,23,0,hold_price
0.16069145818577912,0.9352020913957291,0.2509472435233093,0.35077668689704605,9,0,counter_offer
0.27122465043385446,0.1453503050084376,0.3031698948129201,0.4300447895237118,19,1,bonus
0.41261763260778006,0.45087327310022907,0.4331591037304029,0.3037102820049081,23,0,discount
0.45282385299818284,0.7716076001058686,0.34909042138126856,0.361459864136815,19,1,hold_price
0.08155149441988274,0.3678577280304026,0.5970423125931881,0.5157571985411087,12,0,counter_offer
0.30866932905805194,0.6325084961536467,0.47712797226075804,0.29865108551896075,23,0,discount
0.2602730155515505,0.5117021723736607,0.36729363404494,0.24977953527117863,9,0,hold_price
0.32642683271221024,0.9919294092179923,0.47353764286383787,0.14865053429483038,6,0,discount
0.25127405910872114,0.17387254006549147,0.10827725136214769,0.07881893853322616,20,1,hold_price
0.22939016938403683,0.9353486953301278,0.44201653910524347,0.17535424382111645,22,0,bonus
0.26234632059327023,0.40157095380329677,0.3118563097613577,0.24369818670843796,3,0,hold_price
0.31189960794038635,0.4679929663772945,0.5334140998389517,0.4585546155126835,7,0,hold_price
0.27544244496429954,0.528601883689979,0.24367738827053698,0.13045727309338523,6,0,discount
0.26246500295929076,0.26536654943357985,0.21586023443642705,0.4212876425739231,19,1,hold_price
0.41802588948113634,0.963657442610793,0.5230458044629841,0.047420340405260684,6,0,bonus
0.385541596057036,0.9114872052347894,0.10808507845649538,0.09503473957923773,15,0,discount
0.20362032238153677,0.9729051002113627,0.2151101259988267,0.19579713081262093,22,0,discount
0.41025970288189423,0.996919572209523,0.4521023331742383,0.2818931781495509,21,1,discount
0.4341428010520251,0.669800095180972,0.25925626355500503,0.10855704420244505,21,1,discount
0.11907149241838573,0.4516854958057447,0.28914792352003965,0.06721856320903132,12,0,discount
0.3122071077788414,0.8507339014963048,0.5847803216067896,0.3394952779604903,14,0,hold_price
0.17839039711964622,0.023804877836338556,0.3339745878524684,0.2471927593364831,17,0,hold_price
0.38262754486702516,0.8344040447135034,0.31823957916173895,0.24953539768164287,7,0,discount
0.15745339821140747,0.49728602421100665,0.22182511771454946,0.1847680136655894,12,0,hold_price
0.3521315858778643,0.6732200270834178,0.024078544207070788,0.2227485203531925,11,0,hold_price
0.16480609522593526,0.3740460613425076,0.02470100380600994,0.11044475782998721,19,1,hold_price
0.2800146935434744,0.3686231538668159,0.4234459278540575,0.162350301401729,13,0,discount
0.47689091056228644,0.03171715281088772,0.14356656077404664,0.32536375045797017,10,0,hold_price
0.2215883923053955,0.4237894304290133,0.05803892494873135,0.31337510995246604,12,0,hold_price
0.44408231868344344,0.40835419541933005,0.233613615298768,0.5435564488376283,4,0,hold_price
0.49412506154175256,0.22479110186807127,0.4113693637844009,0.4995239512041729,6,0,hold_price
0.44368288196232347,0.24732327353976746,0.22949193485083982,0.0042608574686849865,19,1,bonus
0.1246397133755043,0.5841395804425117,0.22903007364911632,0.1378583487440844,3,0,hold_price
0.41884619879082335,0.31777144253950307,0.6565530998421487,0.5326171151035369,16,0,hold_price
0.06446722779525256,0.8302519090172897,0.1248265647185056,0.1888519372195371,21,1,counter_offer
0.22698584766468854,0.11138510685706648,0.0759756953870523,0.28662338985902164,16,0,hold_price
0.4418300179930387,0.5776449465750436,0.3536641541094098,0.40499095564262877,15,0,discount
0.3599384957419639,0.16004472713910234,0.10244552704163404,0.32601428762836615,17,0,hold_price
0.28973319230204514,0.5282406269206588,0.056164777040493115,0.002920782454436055,3,0,discount
0.22453881128717923,0.5525458869503187,0.39905612117379785,0.12393807927466169,3,0,discount
0.41553362591162873,0.6422976865257292,0.24343319834945867,0.060263804046368594,23,0,discount
0.3693012817766994,0.4274249472728937,0.42499069173268533,0.10058715441097536,10,0,hold_price
0.260782393827053,0.5094746851292544,0.19685290504648847,0.08842121571051124,9,0,discount
0.45161795174434693,0.18095261608129332,0.08279742447882714,0.3736672899569961,3,0,hold_price
0.15347660801838459,0.46301534973632963,0.11447883441547288,0.24393877969109265,17,0,hold_price
0.1266761791213812,0.37303038909429054,0.4864640585788418,0.03993076936226529,0,0,discount
0.3392616939501117,0.6661311046544097,0.3133045400409772,0.04937425545607727,4,0,discount
0.48739745421579667,0.43482172349648607,0.33261153143725003,0.5702138403007528,5,0,hold_price
0.16126545798804665,0.7793416509802202,0.2510272560818251,0.09285718199326687,22,0,discount
0.16235167052022192,0.42599209857369214,0.1244139367042106,0.15230406305585198,22,0,hold_price
0.11277448158298548,0.23577117297395866,0.28216383649067805,0.344576955728504,1,0,counter_offer
0.43725359987313445,0.2736887189585846,0.6874187400953196,0.11226350620201421,3,0,discount
0.15187889318510034,0.04528522509163657,0.1612375831883401,0.11851763546418778,22,0,hold_price
0.2764303370261995,0.5399188106009101,0.5745716803332271,0.043552595151316174,15,0,bonus
0.49589261510099203,0.8308808839003218,0.41251951240902696,0.588492688091012,17,0,hold_price
0.055463405414919606,0.7691117068175701,0.5511133800319761,0.36363031851312233,13,0,counter_offer
0.30041874072985736,0.4377894663384714,0.6415882935073536,0.3178463807479975,5,0,hold_price
0.2805300692172256,0.1961203551445122,0.14911891954737963,0.5332023465324425,17,0,counter_offer
0.41335131938456965,0.8634844432974528,0.08432683870757869,0.35665509879507634,4,0,discount
0.20987669279874965,0.0567810340450684,0.41657997723380974,0.15784995847613398,0,0,hold_price
0.2346536115045687,0.399222725202494,0.39030903684831786,0.28335498120816155,20,1,hold_price
0.12557209126948865,0.8566151423839511,0.11496496331955657,0.28654720676617557,9,0,counter_offer
0.383366854236104,0.3931766874041964,0.4753349907318458,0.23884775273092876,0,0,discount
0.40311900913466675,0.11787547075695992,0.366228343103364,0.45217829434362555,10,0,hold_price
0.11149849435047363,0.2659495003457961,0.29891449655726876,0.06580967818764125,2,0,hold_price
0.2270556832947448,0.6000294417429484,0.09194967070886324,0.09552886438418341,11,0,discount
0.4518072479132073,0.15203590769457087,0.5310686065985902,0.2233177600638168,16,0,discount
0.051218273154104224,0.6549353268423558,0.6770735416620494,0.04270380280749273,8,0,bonus
0.18444158178018455,0.43816193119924574,0.2765794715883408,0.5924373248877463,1,0,counter_offer
0.2997690282736465,0.3343895008205219,0.30632759187016234,0.29747664144890595,21,1,hold_price
0.200342236846979,0.24092548052316387,0.23621504512810915,0.03006370160730296,12,0,discount
0.17242033512995125,0.8233299858567095,0.3937224258856966,0.36473771682159883,0,0,counter_offer
0.2570168682064457,0.39667394746340157,0.036540926398328136,0.46866274644640854,13,0,counter_offer
0.13168539864936218,0.7384792656062277,0.24900299731231823,0.24462975016795377,22,0,bonus
0.2883313584317677,0.44035519263738443,0.4471909719895689,0.2883193270981338,0,0,hold_price
0.3680131645909516,0.09186718688677942,0.18177454533093337,0.4203600015327121,18,1,hold_price
0.30888272868282596,0.4405059751672604,0.5180643874919175,0.14029067292630054,9,0,discount
0.0918991988863389,0.507687779735764,0.6432468087251385,0.35859833219983533,16,0,counter_offer
0.42998387637450797,0.45784219349337685,0.5043122769156555,0.3785671955253849,0,0,discount
0.1287400268693697,0.8162417117482725,0.2761606345742058,0.4827861984988719,21,1,counter_offer
0.3941654002750079,0.9108513490430293,0.4006440334045476,0.5346429841674752,23,0,bonus
0.2122542998491327,0.786778675211034,0.19273846596470598,0.5645328854028844,13,0,counter_offer
0.402242606625246,0.5827819022109597,0.7647744617145491,0.07579583489825494,5,0,bonus
0.1428228065324056,0.5414499605548907,0.09840763555505452,0.4897605481862439,3,0,counter_offer
0.1339979466629434,0.644616030123659,0.6722681180794329,0.4052584651634209,16,0,counter_offer
0.27366163079786704,0.2878302964393745,0.49790738553597835,0.22243687799472237,19,1,hold_price
0.06482120661426223,0.8118468461486851,0.12823577778338355,0.5536867037909162,16,0,counter_offer
0.15138380245205002,0.8568481776036609,0.4490651106688203,0.5160702092719406,11,0,counter_offer
0.3758055134829567,0.26721716318183053,0.30908118096896486,0.46461531227011316,18,1,hold_price
0.42682256523744144,0.9028182081400776,0.23705574206695176,0.03449059449475515,17,0,discount
0.08635341377201469,0.8487327239916674,0.23050343581657393,0.10620409753351998,8,0,hold_price
0.446934969247147,0.42448676748251024,0.24008934731376189,0.5509975113646919,18,1,hold_price
0.4088827418239306,0.9090002020927456,0.31660708232395474,0.5893418531715843,4,0,hold_price
0.4413579330681344,0.12043899381150813,0.6191653261664158,0.16638239626982035,19,1,hold_price
0.36429284956047797,0.027986559208900363,0.04932184940457338,0.16643220267086348,12,0,hold_price
0.35336888028228414,0.34786682559405435,0.10258730637376841,0.3661829383011202,17,0,hold_price
0.2862919550051887,0.565435698827345,0.08028527889821352,0.045709011854101256,16,0,discount
0.34375425102109175,0.3514426145328662,0.5014152319666293,0.35718928197014027,2,0,hold_price
0.4635993490549723,0.9420677336713595,0.3137046816462357,0.5812134541319783,18,1,counter_offer
0.0952349006375188,0.25471022905514507,0.12930485374094702,0.1781717225056548,18,1,counter_offer
0.19209401503074103,0.28121339359267894,0.2586911591524983,0.44564702670843265,1,0,counter_offer
0.08260473811814233,0.6348276125448551,0.36480430660465213,0.31494044560143714,5,0,bonus
0.4751623273748173,0.0038638823417082024,0.12494655035575723,0.17238679893305622,18,1,hold_price
0.25036945969972463,0.7275570523545992,0.30690555137153663,0.2474872485408226,8,0,discount
0.3539050118042848,0.3774694830931572,0.3492314691366957,0.3306491630923926,2,0,hold_price
0.4285040290269446,0.977747867643296,0.030343057537558813,0.45695450583283054,20,1,hold_price
0.4959501116344199,0.6914175930297486,0.4233727909699163,0.3244769966317406,12,0,discount
0.12280210600651958,0.052214955082343084,0.5432997593998151,0.5550841716427469,9,0,counter_offer
0.4097806725732029,0.09262780874197363,0.38845071256625074,0.07016922460280801,13,0,discount
0.44934030416153137,0.08816810692415855,0.19454711315876944,0.5746186057987117,9,0,hold_price
0.07199391958289403,0.9526222598919437,0.27997946052518025,0.3303908486020779,3,0,counter_offer
0.38934075208350805,0.6840515412175877,0.1592259475493401,0.23508914885657334,13,0,discount
0.20962639453844767,0.4276060072889357,0.3718635485100317,0.045630638539387404,23,0,discount
0.3418685561616944,0.20048268988003104,0.5035978513963715,0.1777489308573952,22,0,discount
0.28132168821748915,0.8736397464358032,0.17541391249107682,0.26276071325469114,15,0,discount
0.16688401343898662,0.20155592767134045,0.31378581276863343,0.5622400268169805,3,0,counter_offer
0.11084961290179372,0.7066792164758174,0.2659434544232504,0.4538551994346198,5,0,counter_offer
0.10262625489014374,0.763324361545346,0.3689419990457802,0.03542696564757917,7,0,bonus
0.09649528596882126,0.2946560888554083,0.4335432462990649,0.19673607042919197,1,0,counter_offer
0.33700551806056,0.5049147371706423,0.2777149221178603,0.29485939022946,3,0,hold_price
0.20813488312979217,0.22298928231839388,0.1260501363210277,0.5100511033303122,18,1,discount
0.1474850471926426,0.3789296574554981,0.18411929967252197,0.46585649282654396,10,0,counter_offer
0.36134829171765637,0.9651343982800088,0.2830932124935211,0.12968263026857105,20,1,discount
0.3590823045949101,0.6931380346544302,0.39618025302016474,0.030275738244235306,1,0,bonus
0.29262573156064897,0.8466142061905151,0.577888265539388,0.07942523706921274,2,0,bonus
0.47073101758963287,0.540599571466741,0.6592775451050685,0.3019738079162522,16,0,bonus
0.22343640414863958,0.23903974215135615,0.09386453963902557,0.053926563340600066,6,0,hold_price
0.4261383370711818,0.7128798566671936,0.48974313670344,0.1498546578721263,5,0,bonus
0.08381273356948835,0.5005679607905664,0.282627823715445,0.4928086198876645,15,0,counter_offer
0.382923992317327,0.1768488681070587,0.7266496097376282,0.24117186034009377,21,1,hold_price
0.4948013362243685,0.41242988961821025,0.23995407599911361,0.5976878967158581,10,0,hold_price
0.43096919732951755,0.6348402190163059,0.40865673898880556,0.4535896523753553,18,1,hold_price
0.3108491236895267,0.7353318566822382,0.41373937520771487,0.15895096111581308,8,0,bonus
0.3320447289472223,0.24322079589035173,0.2912058729237266,0.004542205614022787,20,1,hold_price
0.2089802972466261,0.8759973393493311,0.44238774702345407,0.31632448507781524,10,0,hold_price
0.3557683482161468,0.379551107074678,0.044381203935136136,0.42351346542395496,3,0,hold_price
0.39667792243159716,0.2711367178927484,0.16870718296049972,0.28180982747062927,12,0,hold_price
0.4992028165030343,0.1951200554537248,0.23026244476393198,0.5439027962884935,7,0,discount
0.27160831265019486,0.8041713344029736,0.19275085987778828,0.46077055625589375,4,0,hold_price
0.07758682959804902,0.35416457496606246,0.1403593715809192,0.31216147364023217,4,0,counter_offer
0.3181360778289434,0.48339902788793465,0.12018435897059242,0.01135434815386418,9,0,discount
0.10356086749197588,0.22281982356387564,0.48472227253243777,0.20294814547313356,0,0,counter_offer
0.16014426960024952,0.6860910711689315,0.3411718417853449,0.29664488198352945,1,0,counter_offer
0.19795096008758178,0.7810334075524223,0.0546642834392097,0.1501406048471939,14,0,hold_price
0.3789634429167848,0.3394252489533416,0.2874297421276076,0.5025911528452857,0,0,hold_price
0.13271365574532523,0.945079385371402,0.19780493720112208,0.2546826945111495,18,1,counter_offer
0.12458882607905865,0.03061060956023609,0.3407964248383792,0.12228029856716358,23,0,hold_price
0.07023390912447236,0.13294310327404035,0.7243902625002301,0.46745963721520184,4,0,counter_offer
0.44295797135924636,0.5887870315604908,0.12502037781954883,0.3649702687207629,1,0,hold_price
0.3620774409602273,0.7014068620483797,0.16677683515554226,0.11824706810596201,5,0,bonus
0.06797590952793192,0.250682989509059,0.17300924169991297,0.31964762887118564,1,0,counter_offer
0.06273153753715156,0.5540710968913485,0.18385987972761655,0.41671274245815915,6,0,counter_offer
0.30140343341377523,0.3183862470428127,0.07106196673924668,0.2690599952223956,21,1,hold_price
0.17714048057902,0.5540892456215902,0.32371912197722,0.181429227151273,19,1,counter_offer
0.31852685769436795,0.6593276777642525,0.1710523659785445,0.413801208408715,23,0,counter_offer
0.2455718790564344,0.9728080535690574,0.258245800698075,0.4123596513481147,19,1,hold_price
0.46549065303961457,0.4556968600211837,0.18299352039954145,0.010162457136487757,20,1,hold_price
0.17951405673261556,0.6482160402713806,0.717079097570387,0.14047518540880413,14,0,bonus
0.35561541579750205,0.5780392479199319,0.3464144988974713,0.38778963351526696,3,0,hold_price
0.07432444022836965,0.31755489388757296,0.3428427902861589,0.13448687049562252,18,1,counter_offer
0.48013724038501643,0.25306413169772035,0.42374472662189555,0.5775929110331633,15,0,hold_price
0.4913408605587585,0.9878707217447237,0.31860238080860254,0.09767456198969211,23,0,discount
0.3825835830573856,0.20685236170151533,0.7558290733104052,0.44892963676030034,16,0,hold_price
0.2593456122036079,0.7902752670742368,0.34271075192051853,0.598993576126781,13,0,counter_offer
0.14899704769726763,0.14658739102076102,0.17529721365969078,0.20794708008875687,18,1,hold_price
0.41563235311158414,0.8043512693612508,0.21880417511663208,0.3618764273740759,15,0,discount
0.38135934371616004,0.18572844298954805,0.5272214730946814,0.06342718187658904,2,0,counter_offer
0.14987931780242708,0.967156644016167,0.13608475373474305,0.373094094495331,14,0,counter_offer
0.25304688237076955,0.6859876565745173,0.029810240991706306,0.592513667960178,9,0,counter_offer
0.25825952201755326,0.09011824367582888,0.16826828071685412,0.5837155015782354,3,0,counter_offer
0.4218847474877191,0.6931771194590108,0.5168750649735465,0.24706691381816154,6,0,bonus
0.35773010795033444,0.6036207627815519,0.4039623754722982,0.492372273137614,20,1,hold_price
0.3394253945930248,0.3375462466939585,0.4146546505118186,0.49595982133609307,15,0,hold_price
0.3424223401534753,0.26073599775671463,0.08617528761706782,0.196359973373909,1,0,hold_price
0.1717115357221155,0.7187607817481522,0.07637899406964396,0.4936485817323496,8,0,counter_offer
0.21727006692329032,0.7413613729498658,0.13610037482740744,0.0974427487412652,16,0,discount
0.07054802844651777,0.32720584895253657,0.37546808109308083,0.587327517911966,12,0,counter_offer
0.4041235111154557,0.8762271108395037,0.37393575394160816,0.5185020423612838,18,1,hold_price
0.24484919682641626,0.26882721888849126,0.05609536287653111,0.3063559470729038,15,0,hold_price
0.24720726068940807,0.06986442597481102,0.3402083994349136,0.231193234162477,0,0,hold_price
0.16041031922013205,0.5998678448275786,0.4742544035897648,0.5675691794442137,20,1,counter_offer
0.144242276656743,0.10707057283161614,0.7000563954057858,0.04267567527548592,13,0,discount
0.31451986830606316,0.27666406426648527,0.23180692678181752,0.2990337410421201,22,0,discount
0.1546488568416541,0.5071863930484379,0.10377617393007452,0.2921681402655781,5,0,counter_offer
0.07889398320445899,0.2863596223572976,0.21109822822887003,0.22879481871245616,16,0,counter_offer
0.39537833719140425,0.2149963424200444,0.2750836602600563,0.06757654757391234,0,0,discount
0.21941124548286467,0.7031854149056544,0.6911218662161902,0.15082879010117636,3,0,bonus
0.221106012754687,0.5469993414022956,0.1106010727165004,0.5898709464992932,21,1,counter_offer
0.2440932266821061,0.8397612482502805,0.5597075851548237,0.4847708331149997,21,1,bonus
0.41677017053364224,0.5812395946554776,0.24781459095493655,0.5029698942304482,22,0,hold_price
0.19437660317291772,0.48344721177377836,0.3476314917143975,0.3057189571019572,4,0,hold_price
0.39111629506602624,0.2612563516107882,0.2653731254872762,0.3970952586412902,21,1,hold_price
0.4727951783507945,0.7920658750912973,0.9124599448960449,0.303003558440745,1,0,bonus
0.3473906881661597,0.19687100856436723,0.2754107280487744,0.4064156428668044,9,0,hold_price
0.2442564865296611,0.24222841097316028,0.06693587087904304,0.51808105459794,10,0,counter_offer
0.3865053754159991,0.84158859675307,0.33205939118905603,0.14555682213350074,19,1,discount
0.25605381638812347,0.7411925257292111,0.25718648631224644,0.570535962790095,16,0,counter_offer
0.23649227199866335,0.6128734889795205,0.19398714001947293,0.5481670900413311,8,0,counter_offer
0.28637742360770746,0.038920530786573426,0.18028335960951167,0.25157477652945887,3,0,hold_price
0.1929750506641822,0.12725761828472648,0.37293133525440725,0.5860885294813182,8,0,counter_offer
0.09691259732600055,0.49995746018760967,0.588894602203381,0.5295144887874524,7,0,counter_offer
0.23668340248677433,0.746338923482891,0.13728262299882496,0.024046436748184807,16,0,discount
0.10573559650818587,0.4641008641918233,0.15666239279285268,0.02526850013980204,1,0,discount
0.23469866309995102,0.017293024414783087,0.40345742100941134,0.42437074750809783,9,0,counter_offer
0.3006201745460526,0.1842699986668217,0.44103231622032085,0.4702031809587629,14,0,hold_price
0.46882003154254104,0.5887666996202181,0.5088129856859209,0.14921215182662104,15,0,bonus
0.06630004897038662,0.6942170596879913,0.14611023101606735,0.29924198931455637,16,0,counter_offer
0.3296562829258749,0.033428312711904384,0.37830278132993755,0.3235490499152216,6,0,hold_price
0.2559808339925348,0.04333175346050033,0.3496805389679897,0.2673574563795377,12,0,hold_price
0.05911750769186263,0.26131011545636296,0.2701467137448004,0.04147345751038249,2,0,hold_price
0.16229667917242419,0.08350169538656493,0.5227402700140583,0.1313376612664006,10,0,hold_price
0.1033183635596607,0.5419462321933647,0.30793960830324807,0.4887064434869823,23,0,counter_offer
0.14755736557915014,0.12370198195668047,0.10431803586674214,0.04385213080520971,20,1,hold_price
0.1735566095574132,0.6482193349014225,0.5940196945744464,0.37328439127445345,14,0,counter_offer
0.23058785092198836,0.777225319307587,0.08744802582537571,0.3804949199789306,10,0,hold_price
0.2880677270700006,0.9705166637521067,0.2762142128858074,0.573894079610211,21,1,counter_offer
0.05044549726687375,0.9484069616377143,0.5177791768121119,0.5924707438887028,10,0,counter_offer
0.12284121228293336,0.2733651502352782,0.23307513988342057,0.5670255155649954,18,1,counter_offer
0.09210487352396032,0.029409602623172826,0.1229594289733497,0.3247928611667944,13,0,discount
0.2973530296682347,0.32941221611176796,0.2234405767089342,0.025065433327968113,0,0,discount
0.19808369168057144,0.7084801187126533,0.4992213831234342,0.16638036716407426,16,0,discount
0.2967789812156231,0.05980120927253929,0.13411424188078594,0.2852973261124842,21,1,hold_price
0.14982048597860503,0.3597126576714287,0.40032284020325315,0.023471905352170717,18,1,discount
0.06090320933941319,0.29803454754690695,0.4184112895601696,0.022258399383679527,14,0,discount
0.4736151055716111,0.2193456358189767,0.22021052394461993,0.19441383343446036,0,0,hold_price
0.09873865453504732,0.7061307547303153,0.25688892893500614,0.2324068344489524,0,0,counter_offer
0.10708643658277256,0.6590970050243741,0.554398230819665,0.3485066227294521,20,1,counter_offer
0.11594607192956323,0.5354940940343433,0.5941043566498325,0.5597145897100607,11,0,discount
0.4915744357969727,0.9107746396815976,0.34456574165767034,0.23470615954707824,10,0,discount
0.32794710807649824,0.10313885273027246,0.4778619135356169,0.02885434703138827,15,0,discount
0.32463047826673275,0.14968922447813082,0.24852761678611968,0.32402617401666106,21,1,hold_price
0.4940141906833383,0.3834496792194131,0.01779977687840714,0.21477746866625372,10,0,hold_price
0.08979744617359464,0.6558820518629006,0.14105418363600133,0.5406621456405085,12,0,counter_offer
0.4885254016440301,0.5840792922454121,0.026578320250483033,0.2588988413659258,13,0,hold_price
0.1418059159493184,0.07404268746793197,0.2587664649437085,0.19307845232080711,11,0,counter_offer
0.33038217660291597,0.9584248037464674,0.029364343598998026,0.43432815402037017,15,0,hold_price
0.23903760438625626,0.3050648164613915,0.09049367550444058,0.29595176886843355,4,0,hold_price
0.2227783160647302,0.35897261378309386,0.22384589066984775,0.3330594478966871,8,0,hold_price
0.4690594978157582,0.6236297990434235,0.6701676772864168,0.09124044926799901,11,0,bonus
0.11715247779811541,0.9451655174597346,0.41462238652164557,0.22511562437231947,12,0,counter_offer
0.4986810549843096,0.662688239103272,0.2653785856838488,0.027854436092168533,11,0,discount
0.22060627749119682,0.9547733295477041,0.3997675927667288,0.45292727974502767,10,0,counter_offer
0.3419487067498495,0.18759111882047896,0.21713581389490208,0.14734899767954665,21,1,hold_price
0.48555802916751206,0.618809928972935,0.4986239437868087,0.07230945651437726,19,1,discount
0.07592047267053866,0.8288788918762848,0.05020691897786939,0.3537072184734577,21,1,counter_offer
0.46528896331633574,0.5090244682548472,0.31860122900531523,0.3476577928329248,14,0,discount
0.30551512340945447,0.36217367582934046,0.3907104047427621,0.1894785417005848,11,0,discount
0.3669785955398535,0.9847585300318772,0.22684786709024582,0.5774107067657539,10,0,discount
0.11713288274885676,0.1409873403966605,0.26531156538755873,0.3813127863468333,20,1,counter_offer
0.29002434387396453,0.41092952752865664,0.3416800378123817,0.555836331984308,15,0,counter_offer
0.35308117162635966,0.8733737525606602,0.061792507059407115,0.1803574099850845,20,1,hold_price
0.2553112883244568,0.9004807465059209,0.6545832823077078,0.3310818355665311,20,1,hold_price
0.11974333014772554,0.9803821015597741,0.10143314062030416,0.2481124373163234,22,0,counter_offer
0.1598535837885095,0.8848475922643815,0.509148498468879,0.24797001107727776,13,0,discount
0.43447675594707436,0.050957025387412536,0.3820993284257758,0.028660393175145613,8,0,discount
0.06551194677474326,0.9297664996274883,0.06709841345183355,0.13178183261638232,21,1,counter_offer
0.3689879352983656,0.4281671914067853,0.09744950638152768,0.5215952695348912,5,0,hold_price
0.49972551643153706,0.651619187456582,0.11651061692429764,0.5099131808092084,7,0,hold_price
0.05336734824804498,0.3942758691671191,0.16707236037360093,0.06305880593125997,22,0,hold_price
0.12247055726897296,0.8136680766135487,0.17859693237616933,0.010888828615840196,17,0,discount
0.3533649354019105,0.5759192763227661,0.5974701064765305,0.061227461784643555,14,0,bonus
0.07699587556340673,0.8455446425540043,0.17669919492168906,0.3832808403597245,12,0,counter_offer
0.3154054927351365,0.19377147152076724,0.14570606298500682,0.1438937434408174,11,0,hold_price
0.3578000466024753,0.18498309475490227,0.10978787424994939,0.4575745272425841,21,1,hold_price
0.31466585665133157,0.440376801584787,0.5107324175161642,0.003497486857742715,9,0,discount
0.21433311635948027,0.004751544962480536,0.07995248310844855,0.42946355116267926,11,0,counter_offer
0.3637770331939875,0.6928529548962581,0.5322364831236744,0.5318344648001915,2,0,hold_price
0.3174324926062192,0.296053727808011,0.6007105067109688,0.02688388468586216,2,0,discount
0.14343672744226388,0.5572993462144499,0.19110364086891424,0.5204369631595894,4,0,counter_offer
0.3034109946132994,0.07000356046084688,0.4627353901367343,0.5507212868029905,7,0,counter_offer
0.44685824771251736,0.17064435938269396,0.261150647726712,0.3215040900203394,6,0,hold_price
0.35007497856070247,0.6228591700219328,0.10245105190833087,0.1707172305135492,16,0,discount
0.2623061783272312,0.3056626271110431,0.3170894815100739,0.3376884894440149,13,0,hold_price
0.19471284629125302,0.2147219425856337,0.4190564747070545,0.186352006567507,0,0,hold_price
0.08864879424690779,0.22884650080776792,0.4290395163693972,0.5599259497358561,12,0,counter_offer
0.16008220974156293,0.21481936472549545,0.2653781991034276,0.3261790478852477,1,0,counter_offer
0.055034038889094604,0.6228509494305482,0.04114963361139123,0.47922266062298574,13,0,counter_offer
0.49398166288623396,0.16769121446945712,0.04862022816124267,0.36598212324335666,1,0,hold_price
0.150117013457933,0.36270635917989036,0.19847452380648684,0.17304434808996685,1,0,hold_price
0.4166941742084177,0.6878868655934522,0.45806712150474166,0.3000778358609082,19,1,discount
0.1258901968122404,0.5136710573476506,0.15707813064854959,0.5279347988346982,0,0,counter_offer
0.17762051732250828,0.5972808707754839,0.29911879533619873,0.22972377021931908,23,0,hold_price
0.23822479365276505,0.2509069794637485,0.2129239327749674,0.20479910169789597,11,0,hold_price
0.1959825488637223,0.9327148731652056,0.14357097138277322,0.5738582805971193,19,1,counter_offer
0.4092578657419375,0.4138792483163356,0.21055144876185167,0.2004365835334996,4,0,hold_price
0.4809620336069404,0.28696393661233455,0.36329123237256217,0.5157006460292786,11,0,hold_price
0.44388251764288184,0.9043261840584723,0.0753254548218678,0.10696843209332738,21,1,discount
0.11911004012649046,0.655289615264387,0.1254998558638719,0.475034977246449,1,0,counter_offer
0.39950990435718065,0.6139458631384505,0.4861381802423823,0.36918099020657663,10,0,discount
0.11657611098712015,0.8867346521661681,0.08075535869131452,0.07211794724335518,2,0,discount
0.4610214979529456,0.05854028627138441,0.3681668131723178,0.0383670993579716,8,0,discount
0.2830453590508603,0.8376795120075803,0.15759321998899584,0.17898437671091683,23,0,discount
0.20137148962551804,0.6778643643051009,0.08340223834791066,0.3944736064905277,13,0,counter_offer
0.12066147380038676,0.35999279478012935,0.2772812737356323,0.2160682362306702,8,0,counter_offer
0.05531408968055208,0.2563513425238556,0.4466340825339481,0.1626914144010501,15,0,counter_offer
0.16157614624739813,0.10480589988155764,0.09815392692597001,0.3491184180433719,6,0,counter_offer
0.46130902847659033,0.94107417024669,0.3943262120743797,0.5715328709258889,1,0,hold_price
0.40876798652250235,0.1419121033295362,0.11995064697179621,0.07311163925389337,13,0,hold_price
0.4864071684878238,0.25943853573088427,0.3509982533846908,0.38674878707984617,17,0,hold_price
0.09534268450461787,0.6911071795694699,0.3461451344638069,0.5474412926748419,4,0,counter_offer
0.31648043457755126,0.7101524378859926,0.24781322262856273,0.3246602757439476,3,0,hold_price
0.1657177133138495,0.16076870460259396,0.33883326318472057,0.5785117680391602,14,0,counter_offer
0.29432376759758333,0.8141311607656276,0.050080845796069806,0.3587367477163556,9,0,hold_price
0.19420469850355482,0.5102872691763625,0.05994629940597153,0.40356122428001273,22,0,counter_offer
0.1775594976095109,0.8484566781151089,0.0825197006967752,0.47476801716283323,8,0,discount
0.3082303859110689,0.08728538984754453,0.21263940610786777,0.11983414912273964,9,0,hold_price
0.13249317284129314,0.042829999093689675,0.5474672289667537,0.33611526341781534,13,0,counter_offer
0.2611100466374526,0.6369903814943497,0.2972983903760328,0.3685580573420547,23,0,hold_price
0.3428655192698156,0.15002379710981684,0.4208702420703744,0.07208859900820341,16,0,discount
0.10768193293226183,0.5249490457332999,0.21473720028625468,0.27330707892492656,15,0,counter_offer
0.4687674218946068,0.01410875928450872,0.054623411776569146,0.4624070224594602,19,1,hold_price
0.2775761147543562,0.7799292605482002,0.2160946916980357,0.024423739741669313,19,1,discount
0.418787587347954,0.8995301701785016,0.29578417431805326,0.24809520435795285,12,0,discount
0.3442574437794785,0.838882761964288,0.4037811487946654,0.08743058629876156,6,0,counter_offer
0.3695004235501455,0.9583528131504183,0.24867318067742317,0.1054491585284183,3,0,discount
0.37225892344677713,0.9030957546587897,0.16791625456431114,0.3075447087570328,13,0,discount
0.4437949536776627,0.44401801829036525,0.07786256242354918,0.017689091307106917,16,0,discount
0.3261224457711158,0.3983482084436466,0.35997623285120883,0.2549740327126638,8,0,hold_price
0.17519771827462532,0.896183667971543,0.16346705105738937,0.015423096693426917,11,0,discount
0.09477933928945573,0.926938795357227,0.16740334145603405,0.555336062464065,10,0,counter_offer
0.32281277875256364,0.972835948318037,0.30448592604846797,0.5297723803196958,14,0,hold_price
0.07985876169676148,0.7683172348427827,0.4152846074604209,0.12698293580454034,19,1,hold_price
0.1585820532602886,0.20198882994138034,0.20453043842763022,0.039482620922248746,10,0,hold_price
0.07731823307086028,0.9449541361107224,0.08689638008790608,0.15038139352923682,12,0,counter_offer
0.2969994150529552,0.9471414668162196,0.1634434176770662,0.017035146243898812,9,0,discount
0.12215215622429063,0.6661313639129715,0.27089692538894344,0.4408732778294076,7,0,counter_offer
0.32468329374506294,0.8572802663494847,0.2438706424161214,0.34433665806509,16,0,hold_price
0.4058893088884704,0.5611764211639523,0.1637941357197997,0.32630373750631575,14,0,hold_price
0.41984632434733804,0.9441269454117227,0.10056061941347748,0.5111833312508024,12,0,hold_price
0.18929457866193233,0.09393639659209119,0.30271069101140174,0.48558747526485035,7,0,counter_offer
0.2970295397125232,0.8639636964847707,0.22145755456433822,0.24532894708077654,20,1,hold_price
0.30335484203886154,0.055503629037139346,0.457633680589433,0.36620213521377404,19,1,hold_price
0.262799231969375,0.3391070522180205,0.05610929684234002,0.2650847599460667,17,0,hold_price
0.3448012511411442,0.13532564261526192,0.21195626613996194,0.37440581981416143,19,1,hold_price
0.1445392057205901,0.4791350924629122,0.2984053893682007,0.09091491280505622,11,0,discount
0.4906594578140574,0.23224615799246995,0.2420389065464778,0.1800481417540006,15,0,hold_price
0.0941359221909196,0.9520723793339971,0.3248986325938594,0.1511301550774538,5,0,hold_price
0.4231495135414036,0.5593213336534095,0.17598502234859142,0.10048020834132865,18,1,hold_price
0.3173431941280345,0.8977307363037248,0.17068457753436736,0.24830285292546375,0,0,discount
0.16018463623717216,0.27805846905115095,0.4808832121942521,0.4358996386091405,12,0,counter_offer
0.3855537502971349,0.025977559946560813,0.3036803197907688,0.23763400370567592,4,0,hold_price
0.08801640305468239,0.7756550036839217,0.4080099578812616,0.5895813835958188,14,0,counter_offer
0.3984880255019524,0.7023776599719719,0.4721353463418464,0.1812544065787938,6,0,bonus
0.3154933500093561,0.5454916456741936,0.2437843483007852,0.5688778692256529,23,0,counter_offer
0.09983764327838071,0.8153427297292126,0.33253382182786023,0.11613221122232564,2,0,hold_price
0.0857775033915666,0.8400843726481325,0.19494345107145633,0.19246475165436341,19,1,counter_offer
0.38787635004640814,0.5879033080181738,0.4891310799044216,0.09844888138909304,16,0,bonus
0.1818211579267267,0.965927791853937,0.01693856654831944,0.14274609038302644,23,0,discount
0.45018583284524605,0.7197119476173273,0.1127517197047705,0.09426694225310672,7,0,discount
0.3929328594635792,0.6768753761626287,0.3545557231739301,0.37489638671100545,16,0,discount
0.36418561012297224,0.36142179255864537,0.41711157119624687,0.12036909029365973,0,0,discount
0.1753727236850529,0.0022585786000076657,0.33751303945077415,0.05107929125462705,16,0,hold_price
0.36902503355972804,0.240942673894178,0.28141595624576393,0.1598524372966045,10,0,hold_price
0.4766664580316753,0.7639205068146299,0.27869165376365923,0.40704004092803275,17,0,discount
0.09120192546675601,0.7098712544371741,0.37448843722916897,0.2571787809253141,18,1,counter_offer
0.19677318890160472,0.3310221448300942,0.27539176890023004,0.09369485063474274,11,0,discount
0.15560251945771736,0.6255829745384388,0.40472181106208066,0.03807011337327477,8,0,bonus
0.2269625604803,0.19528747947313718,0.38788417680648596,0.43761282385955363,17,0,counter_offer
0.38404969468427586,0.26362771926904405,0.37657149720881056,0.4224657979204324,21,1,hold_price
0.263409161641424,0.9474080939024966,0.41511747561713136,0.2769148278664864,8,0,hold_price
0.3068287727541108,0.4131805729355945,0.22157004149393555,0.31664939502749095,20,1,hold_price
0.19136969963525408,0.24498759429885453,0.27355234638977854,0.14429571630663093,10,0,hold_price
0.11358017018919525,0.48710824683899145,0.2650062584123287,0.2912020968532513,21,1,counter_offer
0.17012014202197784,0.3870158797873662,0.3511954360241257,0.4371639686051605,15,0,counter_offer
0.43685613555889413,0.7295290373491057,0.05646727826226539,0.46291957041508597,16,0,hold_price
0.3210876329690347,0.9621161064908811,0.29647641354960463,0.2042969228283094,16,0,discount
0.22009490293875517,0.5917374244576918,0.4477299548093522,0.4073103335093982,19,1,counter_offer
0.40545769178101443,0.591147186936915,0.38781150518201984,0.29189065399663533,20,1,hold_price
0.07900584460470894,0.36483385872348306,0.38652317393234376,0.4436014880463809,9,0,counter_offer
0.16425098956507356,0.5646309319752953,0.32377470428897653,0.41446839138446273,17,0,counter_offer
0.15354641932580268,0.3193288663871382,0.37278410197608014,0.4502140193371033,16,0,counter_offer
0.49341405297569996,0.0010920743123419285,0.12376697067261723,0.09893002560905617,14,0,hold_price
0.3677443620767421,0.8660961728784851,0.534955245769896,0.19327324439428287,5,0,bonus
0.32800367137484937,0.4294440855217052,0.035860606255360625,0.1589902464749302,11,0,hold_price
0.052243234382512806,0.4920884850539967,0.4672947116108044,0.2682413124676789,4,0,counter_offer
0.13293950094043583,0.08350091542592819,0.028967521861616892,0.2789474758731641,3,0,counter_offer
0.3359935818378852,0.837110513405392,0.5424022861410386,0.4003843191324979,22,0,hold_price
0.22087369691674957,0.17033707037759038,0.3543708648355414,0.34176428040861534,17,0,hold_price
0.4659261726555774,0.41062115878431593,0.27288082462770935,0.34792492380152124,13,0,hold_price
0.39412589861379105,0.8402655470638813,0.3074326785179877,0.3797909039838116,10,0,discount
0.25132283276185396,0.4577829402135195,0.2770885412669202,0.16373382344917162,1,0,counter_offer
0.3872817398922217,0.9311523354664637,0.017083506483653272,0.13567897187382372,8,0,discount
0.4889319457217997,0.20931430342068968,0.24411404464441927,0.129113132467686,4,0,discount
0.2574413711156618,0.7152328299547713,0.36035253434269465,0.46766894313521856,12,0,counter_offer
0.33913664954984,0.9779985235617275,0.6081621295980552,0.05835702558119005,11,0,bonus
0.4633990767775828,0.5496136372203109,0.26970794860078456,0.18965562350259388,23,0,discount
0.16190359791627798,0.6921838986439929,0.2105875988289183,0.16816378402364343,20,1,hold_price
0.44895106114982525,0.39322665960100844,0.03258968506650306,0.3551554523867307,14,0,hold_price
0.0938951180478422,0.7513373397254689,0.1768404883238947,0.5545149507318676,21,1,discount
0.3418016767644409,0.9088740565237291,0.2608900828579177,0.5271567902661938,7,0,hold_price
0.40227716977510297,0.7030555670505292,0.3763991519903715,0.06323239287140145,2,0,bonus
0.32657279866359173,0.9359287113809792,0.13182533587598583,0.3241261367043882,13,0,discount
0.27299066186864435,0.5886526519923097,0.47644767929599996,0.022318434014232145,1,0,bonus
0.3278061949665587,0.5771374404509629,0.3166259809006048,0.47544370406880676,22,0,hold_price
0.11824866895075006,0.30462738810915535,0.23670914744456625,0.22483092438309255,2,0,counter_offer
0.14700681964859827,0.7096274911637859,0.5160809897966772,0.128918871634937,20,1,bonus
0.1714547047803539,0.8819525217561553,0.25357519849131627,0.2904611528348517,16,0,hold_price
0.31900070328351715,0.6463162261289312,0.4771078195784096,0.261061993680991,5,0,discount
0.24885548318528172,0.23303922059858295,0.34015702652448004,0.5658770112931943,12,0,counter_offer
0.16001412911862778,0.5441091147216865,0.29082813379497546,0.019912027673766697,13,0,discount
0.4472641994650611,0.755937416951415,0.23912904128805754,0.5699904925179934,17,0,hold_price
0.21826482813195053,0.9393633148727528,0.07792987026877067,0.1406227463023026,10,0,discount
0.250714273653451,0.15659604952055395,0.0681830078295515,0.08701929684583871,14,0,discount
0.23436548444704758,0.1274970909665606,0.2577682379623663,0.44509428453986305,9,0,counter_offer
0.13187432987453868,0.412943530232906,0.29897657709031006,0.3135461575600209,2,0,counter_offer
0.379232156943605,0.12561116946261086,0.15303031472446735,0.5373884445975226,17,0,hold_price
0.25180621802098613,0.9804289125051184,0.3734064986116023,0.32558226031590054,6,0,hold_price
0.0573156994517233,0.42430436728255916,0.07073861771131014,0.30328056685928606,6,0,counter_offer
0.4838061660619086,0.5336105190679049,0.22057700581420436,0.12369712715210884,7,0,discount
0.41709362521793614,0.2270877812927713,0.3641276670946783,0.5698642724226982,13,0,hold_price
0.3756017093413115,0.44912612353692927,0.32168973587746397,0.39869413100250073,16,0,hold_price
0.441091341733338,0.9846939348612198,0.17785793365787395,0.36094123282071944,19,1,hold_price
0.4580632641224976,0.4886871513669695,0.3036743096794794,0.4740334490030436,14,0,hold_price
0.2018703678729974,0.00882392580448621,0.11741343799380154,0.060762592142187065,9,0,hold_price
0.32493140528751435,0.24252753025063056,0.41643911049940097,0.5198480678807044,22,0,hold_price
0.3239635141425174,0.9784548304785041,0.36448590540028836,0.3002896264992681,11,0,discount
0.17028485096476864,0.9890675134107325,0.2384787407941792,0.481327835260073,3,0,counter_offer
0.14987851315118025,0.21049308977170567,0.12212350803814197,0.427578492190756,19,1,counter_offer
0.10125826466855994,0.6152640878438534,0.2270122223229552,0.27075594606774783,22,0,counter_offer
0.34669138816240375,0.07690833050541446,0.5111042824949255,0.4618258943279364,6,0,hold_price
0.4014135459638509,0.5774416424446291,0.1179691020125086,0.4324146845351583,5,0,hold_price
0.3924288407826517,0.12592070148643741,0.24699204129021882,0.0022331297193862064,8,0,discount
0.19232391973323848,0.8186615236426579,0.013287171621044936,0.425548462918129,8,0,hold_price
0.142366932709341,0.9395749876022444,0.46386813365908297,0.3052732191427595,4,0,discount
0.2541263803045799,0.17298680804948263,0.4125380540487914,0.5036825131697888,0,0,counter_offer
0.29606605710822975,0.462712168594824,0.22546482623616998,0.4857866766780931,4,0,hold_price
0.4635892075858501,0.10204299847463416,0.3907900940759591,0.1023891084120326,7,0,discount
0.44367041942332436,0.339140007072975,0.42579955946121134,0.013055200577032577,4,0,discount
0.46222624908582244,0.06509775476052648,0.18825267443902152,0.11779525695676431,4,0,hold_price
0.43261807331119084,0.26454652801742706,0.30956669642720663,0.4446751627197313,22,0,hold_price
0.48406154199634005,0.9902236670893015,0.21344071799097472,0.5228108332966591,5,0,hold_price
0.2594749987260759,0.04460326732140185,0.43197203432161024,0.42034440975861403,19,1,counter_offer
0.07136307384489247,0.8589683296186706,0.11886694202073701,0.49235261715626455,13,0,counter_offer
0.0876029144668152,0.07745257775410486,0.4946289491350836,0.35234452581887193,10,0,counter_offer
0.2256242637975544,0.5289969311173601,0.16635442885907603,0.3039124060439844,18,1,bonus
0.1659591910728488,0.4521197924273457,0.11494971538545598,0.5822184141634797,0,0,counter_offer
0.1264732661124803,0.9315546600206449,0.511750990618657,0.048354095104961865,17,0,bonus
0.47894169852889185,0.19904986228508958,0.40667315579755586,0.25281256099200394,9,0,discount
0.1379388147847801,0.17968201537963513,0.35435301987418016,0.1668343396253187,19,1,hold_price
0.48172067254185397,0.7487140885678323,0.3115391645855069,0.07323058459186157,23,0,discount
0.39237747814454316,0.7257194731003539,0.6003574441682387,0.363346198558903,17,0,discount
0.33842555245635053,0.6991817704927987,0.30075709438407067,0.15795022621415933,2,0,discount
0.35420853204022024,0.026127116172380727,0.02987392408937373,0.2777787277122931,23,0,hold_price
0.19916344564660582,0.25995968672490866,0.4720678249799154,0.08195316491269462,18,1,hold_price
0.340892167126227,0.8398951778542993,0.27493698032637753,0.23399190663582828,0,0,discount
0.13401145322656938,0.6008581214567726,0.16493154385665976,0.12015290657105912,4,0,bonus
0.4719674446411908,0.6021949207321816,0.682928786495759,0.5381622495642338,23,0,hold_price
0.1858070029822671,0.2959166054048117,0.17227242245642854,0.3134376955644537,20,1,hold_price
0.164833930532094,0.2601730885569479,0.06103074091414408,0.4797261510392641,9,0,counter_offer
0.3700232591873709,0.9465548880182547,0.2585455142795277,0.29143579940224557,22,0,discount
0.34540192312978185,0.7277552788532122,0.023569672504159568,0.025430586568967396,11,0,discount
0.2530845132544874,0.12686611780183754,0.37382895043563474,0.4167321358645758,20,1,hold_price
0.3346008056108538,0.9377069421437638,0.2784863773051884,0.028694059234036406,13,0,discount
0.12177188229238527,0.5823701518180548,0.2974718855401371,0.23702425715441452,15,0,counter_offer
0.3529977383308798,0.3333623669570881,0.40502394122733404,0.32816361279538286,0,0,hold_price
0.17177481283783724,0.3971394463995984,0.10075651374939838,0.46789698929493256,23,0,counter_offer
0.1727761895044058,0.7254045103526182,0.038913213160440614,0.5391598599632693,4,0,counter_offer
0.12298097072470307,0.3762726516860836,0.40584202623173354,0.12288826863626207,5,0,hold_price
0.1995697107662741,0.578744799118607,0.33227482240522677,0.3981432891275778,10,0,counter_offer
0.19906297714009769,0.7104994966484048,0.046528760930885704,0.28213723413645914,18,1,hold_price
0.25438055526602116,0.19537499730596453,0.6456057862559311,0.46050942520404065,18,1,counter_offer
0.13568877709985727,0.9442414862425493,0.19896826608239968,0.5639062513983322,15,0,counter_offer
0.13685339127144486,0.3561727714354098,0.2698638481762344,0.31978026847554003,20,1,counter_offer
0.29378235724845275,0.4193747570769143,0.12888847016221974,0.1720626089162486,16,0,hold_price
0.10799483210171382,0.6985143678678206,0.5029082232338857,0.4791055183555954,3,0,counter_offer
0.3600036535949758,0.6087850893877641,0.4668931363033754,0.31604152831520615,18,1,hold_price
0.47477620663816844,0.4401198369391792,0.09593318972700499,0.5293670371547209,6,0,hold_price
0.24205802974897023,0.6497420403007914,0.24054805779325278,0.33964388366163595,12,0,hold_price
0.45549739091780456,0.9028283075720446,0.2960185524154283,0.5622737721634975,14,0,hold_price
0.09424246600663899,0.8002836166454186,0.18292612716543447,0.010521971281405884,9,0,discount
0.06933093231904006,0.8242590099547736,0.4043659254180821,0.4433752975625755,8,0,counter_offer
0.374615994881228,0.25840840856731295,0.37452969477448567,0.20792277500520637,6,0,discount
0.39245970784167344,0.41940334929763756,0.08931166756479696,0.40117222447086115,7,0,hold_price
0.42937620843458807,0.5538191416540592,0.49565992681489895,0.5654080612043526,23,0,hold_price
0.07556795527999165,0.04419081916148293,0.34820700566706764,0.39234670629717944,9,0,bonus
0.3996081747305737,0.7697921803773246,0.15134424969842772,0.4469912255872658,11,0,hold_price
0.2194424297584618,0.3234634244150889,0.34960270240973246,0.09483027038172835,16,0,discount
0.1865019347069894,0.2825960780410143,0.271594951852689,0.10231082811461913,5,0,hold_price
0.12786076460448362,0.2592920093561464,0.3334627781067957,0.34405583186792393,4,0,counter_offer
0.49820708979613715,0.2833792654200644,0.609656773979914,0.25836268393688744,5,0,discount
0.07864861519348863,0.33801483215783223,0.4055796036001186,0.06669032638613456,1,0,hold_price
0.42215360657359974,0.6048245580761592,0.13732405603291084,0.43700120970338907,10,0,hold_price
0.3377724959707374,0.5835653219000632,0.3802137857501946,0.4193739639912266,0,0,discount
0.3807861999178402,0.25571175360187537,0.21257828558672792,0.05494546785713341,9,0,discount
0.3702727039648084,0.2064242765732075,0.4582886855443455,0.029194072190056673,12,0,discount
0.4362955182829321,0.8263581900713568,0.13333202463062294,0.2272879932141334,6,0,discount
0.13270643143524874,0.09272333767636654,0.21275108793018654,0.37976051492361057,6,0,counter_offer
0.05037107757560842,0.5128228412009275,0.17133495570323462,0.5361405108268814,14,0,counter_offer
0.31933782006946976,0.5205608741892761,0.1609567873387331,0.26070334387049876,13,0,hold_price
0.2092363876955003,0.5741368068116216,0.3668221722919669,0.050461792275757845,18,1,discount
0.10570429900271197,0.8856501159071357,0.4710795730104228,0.5042796328906867,21,1,counter_offer
0.13376243934690749,0.6239139400947676,0.36614915640281953,0.07493991320687732,5,0,discount
0.1992871906066503,0.9736337662480233,0.20376679587137653,0.3824347741559414,7,0,counter_offer
0.08160501689901645,0.8713530833487275,0.2739350368902076,0.24807203615280948,12,0,counter_offer
0.0756109409578029,0.21474025948721154,0.24025060741455553,0.5457420801471609,4,0,counter_offer
0.4622118146745999,0.24118331022530115,0.20631449641691957,0.4229465464246328,17,0,hold_price
0.19044623720916332,0.3447741359151706,0.2355028190565859,8.555762929063349e-05,0,0,discount
0.4920038138631132,0.3915144150801313,0.38293422262962296,0.22365716316632403,8,0,discount
0.48396515374867993,0.5529951203076955,0.2747493681294754,0.1081854466958161,23,0,discount
0.11415707704720121,0.23251263289633883,0.15472065689175435,0.17011890094813792,17,0,hold_price
0.3717159363032859,0.22234518111376567,0.22163243702877086,0.23937345703398136,12,0,discount
0.32036220010718114,0.38138995736807957,0.18211039816905608,0.32483106071886764,0,0,hold_price
0.3607911828973191,0.672023113212752,0.2734103360043461,0.4790290108228607,19,1,hold_price
0.09328595000651366,0.6881256130961884,0.2427740905585094,0.051856941028438165,10,0,discount
0.13485203538555113,0.9761167400402896,0.17686107895978212,0.2646620204258833,20,1,counter_offer
0.08448739765289667,0.20241543392181405,0.2102183589804561,0.5104309310299138,18,1,counter_offer
0.32186039234768204,0.3928591518569807,0.0679258287941653,0.2593081420484883,23,0,hold_price
0.493965984132091,0.9646774979390604,0.2640053203110633,0.3115770033506179,2,0,discount
0.3523930419460736,0.6900087426655521,0.26535602397554253,0.4671635776588899,20,1,hold_price
0.3698426907598683,0.5922785248220191,0.5789009371677981,0.42773665411646317,17,0,hold_price
0.4930632686944765,0.5396460514013469,0.32189391471758466,0.3059986435677018,7,0,discount
0.3551051993773083,0.07551038013625655,0.24921328001017748,0.580255842834268,20,1,hold_price
0.06808170768281166,0.8933738088159103,0.03823166822733877,0.021728130875929286,13,0,discount
0.4401525203854689,0.6255052154151076,0.0946833408164565,0.03270615482612855,15,0,discount
0.21410523067045834,0.571667407928034,0.45414006438003734,0.25641749114950724,23,0,hold_price
0.051963629681621916,0.5395003433218426,0.22215133437442686,0.09470959056176391,13,0,counter_offer
0.27825537990236926,0.3919142073211117,0.22771849751209974,0.12990501174414176,15,0,discount
0.47165675039431865,0.25466469136089276,0.40449295002975016,0.0900495205162962,20,1,hold_price
0.16579880923774243,0.7553219853344842,0.33264789043273546,0.415421367868436,18,1,counter_offer
0.27118092787377795,0.5095675177616621,0.20579096169564112,0.25276110451043965,15,0,hold_price
0.12819959950207585,0.03393953228922031,0.21323667630188087,0.500504839917201,21,1,counter_offer
0.07596170224989805,0.39909449977216327,0.24777950298629814,0.1502305728676303,21,1,bonus
0.08624522602090093,0.9286036382228325,0.1634510532735272,0.37405584033995337,14,0,counter_offer
0.37715490768260995,0.37389456154086287,0.19219183721708907,0.12806509714746792,2,0,discount
0.43883351183396707,0.4132330079255737,0.13114378260239354,0.008690507326831586,16,0,counter_offer
0.11448447766362099,0.6239611230550356,0.28344712496995605,0.4133510290621369,7,0,counter_offer
0.17974335551471093,0.8016748038158823,0.2940579546750695,0.08731195887040133,14,0,discount
0.13776326044017229,0.6684611177047122,0.03792987388841051,0.4162863931841035,9,0,bonus
0.06208509961689257,0.8500547311229465,0.6072950956635161,0.414402859635276,8,0,counter_offer
0.29904411644914264,0.11397058704069829,0.25102052265012864,0.4008864085409492,23,0,counter_offer
0.3649649765619414,0.9245925533186489,0.2882994700316696,0.35517586068391443,5,0,discount
0.3415448663982817,0.903921932411386,0.11266070553529026,0.5309533645758201,3,0,hold_price
0.22462409628601143,0.5191485865855878,0.5026430504631519,0.045381996942479574,15,0,bonus
0.2997546106729574,0.6247422377872011,0.31637534372746984,0.5590914012864258,15,0,counter_offer
0.0923446879863011,0.21281305020140173,0.36075363436077595,0.039581612167747866,23,0,discount
0.119436673425208,0.4479474379813889,0.2069274663322101,0.297194017682862,1,0,counter_offer
0.4693075787988425,0.20270336091981234,0.43531908695636423,0.5539397883073375,21,1,hold_price
0.3926784865189536,0.021976678941019512,0.18139373972497225,0.1613575687152078,20,1,hold_price
0.4652325931213253,0.9809030681270525,0.7398693204807922,0.5027427370258285,5,0,hold_price
0.46250612802471525,0.2591465157102051,0.06732609634855073,0.35591348466611133,19,1,hold_price
0.3422266776984833,0.5931083088978353,0.17823483228548725,0.5167114458730171,20,1,bonus
0.4677073916504743,0.30025038353786304,0.06395617930040408,0.029140420576436663,2,0,discount
0.23751684638710846,0.3706216202104349,0.3848617734453691,0.33356481001780386,0,0,hold_price
0.05162731015322342,0.3977615585822748,0.2955673415544793,0.11319064303731512,15,0,counter_offer
0.07815700213077173,0.3350467313247577,0.26475728158810197,0.01084112739635601,14,0,discount
0.09926929656536684,0.6373997593399358,0.37983715230336956,0.4133726050388345,20,1,counter_offer
0.09290905393228713,0.9609362704886061,0.3199304997402189,0.4498103981752559,22,0,counter_offer
0.20826607588261858,0.428634650006233,0.2987627221770955,0.4417777064622611,2,0,counter_offer
0.3655718631992109,0.9733267240542651,0.4435601837448316,0.43618518910545157,23,0,hold_price
0.40579196297022274,0.6677972373447831,0.07359051380389856,0.47996509606952753,20,1,hold_price
0.3155959734550811,0.607136195021009,0.4438986473761759,0.2817538580439752,14,0,discount
0.1158962785506408,0.23710385179892302,0.2601565629470411,0.20854554610373535,8,0,hold_price
0.38655572096667884,0.06292070589938081,0.5283179686428624,0.4625778704126912,15,0,counter_offer
0.20966086361191955,0.8519347702918288,0.504401494166088,0.3998763469843488,13,0,counter_offer
0.055847006902308316,0.573981063944269,0.2934722415833429,0.12000381976292612,9,0,counter_offer
0.17626487923973722,0.4144138624248819,0.10667369950206866,0.26117591599934475,1,0,hold_price
0.19877024936344007,0.8119673220884834,0.09660679248313901,0.10930359586105853,17,0,discount
0.1734104908481463,0.3105803825773188,0.08958965175248755,0.4673420258664061,7,0,counter_offer
0.41534156893441354,0.7836172559644873,0.4815439334873725,0.1482785689324503,5,0,bonus
0.3919668789173406,0.327963835405797,0.39683111589979836,0.3736173668126663,9,0,hold_price
0.36299841368568864,0.9208811864041636,0.16699680298735506,0.44122042213068,0,0,hold_price
0.11255228533051939,0.26796687445680256,0.2289065556117836,0.5949624113511547,9,0,counter_offer
0.4135252593678269,0.13755411757457114,0.1736826801736045,0.25988553159695016,20,1,hold_price
0.3547291827484957,0.6980967083494118,0.2429987331070518,0.5234763080706791,17,0,hold_price
0.13767695891662635,0.16284725306477077,0.48974078913401187,0.39861235657491695,1,0,counter_offer
0.3416422686266824,0.9493630502889856,0.20918431240779378,0.00506902890956018,7,0,discount
0.26758023845165646,0.655555112388866,0.21534555709701597,0.23476745392161114,15,0,hold_price
0.24770752783530126,0.23086066128452598,0.04864092765527942,0.23647086480967747,22,0,hold_price
0.10045542356257497,0.20881893428542875,0.48454291708076214,0.07177509002250038,10,0,hold_price
0.2832369241303244,0.9238750391204216,0.31213776010577254,0.2622539770576477,23,0,discount
0.09496931403756365,0.6078579128498909,0.263010527435886,0.06987576725921596,1,0,discount
0.12391402426442,0.8937360066724167,0.4960364399451043,0.5012306934665244,21,1,counter_offer
0.10964584142364323,0.11022520484582521,0.38981434258151015,0.2171383270304307,3,0,discount
0.47934872558150343,0.9253921955791762,0.14385848133378562,0.1098730395345564,17,0,discount
0.17818911069975052,0.5200493119940883,0.1828578857381581,0.36109374180603615,2,0,counter_offer
0.20984194561820346,0.6684219163313505,0.23405991400231396,0.5145492736742393,23,0,counter_offer
0.19493627283321624,0.37287547154128065,0.06506689172364656,0.5609565342643075,5,0,counter_offer
0.4542127003301647,0.059140322005826196,0.2946349309671632,0.5365714316551377,8,0,discount
0.3033346601006998,0.9579724413418291,0.5070159106347719,0.529231566253189,15,0,hold_price
0.4636219545199903,0.994598329108482,0.07840253654262641,0.20883089347775197,1,0,discount
0.184966207622553,0.36454684876044297,0.44554653107983905,0.30325286266607376,13,0,hold_price
0.10167560349437703,0.9438679297519796,0.31228386164006694,0.222785279231605,7,0,counter_offer
0.30029830372587857,0.16772629096156422,0.29042439918985663,0.5533569803922757,10,0,counter_offer
0.20549164630550787,0.15468444965857553,0.24329697671498637,0.05569570521995839,7,0,hold_price
0.4108580750708367,0.07311184000917148,0.46543976177195123,0.3325918047920377,20,1,hold_price
0.4457405340102464,0.39126940758415074,0.17669050199945413,0.1481434689388138,10,0,discount
0.2626580799081823,0.052302250181599175,0.25641808049422454,0.5102245485322656,18,1,counter_offer
0.48711156083847873,0.39465718961289675,0.3693239437570185,0.20353099737732397,0,0,discount
0.2988558528549827,0.13839042864966822,0.10340630550974313,0.51821053331586,16,0,hold_price
0.1719141770238406,0.7305277955729573,0.32514946868324063,0.5568257479630078,9,0,counter_offer
0.27003898190492354,0.833362649336408,0.6110174036940487,0.10318058830977073,14,0,bonus
0.06678963158131743,0.687815427796288,0.16507136244502618,0.45255161210968176,20,1,counter_offer
0.4118005221183804,0.20049415243615587,0.39327790198970086,0.20998695567169506,16,0,discount
0.09564577288448943,0.7668481929079557,0.23331318565229311,0.2419657023337507,8,0,counter_offer
0.18893681982635224,0.24950019703327497,0.0937634538293662,0.16462876605672003,5,0,hold_price
0.3043924461522245,0.7594885969685274,0.48195734371590254,0.3699999932656051,21,1,hold_price
0.0693388065411045,0.5673975748963909,0.2290055601420479,0.20590027629777816,6,0,counter_offer
0.08569260463165171,0.3667125162912097,0.10007470632206907,0.444369502537033,0,0,counter_offer
0.3632523609258558,0.08349237801605769,0.477310286655607,0.467095215806264,7,0,hold_price
0.08229969187734593,0.8275095098070258,0.6213895094847895,0.23707936856410922,0,0,counter_offer
0.26468728981131945,0.9396529207982254,0.5319624425750414,0.0028464174866162707,17,0,bonus
0.20241303503933766,0.6659177800006375,0.2381931937862803,0.03964879489905799,21,1,discount
0.1526357335803874,0.9645415666934388,0.2737131388398624,0.16428733490331415,10,0,hold_price
0.13495050403864944,0.9341114190429911,0.4280467839550712,0.5723239060302877,14,0,counter_offer
0.39353508217966077,0.19460840080375363,0.3461643080049418,0.2362855983181712,23,0,hold_price
0.47819398691762716,0.7312123485982135,0.36568448017305566,0.4465411668264738,22,0,discount
0.11308088399149929,0.34930481943769454,0.12966241186736213,0.5616467516078757,0,0,counter_offer
0.48185654862835714,0.487517360565626,0.19778424087421528,0.20500725602587602,1,0,hold_price
0.3176431265637967,0.15696543114884576,0.24645070225152887,0.33677397127540437,9,0,hold_price
0.3387471824134657,0.9747794280576525,0.060816119078488974,0.5113923845675273,6,0,hold_price
0.36946687016416185,0.7261373830764085,0.2865798352580225,0.36887872900562185,3,0,discount
0.36685350065956146,0.2669083096309681,0.22422002672135058,0.06733236511407349,3,0,discount
0.4189149986835597,0.3714716901680335,0.49146883519577245,0.461746154814653,19,1,hold_price
0.26756089310646386,0.4224829268287844,0.6238209593646391,0.5424555309110304,4,0,counter_offer
0.2900113643816155,0.7475337241438402,0.15439282646739766,0.4612654833531875,11,0,hold_price
0.19572215110853713,0.9256972667695845,0.3587727302814763,0.45152326687250194,1,0,counter_offer
0.09736591720240267,0.32144013298457164,0.12625217662981875,0.4534177929602467,14,0,counter_offer
0.3490880859167986,0.47250008828041956,0.21698603425123175,0.3675233263947314,17,0,hold_price
0.06512448613381291,0.5932075728347012,0.24874892209999117,0.14868595891102263,14,0,counter_offer
0.1740357729875157,0.3933439924003156,0.1711431958523121,0.5465032479461813,6,0,counter_offer
0.09240343900074513,0.5041813233656852,0.2351213499592651,0.07734437488283667,1,0,hold_price
0.13582722079522314,0.105707629020102,0.15372147965793337,0.4963774478353877,9,0,counter_offer
0.33742891080382137,0.16767438772016607,0.1671565619554807,0.21562457119727155,18,1,hold_price
0.33281448359221316,0.4011012572201449,0.6079471947857042,0.40429205416388275,2,0,hold_price
0.23947471084807043,0.9149390117705525,0.27665880929415215,0.4830582665567034,19,1,counter_offer
0.09057738942027102,0.3493580457446336,0.3682819579838164,0.47915341542511913,21,1,counter_offer
0.2450182624067338,0.24979280860501363,0.10731456890661469,0.09668556683993983,14,0,hold_price
0.20873519233623206,0.7428622208492759,0.2601240196853601,0.3665508496246543,20,1,hold_price
0.37420661878517736,0.9491301660766093,0.10233127489363188,0.12873758912195646,6,0,discount
0.3105619736895733,0.45912361706354743,0.5184258587048138,0.06726257006938342,14,0,discount
0.27120459530164953,0.008604955567183104,0.43706939031276876,0.308136786464518,17,0,hold_price
0.2691419370372478,0.688149331475618,0.11117883191292062,0.592516230680724,17,0,hold_price
0.4848335992671885,0.4150608016161449,0.23003134207192277,0.5889983610354314,16,0,hold_price
0.3903323997665527,0.6736455366162152,0.25205510650169327,0.3440407088613842,4,0,discount
0.2736408022070575,0.27771651582920354,0.11343982725540828,0.4633044983469682,21,1,hold_price
0.2656501758000399,0.002408143816962416,0.2504225255692223,0.1498067799221316,16,0,bonus
0.06191559558723356,0.34449621874560377,0.5213435188997662,0.13461731123610143,2,0,counter_offer
0.474129168493913,0.7047923426129415,0.2609313914454683,0.42391388555770226,15,0,discount
0.19362828729529835,0.39311328300918924,0.41177205016995094,0.4715997240746242,21,1,counter_offer
0.1651725868463347,0.21917413965322596,0.315578603181725,0.4451022742857065,0,0,counter_offer
0.4997340164244521,0.4640068641341015,0.28425819210733666,0.06270453191564164,21,1,hold_price
0.373410352177036,0.7523485232983854,0.07450414755619841,0.21376353175123236,7,0,discount
0.0713136979846796,0.11943308679230602,0.12664998782892084,0.02650809956061495,7,0,hold_price
0.07784846466150941,0.6917520336466478,0.22695527747449673,0.47169735872284074,11,0,counter_offer
0.061475703782089046,0.6673440238039473,0.19499694549848248,0.18704781872637413,17,0,counter_offer
0.31982850478079106,0.3707378796850713,0.5975280095503812,0.2578408888361149,2,0,discount
0.08220402502787832,0.9703361913794945,0.3626216694791563,0.34733300655369587,6,0,counter_offer
0.47002476058021875,0.8947052994803515,0.13756721649022574,0.0003315057862088855,19,1,discount
0.4716079430102051,0.31616148080206985,0.5012665303090447,0.212472126068451,5,0,discount
0.2957243300366359,0.031091093393843083,0.3980802932585535,0.4363698666996409,8,0,hold_price
0.32748751912817786,0.30830480674507665,0.06704812335927597,0.17163917079115634,15,0,hold_price
0.18135248068636245,0.20472194254104326,0.2604835523719859,0.3422864605283367,6,0,counter_offer
0.078787644083723,0.5472519140475928,0.5581545668609914,0.5863028224507615,1,0,counter_offer
0.381857200336317,0.9187444211821546,0.10702836801729822,0.07089377423487282,12,0,discount
0.09580369493705786,0.8703375100375215,0.23827122854287022,0.1609445747319984,2,0,hold_price
0.08850093845827692,0.3058291556648267,0.5585541473475576,0.4103799098028588,9,0,counter_offer
0.1900503991419007,0.428597533555637,0.3649068823713057,0.35902650993887547,15,0,counter_offer
0.05560954692704693,0.03654219907956646,0.1959783309980287,0.5868020298945117,17,0,counter_offer
0.24531602709034223,0.5441635076491494,0.16503321389660822,0.020761594467493014,22,0,discount
0.36845640953603453,0.06336798005072886,0.5897324877564605,0.5267964826083384,20,1,hold_price
0.4106070191398725,0.9386061662290996,0.06292021986819536,0.29312703213258345,0,0,discount
0.3219382867095146,0.8669338348522723,0.4542845327364689,0.13613940192529517,11,0,bonus
0.4310933914012607,0.214187626437503,0.2484829425507764,0.3020185629818284,0,0,hold_price
0.23292599169519967,0.6993686798620454,0.37807220684968557,0.2473177207093038,19,1,hold_price
0.4319474382772145,0.5680203824333331,0.3301685086456145,0.10760085992058567,1,0,discount
0.2779129897242707,0.801357712516183,0.24041229935598915,0.1316374412214685,18,1,discount
0.1503662575992329,0.4756521067515199,0.2316028682693892,0.17288494768848187,0,0,hold_price
0.4748655409972097,0.191771970665778,0.4867525689990426,0.3313193082058315,2,0,hold_price
0.17373689322670244,0.6398434001228317,0.5139235563217106,0.04985961694816738,22,0,bonus
0.061790667884506906,0.080280326995945,0.08174532657098689,0.05330726692295131,4,0,hold_price
0.15920331932976212,0.5845879911684221,0.4649919613394454,0.19904769314290463,11,0,hold_price
0.2150094025658425,0.21270480546445758,0.28708184589081875,0.42437453410344317,12,0,counter_offer
0.20810735748016884,0.6849364371235602,0.33941544139254043,0.5869830683146751,16,0,counter_offer
0.28610037924960724,0.8280431617281085,0.3057460236996011,0.00720196783833229,22,0,discount
0.4474070969161656,0.10952472928207246,0.22552964518985688,0.58340438656042,9,0,hold_price
0.18155220219936463,0.40026855214859236,0.23555168506646,0.4116249132158324,14,0,counter_offer
0.28434677358162597,0.7335215877759967,0.04862737257094334,0.5405915079367205,23,0,counter_offer
0.2030625291598157,0.1637030615188585,0.4788707217217166,0.32180301474713463,2,0,hold_price
0.4197978767179402,0.5665236700357131,0.160756773951778,0.2777635787969704,11,0,hold_price
0.12092068097981527,0.6718389818757231,0.3842408929608466,0.47109581314022164,7,0,counter_offer
0.09657962073952633,0.35479360723938225,0.2013242437365848,0.3306665308848303,22,0,counter_offer
0.2763478639569208,0.8319822742026011,0.06597927169753802,0.538419297167542,14,0,counter_offer
0.35234941359447136,0.5106581850467138,0.45392228860582323,0.535837931369718,15,0,hold_price
0.4079863404908449,0.62699483994051,0.37509707888207827,0.3182732883949294,4,0,discount
0.3153311838073924,0.1408727967047787,0.1840228145943735,0.3442587847330492,22,0,hold_price
0.39823239259355026,0.023160174532669053,0.2921916016883307,0.27376522326543423,1,0,hold_price
0.2267195263524157,0.050748570824986294,0.615218184897336,0.41364371992666216,11,0,counter_offer
0.06479045161991104,0.9039201481982159,0.09507369432114636,0.4094136678332663,16,0,counter_offer
0.10224468855570044,0.8826423842482511,0.3609233768628603,0.39035592095902805,21,1,counter_offer
0.06742517055304828,0.8075914391618425,0.11244499562680382,0.037409948936556935,6,0,discount
0.19802464271442172,0.1996120912348608,0.037988785062086715,0.5781496360013021,8,0,counter_offer
0.27297110357090704,0.5254586519495033,0.15288053194166998,0.20136134882164744,0,0,hold_price
0.2103428676456227,0.7961171005483734,0.1349117135918631,0.14772995611962825,15,0,discount
0.30226976377987647,0.6746691812557738,0.4795072054235984,0.12662965074724172,4,0,bonus
0.26627411682175445,0.1155211936759376,0.18590621494498882,0.04157016245320657,14,0,hold_price
0.35507426083877314,0.8955411998124237,0.2074380568211776,0.2742236118786344,2,0,discount
0.3501329736035328,0.16068239277796226,0.24539953185846342,0.024939978855989375,11,0,discount
0.1931288661989058,0.17179569341333545,0.33734724430253826,0.09654270783574005,11,0,counter_offer
0.20579650491249118,0.9010086291707082,0.43631722350672036,0.0031651008804031155,12,0,bonus
0.3133165197385865,0.4846169390945161,0.08995673429680288,0.10480878170182491,7,0,discount
0.3183946105508788,0.37289182595646686,0.4031995798712055,0.5971472929494901,4,0,counter_offer
0.1916149611367099,0.5536567422980565,0.40889383623591846,0.32487223517287483,18,1,hold_price
0.19864304859894133,0.9813973328321114,0.4329395691470005,0.04028915538821991,21,1,bonus
0.3623202559337662,0.11963045524104288,0.38644042270741985,0.3384880505822198,6,0,hold_price
0.3413348702942313,0.7569488487920653,0.07038672863759886,0.36047477811439804,10,0,hold_price
0.11077286210589862,0.3343258622441275,0.32847767628213026,0.3286361099426028,2,0,counter_offer
0.24846884585392703,0.11704927084762373,0.3949557633770008,0.20159279405393293,3,0,hold_price
0.4517177354197656,0.42193335535293863,0.3241326438848209,0.39434473709432977,8,0,hold_price
0.06633755424701385,0.5487528777252709,0.05163005604723867,0.08556551588918963,16,0,hold_price
0.43482377591789617,0.2059616377281469,0.1317451141956427,0.1317377649322129,16,0,discount
0.12343017067886464,0.4052694590966025,0.17517631920698956,0.5968323680034402,17,0,counter_offer
0.2782618846077722,0.6356760254722905,0.6030308359111455,0.24935270189331804,2,0,discount
0.24095139301535518,0.5764480197202222,0.4458643105757716,0.08867510850797906,1,0,bonus
0.054558201803656475,0.7231605940548506,0.3985831136955292,0.13021524672786922,6,0,bonus
0.4619286216903344,0.8364045329374012,0.2625749804095119,0.434479260984016,7,0,discount
0.25471635230043754,0.4091403317693737,0.4448716658357485,0.06975010988387158,12,0,discount
0.47942072454227674,0.42296727546222745,0.41326740437782633,0.2123876005815767,14,0,discount
0.17903475544064806,0.49669213445515314,0.35074481187959283,0.19703791426385214,4,0,hold_price
0.4398240980371876,0.5663533783813035,0.5787674341172013,0.13678868051571894,19,1,discount
0.46507530829803373,0.10832267423789166,0.4571061190440403,0.2861027860098862,17,0,hold_price
0.3005745873668513,0.31263535419477406,0.47518133411106944,0.06607676407466556,7,0,bonus
0.14120500454047288,0.17189179537702426,0.2604479191543013,0.27394028573423107,15,0,counter_offer
0.358361344447574,0.3858527623441316,0.6595283729070657,0.019572205771298323,7,0,discount
0.29704012993825707,0.9733540725740365,0.710244498324795,0.5822051512310898,1,0,counter_offer
0.47503834963368163,0.5827309566809797,0.17711681840719956,0.36292429135802706,17,0,hold_price
0.24767242781472132,0.4293815199205463,0.04648986222712529,0.04504209810401316,2,0,discount
0.1708311414379199,0.5659368952237088,0.49928050519494555,0.11443502033310861,5,0,discount
0.1122291506723482,0.6690765554271793,0.3613580488244395,0.44186975775911974,7,0,counter_offer
0.36438510590900575,0.43495346329040097,0.11702702494465893,0.4390029804460359,21,1,hold_price
0.488349328541262,0.4477098042528872,0.09253661711816295,0.218990041774804,14,0,hold_price
0.06275469675712932,0.7014011293817086,0.2721254002610296,0.08906235644015738,18,1,hold_price
0.38320040965015706,0.06086258320570126,0.17376363046492188,0.32155636895534184,21,1,hold_price
0.46711866315184997,0.5400805682883442,0.27571904494860117,0.1658383562515377,21,1,hold_price
0.08365169040230722,0.5473278122177014,0.44307355289024125,0.05808514204860384,14,0,discount
0.09957652029775993,0.7567522611283809,0.05336789710406269,0.20759912523287644,8,0,counter_offer
0.3613806943023689,0.982644752336658,0.03147429534219818,0.45060754586613694,9,0,discount
0.34158351915310475,0.7957547867868081,0.2350006563730626,0.21248403592557577,3,0,discount
0.08097233689231056,0.503788612650468,0.1977187689077236,0.024468118352063906,14,0,discount
0.4254902384680204,0.16945317960717854,0.38376504491875074,0.07223837108244353,14,0,discount
0.2855407315302016,0.5882609716331706,0.10362080764621259,0.357807630060794,23,0,hold_price
0.45823881800147565,0.8342988867126859,0.3450229841179756,0.31329168568989846,4,0,discount
0.445095896446717,0.9324140636453325,0.33711232810357716,0.40491762571391143,18,1,hold_price
0.41562849607257457,0.8253103794941006,0.4611868193636041,0.3430501842681802,6,0,discount
0.2821545033099896,0.18896860636256352,0.47413115979835563,0.2983372579014913,1,0,hold_price
0.16326978878724452,0.7125758643493314,0.16730827154353775,0.2850720962688798,9,0,bonus
0.27768897676000964,0.8801549474858433,0.3028114363361348,0.5769226331289597,23,0,counter_offer
0.09536512001080102,0.6810169666269752,0.15785953402712838,0.5173741182196384,11,0,counter_offer
0.34648076681304174,0.6857520409282152,0.24775854989713136,0.22972710991567988,4,0,discount
0.11028974865305344,0.5001622862510787,0.18363324519826438,0.39208277351588744,7,0,counter_offer
0.2800278331253254,0.6369762221255051,0.389358262511815,0.012259682951142747,16,0,bonus
0.074471888375068,0.2943807192230211,0.748306127872014,0.012570470958978364,6,0,hold_price
0.18478062062359063,0.0888100867857452,0.05684786341376274,0.19114331086126493,5,0,hold_price
0.15443620730140453,0.8277149047454004,0.4380317262568576,0.45286020138847977,5,0,counter_offer
0.32901419422025174,0.9431443073915157,0.302516734938501,0.5552751411392672,1,0,hold_price
0.40405402041012894,0.8568223353769442,0.37368695209734115,0.4097855208784699,16,0,hold_price
0.07578632954323677,0.333913553780803,0.1372112578516949,0.42383367651391707,7,0,counter_offer
0.4326276583199229,0.0935301513079283,0.05013501985010281,0.019271024062836737,7,0,hold_price
0.43734546272957203,0.2801383876314065,0.16754282497770892,0.5580955997808834,7,0,counter_offer
0.20402108342961028,0.8428353758099001,0.15413758331676722,0.05207605907437789,16,0,discount
0.34655182968664494,0.655814507633216,0.5239325866934936,0.5681448943634217,20,1,bonus
0.2311758642665523,0.9666942441029371,0.3514010497328664,0.08502377906535814,17,0,discount
0.11938589698533418,0.3426810184371034,0.24766442566874797,0.02003070976423711,13,0,discount
0.2878980883533997,0.5514721202916424,0.2651570954574222,0.3381659701970007,17,0,hold_price
0.08886185352571849,0.7900382216382279,0.5785739463065918,0.06818899622378893,5,0,bonus
0.44531246992819457,0.23399194273181234,0.2872838028252983,0.017289087726736364,21,1,hold_price
0.4659303917343238,0.9640899746596657,0.4063833710623654,0.4006964553797512,14,0,discount
0.4197259116551316,0.5923976724918149,0.588416908361821,0.44295458025802154,22,0,hold_price
0.30313765434019035,0.00789756331965319,0.42023987459342654,0.1757650385590544,6,0,bonus
0.30091936600645475,0.025153275628012395,0.2641234848869862,0.32010493405494994,3,0,hold_price
0.4930733194704184,0.8822160164015952,0.0629379030896329,0.3516270994560053,17,0,discount
0.1615557604240323,0.6452815277610775,0.12871258179705064,0.09650848221076247,7,0,discount
0.08417676465734336,0.7630725190638621,0.11596681808435504,0.2640379628989248,4,0,discount
0.30287341562053,0.784016000956908,0.3608864437723091,0.38218135981405293,18,1,hold_price
0.1979535190145465,0.42045977625077646,0.5036759674879758,0.5314154693221715,12,0,counter_offer
0.1950524477636199,0.7986112461423018,0.2260069324868365,0.25131717682145616,18,1,hold_price
0.05318840937647662,0.9375324448125381,0.12071339141119074,0.419600083360109,5,0,counter_offer
0.31830773429656983,0.17217110776962163,0.31779613496317627,0.30100844547356675,1,0,hold_price
0.16881516602402635,0.7641363995420206,0.31739983480222356,0.42425110174958014,9,0,counter_offer
0.13453634668670644,0.307792007615565,0.18073402458470636,0.4733910927652242,23,0,counter_offer
0.06819436912685167,0.32149300305385387,0.5563744513184589,0.31833088117099945,14,0,hold_price
0.21396270941402507,0.4127548510363862,0.5454857951049179,0.036661782108177256,20,1,discount
0.4455359925739058,0.8637195199080855,0.24117932248091106,0.525242423066978,20,1,hold_price
0.20150186341881754,0.022056067310049166,0.30376068592883465,0.36059626322217925,21,1,hold_price
0.35558339455381716,0.43392620681026395,0.21992091645992645,0.36038570300296535,11,0,hold_price
0.3904461335308583,0.6800476495692706,0.24391254710887406,0.3056789981595051,4,0,discount
0.1976453641355898,0.11041545828252197,0.27151467532048396,0.10438271222654312,21,1,hold_price
0.41973833075541855,0.7922535970174165,0.11129667801331021,0.2917046040000605,12,0,discount
0.3613458468501271,0.941902597897353,0.2492439187551029,0.3220940995397394,7,0,discount
0.3016590029154282,0.09093482107697859,0.4144604152121364,0.23025927562372958,10,0,hold_price
0.05044660882278301,0.15294813783087813,0.09972397692047268,0.0894617814994357,18,1,discount
0.06579084466526366,0.9740972249462029,0.07637829546022429,0.4573421459240387,8,0,counter_offer
0.4958896298477285,0.19785564078574158,0.34501072111712233,0.2739536842143228,19,1,hold_price
0.4020277655766017,0.07893967570320448,0.054038879391041475,0.4203971398183453,5,0,hold_price
0.4719043664478262,0.9521925363959002,0.3550748586401424,0.028188003983346064,7,0,bonus
0.4560364422131124,0.8926227098094689,0.2525050608008976,0.3026269713050476,3,0,discount
0.05919934241423788,0.6557254727331311,0.2614189703761838,0.04426764779452492,20,1,hold_price
0.40633128040598326,0.5514309272875533,0.2665477599800736,0.4401229537140218,20,1,hold_price
0.25301558480501957,0.9192326963027704,0.022032310818885244,0.3485766867124911,4,0,hold_price
0.40530119180029506,0.6555200751114227,0.26152078126160183,0.27083466387655736,12,0,discount
0.05302210287352332,0.65839665931507,0.12024066407573061,0.5837053663933499,18,1,counter_offer
0.17968968554025394,0.843685564201953,0.32877204484767314,0.19560995742510948,14,0,hold_price
0.388095699106086,0.6532456772924209,0.2822999060570405,0.25373377939357067,15,0,discount
0.4068593548707154,0.5036768870376775,0.20729971772971975,0.4425180340764418,6,0,hold_price
0.3288715705465808,0.3897214978984479,0.1950989321510855,0.3150307791333801,0,0,hold_price
0.18556528525081872,0.5031338927912408,0.37338719803715675,0.39511267796922733,22,0,counter_offer
0.18966316607953831,0.5224786490871944,0.5982233178010951,0.5857679407652748,21,1,counter_offer
0.4850437836389147,0.3608318811182518,0.40329000886361044,0.4174061115380066,22,0,hold_price
0.24764548065539205,0.44811840898034605,0.34908382754502876,0.09042522549111205,1,0,discount
0.2512064976097267,0.8018719328635212,0.061786545964471605,0.1256083029831603,16,0,discount
0.29854973760831477,0.41651336867588784,0.23518695189186634,0.5219138484616501,6,0,hold_price
0.23427605158897497,0.02555976663542936,0.4078862420658304,0.028784450827259375,7,0,discount
0.2987022040688364,0.28301932177384914,0.12170546840415279,0.30550594553240645,9,0,hold_price
0.24455094024540103,0.23174186409169817,0.191304487328899,0.5435733252692886,5,0,counter_offer
0.422021713820984,0.7935820118319684,0.5145868414988317,0.46573668331354356,14,0,hold_price
0.4590729589092278,0.4492930584718088,0.23667781909834423,0.06940025560714459,14,0,discount
0.4694496169169127,0.28031054303513314,0.5878944931564427,0.4442790121529158,22,0,discount
0.30393329262322394,0.8107048838416246,0.6864798318958918,0.22924106823453816,19,1,discount
0.24896685085902293,0.01921680455661201,0.4597013261725818,0.540770883462638,16,0,counter_offer
0.3673580264563271,0.1742508427312176,0.09890214739208052,0.34367735508471153,23,0,hold_price
0.427245616083158,0.8269548193958,0.5637141317860954,0.32926366722278466,10,0,bonus
0.30334200892986973,0.5506517276604026,0.08075016028232188,0.005226831939408494,1,0,bonus
0.36499145982001757,0.7736497745794804,0.31584563542685595,0.14979369043676719,21,1,discount
0.3873782078245616,0.8381760147620776,0.22715262047992496,0.2476525685913743,8,0,discount
0.354377199522779,0.9419634885885396,0.24783832818122686,0.43435090160333406,10,0,hold_price
0.3857601000781893,0.06342459930333799,0.3744320158193406,0.3120298037345693,9,0,hold_price
0.14389039965019929,0.799234743298472,0.11186011037826822,0.5115233624100407,21,1,counter_offer
0.2742685461598089,0.7087661482198349,0.4706915062666977,0.020610153875716162,8,0,bonus
0.31472084957228924,0.20702560067655917,0.15753601323719954,0.19373351212595258,16,0,discount
0.05111506888566039,0.9317022663401231,0.29058013826404605,0.3585537554301683,16,0,counter_offer
0.4351831289661569,0.40420188030639204,0.06256010188447167,0.39525359814476196,13,0,hold_price
0.32451102880021043,0.8876105274548042,0.16871820034116403,0.3014455443123879,13,0,discount
0.10811134926419147,0.6051137046649254,0.11841280460705128,0.23931153099604635,1,0,counter_offer
0.4173606826591222,0.5267479465409566,0.16958892894653568,0.04293355721211587,21,1,hold_price
0.37267563489824507,0.1595239338959794,0.20046092810170915,0.41774545759396925,8,0,hold_price
0.3912347945586367,0.9143276242873128,0.16679339938553628,0.5422357489944155,5,0,hold_price
0.2264191078378353,0.5566619073622462,0.2669106004106875,0.48530282261443786,5,0,counter_offer
0.43439112801274643,0.0060924054968174435,0.037763482181543295,0.4207379978342981,9,0,hold_price
0.23631241195956304,0.01828454107028321,0.30944961056670545,0.3804965350105272,14,0,hold_price
0.3067291188255161,0.7776326050180475,0.1462984212585884,0.46322443349902676,12,0,hold_price
0.05028903666494318,0.16193635337838963,0.43422981397754334,0.4660390018532738,20,1,counter_offer
0.340192901605038,0.5987384356281452,0.19369511312605345,0.0041642621943044356,19,1,discount
0.3731791064575715,0.6810819619339803,0.32668502014857353,0.21470905831957315,8,0,discount
0.3051992144699565,0.27936559294849683,0.11509015600520336,0.5208321772348395,19,1,hold_price
0.27345146766962725,0.5693138084114124,0.38598143948826863,0.5104701395294766,16,0,counter_offer
0.41447141317026875,0.2402587459890747,0.164210068018102,0.4259732548235297,20,1,hold_price
0.3566177227243588,0.9463154273679505,0.2555725932988775,0.18544227488942458,0,0,discount
0.17513331787401037,0.860170156349167,0.3314134264914008,0.47874745391351603,12,0,counter_offer
0.48158300213599364,0.28804279149746914,0.5386786255191727,0.13893284294312552,15,0,discount
0.3682702373879034,0.5288144909503397,0.18075762404126938,0.13445943153279147,5,0,discount
0.4945725180105911,0.5006328571539057,0.12482935311759799,0.32144014653220093,15,0,hold_price
0.4870675923209908,0.960023257950074,0.2678120802620141,0.3428045881272088,17,0,discount
0.46350937526454045,0.394028780183854,0.15949975315153547,0.2107969128632117,3,0,hold_price
0.38991719355138843,0.5622275546215668,0.4700977367264718,0.36226512188217663,22,0,discount
0.3242432158236353,0.9287065948874371,0.0725677115594724,0.4254673287109493,22,0,hold_price
0.1274767986573159,0.16281105117655814,0.31404979785912823,0.10813071177023803,6,0,hold_price
0.29450813784069096,0.5504856032783381,0.2648746166692037,0.17316912837489343,4,0,counter_offer
0.39441943507744726,0.10567292036182963,0.3293747390423041,0.41990287077675875,4,0,hold_price
0.2843857214175055,0.6174989318185006,0.22964737253979067,0.556350704186202,0,0,counter_offer
0.440707607782546,0.36568320338700466,0.1355310555035837,0.5306652479664964,0,0,hold_price
0.09934515463626423,0.9676360731796007,0.16623827528619498,0.07778829564216642,7,0,hold_price
0.22142315662188533,0.4154091811485263,0.08130411372708073,0.34183521260316935,15,0,hold_price
0.27768398836714575,0.13618763754170682,0.2560747051811832,0.48010532123270133,16,0,hold_price
0.2445463831410986,0.8339999609284041,0.1951835852113659,0.14239593157352584,13,0,discount
0.09886394651969889,0.8208666914229141,0.26724660881194506,0.3859144111188077,15,0,counter_offer
0.11908773232008374,0.6948596195427844,0.18287736395588033,0.2565827812222589,3,0,counter_offer
0.4269277817849692,0.748811801884228,0.21934080213798948,0.397638816377017,23,0,hold_price
0.267972916640653,0.26471521768940687,0.40676904458130564,0.01926376623161379,4,0,discount
0.07192509203872745,0.6420535004227813,0.10139473780154128,0.1877717925291313,8,0,counter_offer
0.057421066539942466,0.03801987120539363,0.3199317827156407,0.1843965583119133,15,0,counter_offer
0.26306393089744695,0.19689014389003456,0.43640660588517294,0.25120391276667636,3,0,hold_price
0.12397042666599967,0.9322794475530867,0.10148697199670868,0.06872279633548459,10,0,discount
0.3673066756996498,0.7392352970826587,0.19492098225745663,0.26197136980335883,22,0,discount
0.40789555813748807,0.23067254098925782,0.27961680259963334,0.32489894926074786,5,0,hold_price
0.15273351880569752,0.1113830895192881,0.7323508898745585,0.015995333988330196,14,0,discount
0.31647962519680134,0.9489194448685015,0.04541998229453742,0.18054904970161237,14,0,discount
0.1195000895684237,0.11218766606013275,0.047968110548042016,0.10637471761606014,1,0,hold_price
0.1866121932174742,0.2570700480472482,0.5539995673290009,0.5832976003576871,1,0,counter_offer
0.449957972381645,0.18263399299945715,0.29461560384633856,0.07812972877832806,3,0,discount
0.2948441411670399,0.007463820411767963,0.09478921239855499,0.3764492649422612,0,0,hold_price
0.44864991281489003,0.314134774098044,0.17338027363292988,0.24111181729008158,12,0,hold_price
0.15136151188077812,0.9741788715987626,0.4308920517607051,0.1723987617679898,6,0,hold_price
0.1985109544618997,0.34190330580935646,0.08899084762219837,0.5124453849703644,14,0,counter_offer
0.26192846230556766,0.5043048794677737,0.24681862387271847,0.39845230778580915,6,0,hold_price
0.2660360338375443,0.7459357839217814,0.15207922935388668,0.37218118402085687,8,0,hold_price
0.4989415852326652,0.5510801020792161,0.11836949704217412,0.05619454981171985,2,0,discount
0.10150039353700854,0.7435915074123066,0.1530995172273894,0.15538158030008534,19,1,hold_price
0.43338426602071584,0.6616358681905152,0.32256291398069836,0.1658953438497271,2,0,discount
0.43865691773984156,0.6085630229990148,0.2089366228417103,0.26062785089399815,21,1,hold_price
0.29893938419200433,0.6496489072117452,0.41715214885440355,0.5528808684303601,4,0,counter_offer
0.20481672571661919,0.799164362078251,0.45071043157748547,0.2421916183505719,23,0,hold_price
0.2836517469297333,0.7101913948011042,0.38261916243574207,0.19681260700004888,17,0,discount
0.1816104671629537,0.7917749207051915,0.284121143769827,0.042562115666406906,19,1,discount
0.40959835179797277,0.14559763828353134,0.31280346197318315,0.2309747300806173,19,1,hold_price
0.27422562141964857,0.6776737327105403,0.1503827284168355,0.03141454058180941,10,0,discount
0.46662898049485274,0.7370219123255332,0.5987439504932804,0.21912267586565684,4,0,bonus
0.3302111049602197,0.2999664324968345,0.33908794583605284,0.5806706358731747,16,0,hold_price
0.2814436999016075,0.8745773278432823,0.30479275222062124,0.33363645198371084,15,0,hold_price
0.3699812092899435,0.3047116033027004,0.18930250398820433,0.12532231239847508,19,1,counter_offer
0.27676983399360544,0.2438321193764973,0.5697063986429575,0.17953189226900104,5,0,discount
0.4570278576887512,0.8670968154805112,0.1979707398528009,0.34265998886682036,19,1,hold_price
0.13300068239907858,0.2470198381164267,0.44949787409414405,0.011571266954037207,21,1,discount
0.4880069076856575,0.4155024624318001,0.35870076352904934,0.5397427017961514,17,0,hold_price
0.4154857483330364,0.3679228300368189,0.3563299708469128,0.3468828665893052,6,0,bonus
0.4373300128391913,0.8980618225582724,0.1404181864340141,0.2953703754222465,5,0,discount
0.267308524566982,0.45523573828796426,0.06415729527604268,0.4297403055039321,3,0,hold_price
0.4267406972019188,0.6943089332962156,0.5142482748742062,0.12015666466453946,19,1,discount
0.18804833760974232,0.794038904643829,0.6831124175072197,0.012986053505419171,10,0,discount
0.39287668035387885,0.6279035807471762,0.2279012232119195,0.3691330897469296,7,0,hold_price
0.1132025712750602,0.9436944983249147,0.17104102185962192,0.0960014462395428,3,0,discount
0.1881733621831289,0.8025075292560081,0.3508482761442375,0.007343975215524145,11,0,bonus
0.2505796985118798,0.40020662767486315,0.32672899846455977,0.5573500356516345,4,0,counter_offer
0.19504387316453986,0.9508118432576832,0.5290597763769885,0.4730512757331965,20,1,counter_offer
0.22415770203088264,0.5245748332713341,0.11911743136337871,0.06852065417006044,8,0,discount
0.4190471351526641,0.022577322944895895,0.23485206025666777,0.5378105199002545,10,0,hold_price
0.1655041514639754,0.2600132796528968,0.21647253730314087,0.040544350639009116,15,0,discount
0.38537652746955753,0.6217295870372666,0.049137186816193744,0.4817938632144217,16,0,hold_price
0.08317043110024333,0.15681490232443673,0.08431290648784817,0.24868294424076184,2,0,bonus
0.39458259838177734,0.5840680448932036,0.16566966820686146,0.3109086312779467,1,0,hold_price
0.40641045927339786,0.3615980223075298,0.4603992417167723,0.4009971747798187,6,0,hold_price
0.23076444897611692,0.534385480058274,0.2307825160444957,0.05925693832828098,17,0,discount
0.3751150204253617,0.0018748478732528717,0.4271064686335123,0.5446538805389795,20,1,hold_price
0.4618122816852946,0.8484213546686984,0.2995825346168806,0.08618452484470422,23,0,discount
0.41032083809953707,0.36192548777552835,0.5087754389904697,0.5649505311472807,6,0,hold_price
0.22570092967863198,0.14015843427795305,0.012871867971444441,0.0548897065235588,18,1,hold_price
0.267896081426029,0.43791585700507996,0.10253596678502054,0.1032050216205935,4,0,hold_price
0.40071089515361247,0.4861772934888341,0.46465582942644823,0.034533421060444124,4,0,discount
0.1816675654321056,0.6374027104961889,0.2713559761629675,0.2386709614607686,12,0,hold_price
0.4117472331389931,0.5245624403522797,0.3685007764112424,0.35451967756242014,2,0,discount
0.19763201415242354,0.04352358206706264,0.28274819300983345,0.3750448093485806,0,0,counter_offer
0.4126957620734921,0.8715123220777647,0.36012954394949537,0.4971113735895074,23,0,hold_price
0.08906019950782551,0.4565089317869613,0.36113938317210353,0.31702790028715866,19,1,counter_offer
0.06997878360976556,0.07698777253300892,0.34277436285636376,0.30606697432694396,16,0,counter_offer
0.49895395131642,0.7728282365291851,0.1224044763143979,0.1956875516221784,5,0,discount
0.44125570545561005,0.6601544187830682,0.07619953492263593,0.39066330713013414,1,0,hold_price
0.4472813765597917,0.6494377727692218,0.0897558835829135,0.5451173529696075,3,0,hold_price
0.4780759764229779,0.42691400173556104,0.4336766474106621,0.21318017830031322,10,0,discount
0.24724233923651956,0.4104970626209884,0.45099284400890716,0.21381282549258945,19,1,hold_price
0.17907599960606851,0.5363386363873428,0.5097132968537009,0.20599473671132745,14,0,bonus
0.10851124775805635,0.05059441289910327,0.20540134791390252,0.1364479589479563,20,1,hold_price
0.27554411009230906,0.29895776421792086,0.42345696514619036,0.3400263458930904,21,1,hold_price
0.14902174421447353,0.9878941735623735,0.7218465158550119,0.06334506982960687,17,0,bonus
0.47099788553269384,0.6621924891280758,0.5889083074162365,0.5008782726397246,2,0,hold_price
0.05180142309925059,0.4189341654173221,0.15001103191594797,0.08265166301002658,5,0,hold_price
0.11443853198440472,0.22236310294045303,0.1774299087033551,0.10435793317779692,8,0,hold_price
0.16091413388754205,0.7452093619002335,0.19179548627875123,0.04114454326363737,12,0,discount
0.1395305202169378,0.2602903097061914,0.09712473816224679,0.22880830282860887,19,1,hold_price
0.15160029646086964,0.16237010384629535,0.24250909230253626,0.45458718111736707,23,0,counter_offer
0.3452214222775303,0.15451490023428727,0.19561112535229194,0.5460564799041357,23,0,hold_price
0.19738043524091714,0.7292632791647324,0.17445091824413625,0.26056846864214456,11,0,hold_price
0.326760971856518,0.6428102542887174,0.7854250749581042,0.14108191966810305,23,0,discount
0.45061607014083105,0.06980609937123061,0.23472311607451418,0.4353927860707534,22,0,hold_price
0.32115054448656594,0.11504281536220251,0.688648022814238,0.41288630787047903,3,0,hold_price
0.3625397560788717,0.6338468673535771,0.2569487646956375,0.40898684924952206,16,0,hold_price
0.2144764841996108,0.571116101872159,0.3085117109170958,0.26605401492958153,10,0,hold_price
0.12188231043021913,0.6859990603718135,0.3375020394534785,0.3391789569053169,20,1,counter_offer
0.19426282810245776,0.17803890836326197,0.24906772302697275,0.0371801356886247,20,1,hold_price
0.48392719191684863,0.7265879062171671,0.15694675989441642,0.15000760354055817,4,0,discount
0.3298151230039117,0.9360964673305497,0.145229348540018,0.5561670674742035,14,0,hold_price
0.17488000374530682,0.6010503145354412,0.13321823117700907,0.0250678292856483,22,0,discount
0.25291187022294676,0.19613001964278387,0.600623968373417,0.18095999321483489,16,0,discount
0.4259808668439475,0.6795438552841065,0.14354742870285733,0.13598658707757974,20,1,hold_price
0.3507996068175981,0.3430816835460644,0.5802662338931328,0.07814335647286397,17,0,discount
0.3022937783281257,0.04928774638572142,0.483021378433262,0.5546110722310166,18,1,counter_offer
0.4483232944852285,0.30233869535249847,0.329538597810304,0.07553763406617388,20,1,hold_price
0.35259780749755565,0.905585101950132,0.12790623880841898,0.29362280084536474,22,0,discount
0.33922837885599294,0.4111393201759752,0.17213737273875745,0.5037056920878941,4,0,bonus
0.13539566174484566,0.8646653380310924,0.21382766533516376,0.0023232063808004797,18,1,discount
0.0978749073555835,0.5086593435227916,0.3985902582138931,0.06511660707935725,9,0,discount
0.48431395267582955,0.5169779889596,0.38106440985576545,0.20513652097663826,13,0,discount
0.3194862665451587,0.005216321064894336,0.03238668692971835,0.08850900219587392,15,0,hold_price
0.2370575341158931,0.6371040732889721,0.1923534234527378,0.10959575964704849,15,0,discount
0.3150593694095979,0.10781384503042024,0.18841018862560022,0.35469348798620076,4,0,hold_price
0.07781538248227193,0.4787484146820543,0.19155443867962724,0.10237872537480726,19,1,hold_price
0.41995727325684806,0.2603168556580989,0.4887805003908468,0.38330833887006055,17,0,hold_price
0.14749049100395117,0.39238296582931487,0.23921611131995926,0.5493111088525561,17,0,counter_offer
0.4120457028430762,0.5370773556668008,0.08300715143801807,0.1376572175857752,14,0,discount
0.2904702994686248,0.014464114601972833,0.42199990705257034,0.1273710029034886,14,0,hold_price
0.17445740614560623,0.2845835832716228,0.26422328200860984,0.006836154664004423,6,0,discount
0.06359447670893172,0.9896119342918649,0.5375478801316884,0.008799835981935832,14,0,bonus
0.4171250098969726,0.057399125820559616,0.33213264756275784,0.23797593657465196,6,0,hold_price
0.129407063661188,0.31939348815736834,0.2710574239749812,0.29342524797798175,21,1,counter_offer
0.07331230203794306,0.32142147496464823,0.1405972448294731,0.10968647316064621,1,0,hold_price
0.3901449788716464,0.3793859209327626,0.4964293717920949,0.1937927813753734,0,0,discount
0.20751945006784045,0.6847809184423453,0.3569703889011553,0.08418597076038689,17,0,discount
0.2252003025162425,0.2477437986829646,0.21664449956953696,0.40874828874862207,17,0,bonus
0.16118041427632354,0.4602693441360528,0.3062200852613203,0.23576355157873577,13,0,hold_price
0.4366303154136037,0.6448635668524492,0.030106097120908705,0.44060046672288605,13,0,hold_price
0.18379828674793947,0.3223220583285886,0.21664404350394775,0.3301878356900673,0,0,hold_price
0.14458665638796075,0.9487725805032546,0.392180651461691,0.22637948464696572,20,1,hold_price
0.18916237685127024,0.9796726349426813,0.30292618415748385,0.37582000936715704,20,1,counter_offer
0.14141730882532863,0.11967356768751114,0.29892618964687806,0.004301461716376731,4,0,discount
0.19294484936234335,0.3438198844008101,0.34226094136172946,0.41421867111257965,0,0,counter_offer
0.08732130029067786,0.2079720698064753,0.4123726316111227,0.22262907975008586,12,0,discount
0.12133851310375626,0.18678959555711516,0.33202922502732424,0.30814579284879307,6,0,counter_offer
0.23767379752826656,0.4909798383382795,0.31382764992037987,0.3140458683319925,3,0,hold_price
0.44576008501544434,0.5638271081348789,0.2518851473358801,0.33504741889017114,2,0,hold_price
0.07578083602502864,0.4256520405975992,0.18473687629820737,0.421431908029618,15,0,counter_offer
0.1457036180420138,0.2725548730973607,0.5041264574104495,0.06638767731953392,8,0,discount
0.4587555539937183,0.27862157425363965,0.21917151408304544,0.29338665605586517,18,1,hold_price
0.45050660337196474,0.9921281563407308,0.14986191695229767,0.049891804777757606,7,0,discount
0.35575287498317354,0.9236773739902505,0.1783988179344203,0.14049196449250279,14,0,discount
0.1582130993428571,0.07589884098935717,0.14623060691955303,0.11355870773785132,6,0,hold_price
0.23891475247510358,0.6565506519961256,0.28266525042275853,0.35922560545515325,13,0,hold_price
0.14504944749708426,0.4568776074848443,0.13607123223563167,0.363658492005672,16,0,counter_offer
0.10786482910634146,0.688814097199162,0.24602755659929496,0.498539655861224,8,0,counter_offer
0.2209992775312512,0.5969607055405535,0.537861413123442,0.31310230447852694,21,1,hold_price
0.30911972228165757,0.8892524000824175,0.3271194740712654,0.44680710945541346,15,0,hold_price
0.21196970395916237,0.06698831428882501,0.26514747479487183,0.5334467882765114,4,0,counter_offer
0.3248710477096864,0.3495979120577055,0.07133170323941855,0.08012184710879881,21,1,hold_price
0.18331463092068745,0.9854941257755847,0.3002627912367856,0.43258160397918316,11,0,counter_offer
0.2056327374923556,0.18228534899061677,0.017548397399551476,0.19676165836824536,17,0,hold_price
0.4058031162400743,0.12733343950664722,0.42177414822884834,0.16683825033625257,8,0,discount
0.4452416289022361,0.7289720060005754,0.05418610238357139,0.5777895828769842,0,0,hold_price
0.19491533668897343,0.7774351600174635,0.05783315070947982,0.12387405794545986,13,0,counter_offer
0.3071821106053743,0.6722735476746602,0.3206388129557004,0.5487318246395373,12,0,hold_price
0.1751730277515206,0.7761958287599253,0.2648806030398495,0.4942298846931352,17,0,counter_offer
0.0740005887683424,0.6937215720931722,0.44285547189536445,0.5271794723238405,17,0,counter_offer
0.3820357316121836,0.13577068228917677,0.432988461336674,0.3515900842142596,16,0,hold_price
0.12695156745626765,0.6082218974785071,0.15167209185226888,0.35082348327599644,12,0,counter_offer
0.2415706356861127,0.7768766825595325,0.2583644686166419,0.2415492500763021,0,0,discount
0.26917047202062055,0.8655166063244678,0.22287117906773643,0.2405516335665902,14,0,discount
0.13301221288059767,0.24623524268370767,0.5214101450103596,0.5104003192160359,22,0,counter_offer
0.09254990779852831,0.12743076093853856,0.3242930783176119,0.23265309660764952,21,1,counter_offer
0.20660585660198177,0.7810904435825796,0.21081938227937225,0.2920181267866223,1,0,hold_price
0.47852865839764325,0.25654834503566537,0.2325380263473423,0.5978357129314639,20,1,hold_price
0.32681101549478964,0.03192947832088733,0.03660386158542174,0.2125883145531018,3,0,hold_price
0.22163460278130614,0.8252135636493042,0.556921539414867,0.493555010091409,1,0,counter_offer
0.06750986934839673,0.50599113381086,0.6285035320828615,0.16631863613150918,0,0,counter_offer
0.3201229766259868,0.32663313242842196,0.610967549993081,0.015044177816522408,12,0,discount
0.09151593842091767,0.011429105231549164,0.10753744456663618,0.3560567179062695,4,0,counter_offer
0.29414483197138686,0.035327444707947686,0.37771854070708993,0.28760758669897835,14,0,hold_price
0.3883777287222843,0.7926232705602947,0.41589996601329593,0.4720035717866741,11,0,hold_price
0.24061340673265386,0.48970588496486445,0.4273020371966228,0.002491542026061233,20,1,discount
0.184735172667436,0.14972204929646016,0.1899065144768371,0.042336232745044076,5,0,hold_price
0.07132290521791937,0.35850562724901813,0.296976141987677,0.5158073489163767,6,0,counter_offer
0.06115004382271856,0.1653051475375229,0.267574434719224,0.2884985925611972,12,0,counter_offer
0.24351195634048456,0.11288155318038662,0.4083542181250734,0.3038240608077139,3,0,hold_price
0.44750537181633554,0.2763078206741436,0.43805747759972363,0.13506416786890618,10,0,discount
0.15982825045693566,0.5495085474623974,0.17039680185439823,0.5555526638612821,14,0,counter_offer
0.3083249776018196,0.2100066078122269,0.12206325695564696,0.5486523553001258,14,0,bonus
0.3579376188558928,0.3436710812847671,0.36861948564625857,0.3100162890782084,11,0,hold_price
0.07737344037561265,0.47793088395645966,0.03334164837934116,0.13069412794347796,2,0,hold_price
0.1188951691115197,0.4200297391831519,0.4745719871611797,0.5896748653076006,6,0,counter_offer
0.19907455703880517,0.12862779912128963,0.4140802394402836,0.535473846330935,1,0,counter_offer
0.3515419283668567,0.03886563553588818,0.5218431786553257,0.3128466053510853,22,0,counter_offer
0.2475658005026436,0.03545872694893892,0.25542320097696225,0.3758391245211265,13,0,hold_price
0.3803877806982104,0.35017901802786733,0.24624878823716165,0.26380068267472245,7,0,hold_price
0.44041903950793665,0.7188020785373228,0.23735551894393425,0.12363466514252552,7,0,discount
0.3912675244693443,0.13125529872927066,0.2752544021079313,0.4088705052866673,1,0,hold_price
0.4965112432909621,0.7869801163644256,0.1800286437925952,0.4014804834850184,11,0,hold_price
0.38946248092924235,0.7156743093138368,0.23406854065123073,0.32839565616816835,1,0,discount
0.4334806377533527,0.0039434908856111894,0.5152662926198646,0.4886675813156663,16,0,hold_price
0.4245648613092504,0.02674787298184511,0.5983911784997525,0.27110195807392884,4,0,discount
0.37861959302602094,0.19503321553805164,0.11227626850573853,0.5165500348586434,2,0,hold_price
0.41081081749515075,0.05612091105058503,0.10179838126100137,0.13021101153108133,2,0,hold_price
0.4706074525403346,0.5313431052703059,0.6822052966227952,0.5770832698939254,0,0,hold_price
0.26384332033683167,0.039627261458415775,0.20057291567127028,0.1230481591309028,9,0,hold_price
0.3372291607606446,0.8026458379953977,0.05308567315738159,0.09607147231493891,1,0,discount
0.2817228747077477,0.4929620689458105,0.36394637536388924,0.36203850420144235,1,0,hold_price
0.43296664423643283,0.7279543666724776,0.19836502975056813,0.05584795831375804,5,0,discount
0.2441118212921783,0.7507025509358412,0.09552112622738211,0.10075872149115217,13,0,discount
0.4188770470151298,0.5067639396702327,0.2839864764308977,0.43742069013484264,5,0,hold_price
0.40970955877571247,0.9253628762534661,0.22330891558544005,0.18489091784124556,9,0,discount
0.4828487456158657,0.9902407738553081,0.3065835102386947,0.4800727823138786,10,0,discount
0.16201431466583846,0.35921468601454587,0.115429057931574,0.09333170291655968,14,0,hold_price
0.3693287794486605,0.12586414024923354,0.5357659843872772,0.23118086852223996,1,0,discount
0.3906137739413688,0.3632381786478669,0.38656465904357135,0.23177276861412122,23,0,discount
0.47132532176209957,0.2233538970142701,0.26600464969224397,0.2882379988554477,2,0,hold_price
0.458106088124989,0.5310056670617501,0.32411908740502543,0.24623532211976767,23,0,discount
0.30808663776880174,0.37838760125240145,0.29582150142859975,0.23207143224617754,6,0,hold_price
0.3106189336387909,0.4804494142867909,0.3234836848806317,0.19706254682888932,10,0,discount
0.1252810527819032,0.7631875760760015,0.24224397404542644,0.009090382291662391,1,0,discount
0.48873321609069703,0.27402097454185215,0.33809054176491304,0.3699542320589489,8,0,hold_price
0.1647578582165421,0.5374747246397255,0.3426993245136369,0.28409482018553384,21,1,hold_price
0.37613129830308145,0.3351612493286884,0.07343830871025564,0.22396958933203748,16,0,hold_price
0.40810775216239065,0.7849608641206614,0.3116006987594885,0.1268488702742073,14,0,discount
0.24854697707512147,0.6395366324076963,0.35014788435242816,0.5348340502263044,8,0,counter_offer
0.14503717401307611,0.008504730510610736,0.26655551896825236,0.14273629463086315,22,0,hold_price
0.13503217289885905,0.6600513411052183,0.21164376564132512,0.5525546968237965,18,1,counter_offer
0.43542320040571625,0.17016200806658233,0.46323774251569083,0.13035838954477144,6,0,discount
0.27984041903683166,0.7244737902030393,0.030821099771047092,0.5828556047055287,14,0,counter_offer
0.09056164191722002,0.5673386668454581,0.2481033224933022,0.25190948502471555,9,0,counter_offer
0.3726587627432999,0.4014826777231747,0.4289728422060265,0.31963044048152006,4,0,hold_price
0.16257697376226332,0.6940664292072585,0.30595623896264396,0.1792863084779084,15,0,hold_price
0.44437763783789563,0.8565932858687801,0.0743038425941975,0.5635085365285643,9,0,counter_offer
0.18930730371348886,0.7787437138620732,0.21689326432662542,0.16954250870729048,2,0,discount
0.1401218735405644,0.5453792765719075,0.20721229908170224,0.43812708977625053,20,1,counter_offer
0.08818629959972045,0.7226943202595297,0.3111220259082738,0.012294500592002322,14,0,discount
0.28018901148694136,0.4139145543927536,0.16649074148229379,0.33523124519307385,13,0,hold_price
0.2528319145182293,0.7890261215631287,0.2468728132069138,0.4449453472184212,23,0,hold_price
0.3880904650714143,0.8290518916228181,0.2584656119803963,0.2825239572988947,17,0,discount
0.2590711642368664,0.13729383687639873,0.21440054670304617,0.3859902692041864,23,0,hold_price
0.204717186015967,0.23803135959394628,0.23738021715225446,0.4608341306099881,17,0,counter_offer
0.16774471203482483,0.2699887373491584,0.037165136938363035,0.30014280016366973,4,0,hold_price
0.175166035461487,0.16608171898209156,0.03506943655147621,0.130855191301625,11,0,hold_price
0.46753155582251626,0.3925350068974207,0.16883120935657528,0.23806320738919218,12,0,hold_price
0.12428537093951555,0.19303321144961227,0.27718871006828333,0.4384674047036419,7,0,counter_offer
0.49467939105071757,0.5955393109266095,0.676308020230542,0.1626551627689147,7,0,bonus
0.19711375483650118,0.10161544289761593,0.36785357843844685,0.37922077512014735,14,0,counter_offer
0.08977560593787387,0.2699191530267564,0.4227822793991845,0.08897519184994702,9,0,hold_price
0.16191067135453924,0.6655206459463567,0.09024674910434846,0.558175939913756,2,0,counter_offer
0.07628647079957843,0.3985451231333492,0.27926377922013146,0.3617898751142421,13,0,counter_offer
0.40551339612376214,0.4214627418534077,0.268684968361959,0.2809623543642285,14,0,hold_price
0.28064881064349745,0.7979252529583892,0.2146046294901253,0.4869138218261089,19,1,hold_price
0.20164397849006044,0.9845115532909865,0.1710012389273906,0.4783026313178467,2,0,bonus
0.3479223220842031,0.5650677832542129,0.2919130766073184,0.05839382385057481,10,0,discount
0.3337909366776441,0.07906717146360775,0.4291177821643971,0.18423808261692978,21,1,counter_offer
0.4729424401524156,0.10290297422363592,0.09403592735699834,0.2751463631160264,6,0,hold_price
0.48256723253677086,0.9685007220294161,0.4899850185154522,0.20432397517803602,17,0,bonus
0.3563076990494324,0.6792349127484716,0.3255985859331128,0.19038043232077145,8,0,discount
0.4180171672598758,0.7524691183338194,0.20027391497468,0.21131417848279707,4,0,discount
0.40659129515083037,0.6757637576855414,0.12756446237852703,0.08522959765865443,17,0,discount
0.2710865897149549,0.17961760169515328,0.3325192043974206,0.07165040190291518,18,1,hold_price
0.3670062296150376,0.448362160824762,0.09214749761530437,0.15618647926771867,21,1,hold_price
0.08521655345760659,0.7980804376193656,0.3119332729561206,0.04204903794285914,17,0,discount
0.3911094874176381,0.8663629629420733,0.36298407361714263,0.3061319959013394,7,0,discount
0.48282485323656543,0.23733551474637204,0.021964769221836378,0.0918817605339038,17,0,bonus
0.08823863890658229,0.5959617908338206,0.32081621382176184,0.04054029898247597,0,0,discount
0.42625210306633454,0.15710190273845337,0.05534647226342214,0.502287474035751,8,0,hold_price
0.46984101199217204,0.9582768731217516,0.012551373240796295,0.35250570374217316,5,0,discount
0.15178500041092796,0.2522042889924876,0.221550922269231,0.5390160163945736,12,0,counter_offer
0.2861650344241417,0.7266351286038967,0.2914998433733758,0.5900356615556603,16,0,counter_offer
0.4675362014583448,0.23111294422685436,0.25052153333568616,0.3561188183586126,14,0,hold_price
0.48210170203533553,0.6160539428785416,0.3371158919595527,0.47758639318796403,4,0,hold_price
0.10754707295854236,0.6592643070226565,0.4880151219812457,0.09572518789735696,9,0,discount
0.20705190149995278,0.3284281034547527,0.49326184766661296,0.41902122044652806,2,0,counter_offer
0.3641650885178855,0.8188338654260512,0.18935522424957474,0.3297325211347839,13,0,discount
0.14970132472366865,0.8853708982474505,0.17087754931041063,0.4058357220655043,17,0,counter_offer
0.19614678288551635,0.855069930253995,0.17651399194698603,0.06283451843948458,5,0,discount
0.060480977002111976,0.3307982194647173,0.1229998585191922,0.5614890702106222,12,0,counter_offer
0.11908475641903951,0.744340259012654,0.26744805805347127,0.25049240950797846,20,1,counter_offer
0.3030482724879847,0.5594907548692242,0.5171176971251066,0.4654795722896316,2,0,hold_price
0.34389052983688223,0.5926283244920116,0.48655967931569005,0.5943672074965084,23,0,hold_price
0.34201032399312664,0.47742508525846183,0.21669757054084024,0.5239871975347047,7,0,hold_price
0.4002622118501975,0.6002611479688716,0.13998803831471449,0.18702329036593404,7,0,discount
0.2368766361824562,0.13565415803574998,0.2219589660974764,0.24118572557450704,17,0,hold_price
0.17307082230852,0.4088472331174553,0.30373983676098987,0.38919246750758574,8,0,counter_offer
0.05701131501913625,0.177671761987946,0.3242243246923732,0.32281389563443236,9,0,counter_offer
0.1429834217235741,0.28010553097142576,0.29474965638833706,0.2461802756898308,5,0,hold_price
0.19057451549091675,0.12781453592213377,0.24815206817051627,0.39202182222954385,3,0,counter_offer
0.1301930854162095,0.21249560522202005,0.2742379058950312,0.5457170216045346,20,1,counter_offer
0.059065012173471015,0.7819292557877159,0.6483593285324374,0.18569754879985767,2,0,counter_offer
0.12085142389933622,0.5498364621776702,0.6609984448448976,0.07700300264866249,3,0,bonus
0.34974479910540757,0.023643118512234995,0.22708520557571707,0.4054497384972779,19,1,hold_price
0.3333134374126681,0.7885244838021156,0.219666657905684,0.3537569997202053,19,1,hold_price
0.47105763772911907,0.9094683959294906,0.19584426858620624,0.5433528182491802,5,0,hold_price
0.4091757311287892,0.8804292757826376,0.5575951475499429,0.44559554171901655,19,1,hold_price
0.305490252578536,0.8230168828733218,0.43223663538582935,0.23826165549111677,17,0,discount
0.11190035637194509,0.9922164428009369,0.0897618596953101,0.37999761030364576,7,0,counter_offer
0.3038323185163206,0.586401955537933,0.405048932380635,0.5174202235730349,1,0,hold_price
0.07771777741138135,0.9625876285149049,0.5093548304961372,0.208483895500174,18,1,counter_offer
0.24389820383488375,0.9488442325014275,0.4851977112468169,0.008295929139322334,16,0,counter_offer
0.22561638302623793,0.3132387305034393,0.13677069714843373,0.375804294224338,10,0,hold_price
0.24251621421332376,0.8634337560558708,0.33419226064355584,0.01555523178232212,6,0,discount
0.17592166327765424,0.7924726655587772,0.18969553338053974,0.5624879409802629,8,0,bonus
0.3586237014307207,0.7757987774010856,0.20053018217541685,0.1009193097839345,6,0,discount
0.42842501028445074,0.896280771291922,0.1840623442648992,0.224558144987464,21,1,discount
0.3958326466695399,0.3841900099203077,0.055933438708565326,0.5677704714788108,4,0,hold_price
0.33248844310589615,0.4000549658873819,0.2810741579080496,0.04795835686978909,10,0,discount
0.292255159699856,0.6400523092036364,0.26576952843407936,0.0026055203204172314,15,0,discount
0.06398788100361368,0.7378045378143421,0.28930974043029845,0.06218193415832818,1,0,discount
0.3753202994113645,0.8797371026576145,0.38566789052709355,0.5916230806063686,12,0,counter_offer
0.29524232281032387,0.8758453206592819,0.4830923898385048,0.5830372589875873,15,0,counter_offer
0.1718334727987491,0.7213396243862599,0.048946842715704764,0.2307594638726607,12,0,hold_price
0.19752891748404877,0.9568927778215227,0.11311825716420307,0.44573137638215893,15,0,counter_offer
0.4710230539113836,0.17862861894624227,0.14031408942269544,0.441560068395113,11,0,hold_price
0.33096301030275216,0.9503398471800862,0.5336742701999219,0.059889723753142006,15,0,bonus
0.2641605955958877,0.06419148203362157,0.3959338550590129,0.14107195454446425,23,0,hold_price
0.32941478286878345,0.5556218811919182,0.3075541882758564,0.533389404621976,8,0,hold_price
0.23618404624354566,0.09019695700812225,0.2672783560711553,0.09941808579989854,8,0,hold_price
0.2615820229413573,0.5680009751981364,0.05102060017387886,0.3125132141086329,16,0,hold_price
0.18063916551845166,0.39010971245571946,0.38482334472272894,0.14649146376933753,2,0,hold_price
0.24793398526624005,0.08160943150238686,0.26570124693695274,0.3345687340077973,6,0,hold_price
0.3585165045970597,0.6481168050241883,0.1002801331103118,0.11791841947886976,3,0,discount
0.06797386628891115,0.7311979996228418,0.19419945653170936,0.12944894946934046,11,0,counter_offer
0.40776233328326966,0.1741854136199813,0.09953328488201084,0.02807943438461884,2,0,hold_price
0.1773407933875908,0.6944367193087689,0.3746586238331881,0.5941028326849961,5,0,counter_offer
0.35715190704462485,0.1790475491477329,0.2111345488513562,0.0678571378721063,10,0,discount
0.339226391606027,0.1373964493152765,0.3153235622750632,0.2493712902485419,14,0,hold_price
0.3436826221135874,0.14736326652474574,0.42224202958107754,0.2505347889383894,10,0,hold_price
0.3236580123151113,0.5990784689543349,0.12446400728773525,0.18217574456062763,19,1,hold_price
0.4815958271312907,0.7787908081266032,0.06033341098945201,0.47639417414719354,19,1,hold_price
0.2787548732129259,0.5968937014738136,0.06068734263048069,0.20261514695612923,2,0,hold_price
0.3795436019819082,0.8093514530182451,0.3194654906991536,0.3752701714519121,16,0,discount
0.3674521990555599,0.5914773410703692,0.5064178433998526,0.325800228830283,0,0,discount
0.15632040977524866,0.7973212473484868,0.3369183911097749,0.5184173297710691,4,0,counter_offer
0.17748762763407155,0.9765225011333006,0.16795501375373117,0.4916895785372376,18,1,counter_offer
0.24080769417063552,0.3909598079682246,0.2784897290569816,0.1307683907650698,13,0,discount
0.17496406870844416,0.1499421769268947,0.054240063510306004,0.4500670768108346,7,0,counter_offer
0.2150343945184819,0.13539681170495765,0.17995044844429256,0.47554107485678887,3,0,counter_offer
0.2259322762677377,0.597477596656598,0.534460793385805,0.5515113982172283,7,0,counter_offer
0.32173905242225476,0.547103065855342,0.2155006560204575,0.5779305618111916,18,1,hold_price
0.14895051923077773,0.18423537854203076,0.32749367616646596,0.44218140070611234,13,0,counter_offer
0.4119313396445093,0.8821049626676735,0.6589168321749835,0.26995870313862674,3,0,bonus
0.24689136054717709,0.9567483684541884,0.12582991549664133,0.1757824014176173,11,0,discount
0.3678098502574611,0.2532156431033017,0.42548926986887603,0.5187977575950588,4,0,bonus
0.08664911655836804,0.20688293090106702,0.2283671332309734,0.5493326932540115,2,0,counter_offer
0.2614844273559651,0.21392185230754723,0.17211732468137717,0.05853670946504743,2,0,hold_price
0.06269878947979775,0.38742152969135946,0.1223401932701372,0.33259363160407024,18,1,counter_offer
0.35415949631700416,0.8532271752989463,0.35962464858599996,0.07751656683621845,3,0,bonus
0.20466953464868132,0.5959606099411179,0.062381349851495495,0.1509478292784342,4,0,hold_price
0.47716376634762286,0.06755343173266992,0.07009537941990088,0.2299176790906658,20,1,hold_price
0.19585589657063873,0.4729790851720672,0.1255010104500053,0.1866985292006082,19,1,hold_price
0.3037126541079771,0.09033168302809258,0.3720553477774666,0.42959936223942036,12,0,hold_price
0.16582440906257662,0.4062141140084401,0.18720542722615463,0.047379742898023866,18,1,hold_price
0.32905068302630314,0.403520142303317,0.14657619935111865,0.3682641249585425,0,0,hold_price
0.26016905755995556,0.6483526657096457,0.45098444439568747,0.34884871738853823,4,0,hold_price
0.21678271767753482,0.549453966963101,0.06220598562767598,0.47231698997914484,8,0,counter_offer
0.14166020708608096,0.874754782339086,0.5260409861645668,0.058007096493162845,18,1,bonus
0.10018460478715488,0.016275182665472343,0.2660377504219923,0.1995627751220058,2,0,bonus
0.10394561028050298,0.7739988220946491,0.20401305260808655,0.418262054316971,15,0,counter_offer
0.49956800787749894,0.022658340955841738,0.08872938941885343,0.42701226423945926,1,0,hold_price
0.2355398270857556,0.304289828476366,0.25893081240479304,0.26977547634875854,23,0,hold_price
0.05086836854300276,0.8796631381795634,0.10571580276352016,0.2770616599864778,5,0,counter_offer
0.47881795578170644,0.6904141716771217,0.44845073153941556,0.5789755857675015,17,0,hold_price
0.058990965903415696,0.1719966783661433,0.33280215638621197,0.19573679222597448,14,0,counter_offer
0.23836375649954017,0.49078454411194294,0.566930256436327,0.09006881814681908,9,0,discount
0.37286491368679514,0.7219041809779858,0.13446901080295345,0.5717052389948063,18,1,hold_price
0.46156965996729277,0.9373433213395294,0.08713525106793304,0.4857648859566981,14,0,hold_price
0.37079883114444545,0.6343211992182037,0.10463282482778442,0.14223775708424238,10,0,discount
0.2586315897050053,0.024675411432927286,0.7202414418932843,0.5143541597376848,15,0,counter_offer
0.4884989175428465,0.49970185969628356,0.2888224701948653,0.15138084946551758,6,0,discount
0.0676937223649717,0.15296163917082772,0.29209684582607254,0.4964684850272011,17,0,counter_offer
0.4941014911421036,0.04777955047492133,0.21970753303114773,0.3771376355772777,16,0,hold_price
0.43222619826879755,0.5985106346815843,0.4669895790564399,0.28954813226778686,11,0,discount
0.4680185077068616,0.7769219025104245,0.13242048653269933,0.5568437442117542,15,0,hold_price
0.1646475908438915,0.0360605554964043,0.25176439026758196,0.485620758089797,19,1,counter_offer
0.1141061325279214,0.7835892709655194,0.30912531248497255,0.07795504495354107,15,0,discount
0.348491875717715,0.7063878798115087,0.4369635828000577,0.42334137426412094,6,0,hold_price
0.282136747093754,0.7519868881683613,0.3653776007874408,0.47370117132405953,6,0,discount
0.28542558233497073,0.24472837271570047,0.5662321369929668,0.32467657452467363,23,0,bonus
0.46607863031744795,0.3935954554934291,0.1249819505522993,0.1656410269524692,19,1,hold_price
0.329036407993968,0.11975082720721897,0.20014332073842175,0.14068378482192623,7,0,discount
0.18997872579706548,0.2388909502344665,0.4774446786985647,0.5844875824040363,17,0,counter_offer
0.23002995038804425,0.3027896714774301,0.2688175524879685,0.2620760789275322,0,0,hold_price
0.11007312579133308,0.31943663953678614,0.395564018342076,0.3112950046300505,16,0,counter_offer
0.1365413181240602,0.1750398880968118,0.2886350611664806,0.3588994393233207,4,0,counter_offer
0.11450753159429233,0.18871179807114336,0.30146608338423675,0.06037884195452083,7,0,hold_price
0.4146311035451095,0.9014703997921601,0.06937437492522255,0.04877723735143737,22,0,discount
0.36719306058745343,0.7838936148156058,0.34867170717195284,0.11888214478047984,3,0,discount
0.28865525792488334,0.34447770349143736,0.3394676565533226,0.039197440117588966,18,1,discount
0.21846552513240686,0.9476435394809607,0.0963759728410173,0.5390833725422017,9,0,counter_offer
0.3508224306459577,0.2389227127923239,0.24296288368033647,0.08881456245934886,10,0,discount
0.41580740646309244,0.4068204534500507,0.16030362219182984,0.13594150314965409,11,0,discount
0.44655494705226906,0.8135253114345706,0.5900721734536188,0.3223862156825416,21,1,discount
0.2961573026928501,0.44288637020362664,0.20068134561979029,0.5377225355428947,12,0,counter_offer
0.41894830481886536,0.23462532290814597,0.05322651507488254,0.029418730040167793,5,0,hold_price
0.28008767903571274,0.36853546762148837,0.4585326030450607,0.1295846745814964,0,0,discount
0.2635385401345509,0.5007210723746816,0.3554171497443581,0.43041024926926935,5,0,hold_price
0.4394443350299451,0.6206443836603374,0.19710803925994413,0.3115078871468008,3,0,discount
0.2238682713190988,0.4056064995815233,0.2788510960969513,0.3567110139689504,3,0,hold_price
0.22816070556831602,0.43130433111997424,0.3242272906997123,0.0101722829833232,23,0,discount
0.18721010537821225,0.2639436128014252,0.36371602181626417,0.5200831397706789,10,0,counter_offer
0.28341577773257753,0.5353472984174117,0.23398361063296058,0.34724443729438126,23,0,hold_price
0.29518251516025734,0.21945623376954637,0.33063980036534624,0.5006207029345738,12,0,hold_price
0.3472075153897056,0.8675262181080758,0.40742185459128244,0.5782469262352674,5,0,hold_price
0.24372603954930672,0.7473670702663014,0.07962785050243737,0.4392968965647664,3,0,counter_offer
0.1480267813476197,0.4102789884141841,0.1087041734058676,0.01860629265699063,18,1,hold_price
0.4400789280862441,0.7472278470328477,0.17150365111398685,0.42691767948111553,2,0,hold_price
0.20570039025710646,0.006995941809373019,0.07624939004902224,0.3380824046136131,1,0,hold_price
0.4653245389280786,0.34448922264239656,0.6196746859254506,0.06212375622245909,9,0,discount
0.1433089998619051,0.44030114814678856,0.10631668246814836,0.1622562377796563,7,0,hold_price
0.30202586430630374,0.4697985075456973,0.4323336517140777,0.10130457494110712,5,0,discount
0.2914767920882535,0.7487314777103389,0.08540628936598722,0.5549048330253877,12,0,counter_offer
0.42289153156714787,0.9628074275617138,0.14678190849848066,0.4771699954843525,13,0,hold_price
0.11248312403787339,0.37999713044280303,0.4110217523395177,0.4205123403435418,10,0,counter_offer
0.4594717278128576,0.3505998495278747,0.5099206742871579,0.45799238354790756,12,0,hold_price
0.2891426774774316,0.6105152265803961,0.09250283391978528,0.3607476365232552,16,0,hold_price
0.3137492227614649,0.2812536141915789,0.38599490514311025,0.5131599526616947,3,0,hold_price
0.2795748319839952,0.14135033381518924,0.057379482907979174,0.13716488908502883,8,0,hold_price
0.06621120807631992,0.9615408704921987,0.09178214859701661,0.15030274099206856,0,0,counter_offer
0.2736907978129692,0.8095299568090221,0.451723856786902,0.3550497932900098,23,0,hold_price
0.16859734820464575,0.9584995530241278,0.5856924772358847,0.48608123946184234,15,0,counter_offer
0.20420968117002414,0.21783287868391665,0.4746467857201411,0.5014730733652331,19,1,counter_offer
0.342095719634213,0.017809214969670584,0.4400950199025369,0.5857518783626622,18,1,hold_price
0.2739637082633477,0.4372615757381064,0.32447085660207997,0.45737092475402463,0,0,hold_price
0.0919481957003572,0.9336089629915812,0.20782281481731965,0.13964577077743065,11,0,hold_price
0.08286857364279152,0.1383253388717589,0.5175929535229444,0.13839033007009932,20,1,hold_price
0.13354596302781666,0.11718552283459838,0.34451054973698125,0.2673532469725462,13,0,counter_offer
0.13589831595750065,0.06895278424584206,0.15130035984852147,0.3900904623693934,14,0,counter_offer
0.3237353406371142,0.7650179989319748,0.09512609066591153,0.3077952104029408,23,0,hold_price
0.13001650882049426,0.7859265338335389,0.14014653435234103,0.040483778551879186,17,0,discount
0.44677374047364676,0.695376055663464,0.24246379860490805,0.2891404886428174,18,1,hold_price
0.14439229727603592,0.05329184512233609,0.19867807139592789,0.49025920960538794,19,1,counter_offer
0.09100915044187219,0.7232883358152038,0.4189950173865596,0.14418888748186476,8,0,hold_price
0.4440857073618411,0.4486288084616872,0.11132113482573239,0.3810195738104499,23,0,hold_price
0.18289740923452985,0.15789442193660497,0.31648951955329124,0.16183171251596126,20,1,hold_price
0.24144018342518114,0.2951260104846021,0.04176627041980697,0.33340140886428277,0,0,hold_price
0.48156187280559903,0.5011468399329609,0.1720080024983173,0.42058733528171127,13,0,hold_price
0.47496614862099823,0.32965147226968106,0.5045780910923896,0.12433335118083393,5,0,discount
0.37171260016921304,0.9697492267415924,0.14987934291973398,0.44372827824650546,12,0,hold_price
0.08102252827964962,0.4747417417071993,0.39386521368749733,0.40591109356766203,19,1,counter_offer
0.3170030564351289,0.37215051025214363,0.07442173278115959,0.18765597582064278,16,0,bonus
0.49508507076901603,0.6731654289680367,0.15286170729345203,0.5369848164483441,19,1,hold_price
0.4761123027907912,0.6505450568559148,0.28509224636354186,0.4683084895237839,10,0,hold_price
0.09770112163397429,0.002439280405267419,0.44236460877522876,0.312679669941532,1,0,counter_offer
0.22818528639066588,0.618473698300743,0.27855019253456825,0.04961075544981584,21,1,discount
0.1919915356562777,0.2437689747690337,0.3170430519574111,0.26437291102139954,1,0,hold_price
0.1083776481072075,0.3752336415879216,0.11384888292221763,0.197910316207042,4,0,counter_offer
0.3626592400619424,0.7063488907348443,0.28147210781236465,0.15746724599905848,17,0,discount
0.17323176396210654,0.5573862210106958,0.2877870003348428,0.3861441367854963,10,0,counter_offer
0.20518961140638403,0.3686551441550969,0.2205005354553628,0.5530380930590844,11,0,counter_offer
0.09066149451563808,0.16741035183712405,0.503963749930805,0.08793255670168,1,0,hold_price
0.27408540145039956,0.5054821872477532,0.117321259266118,0.4449823463491482,4,0,hold_price
0.12117553864342542,0.3193660235072032,0.06411611402949421,0.3730289281185862,16,0,counter_offer
0.24444069061077012,0.9129278084080751,0.3100758572529058,0.40021935472000386,13,0,hold_price
0.11450399994648568,0.5343466402890507,0.40474383570099476,0.5071113392269595,6,0,counter_offer
0.4792324504775656,0.8659639941704125,0.25933783776864827,0.2252723164051942,9,0,discount
0.11524213993871418,0.3901810284835113,0.35560262136281545,0.3477326133646175,10,0,counter_offer
0.28484921923278494,0.8274371637879605,0.5836070933750468,0.1660941649366735,22,0,bonus
0.1386409213935444,0.05653690217207863,0.17119272836463542,0.17052697356247273,21,1,bonus
0.08436281156267417,0.29811902556801495,0.08638121153348903,0.3079694778461432,11,0,counter_offer
0.1410388784789442,0.07817593304469939,0.4143105274879068,0.004380089909522877,4,0,discount
0.07464834832569625,0.03165018071487391,0.1779954866965738,0.14886917548596248,13,0,counter_offer
0.11272882240444497,0.9188622453231189,0.28405879134547213,0.09097726578141889,0,0,discount
0.27206787099344765,0.7168687443996798,0.34224730688956684,0.07192075671813955,15,0,discount
0.3433169844759084,0.6251100644684706,0.3639014942480051,0.23077720946974223,13,0,discount
0.08930291678230257,0.532492809411833,0.7711763936427894,0.06261708549852953,21,1,counter_offer
0.24845838075692084,0.569554036216842,0.3232571746692977,0.09257356892403863,10,0,discount
0.3115611602840084,0.6386903813864535,0.07571252026392254,0.4012293976289864,13,0,hold_price
0.15540155429497768,0.8265797947401032,0.6922314428639897,0.3908052742568888,1,0,counter_offer
0.21743528518221145,0.5968885557955282,0.543465780598775,0.5670109379908582,19,1,counter_offer
0.08232569138012388,0.7485807631108824,0.331753950396551,0.5521639431440242,7,0,counter_offer
0.1490589861048927,0.2809780518297349,0.37754816549106734,0.5243642085334729,18,1,counter_offer
0.260038816663523,0.9767617378164721,0.14667870087993404,0.4145726168347118,5,0,hold_price
0.495698980516395,0.03189720843702892,0.3948426821907112,0.15995361713730585,8,0,discount
0.49831927832261,0.38657659527731547,0.12078302875641977,0.10689464454597257,6,0,discount
0.4908297565059296,0.8820495515037039,0.25428831721321404,0.5696506927781216,21,1,hold_price
0.2403888738351474,0.18052296268619017,0.16267539739517398,0.5757773939938202,18,1,counter_offer
0.08630617028659926,0.14133809293365796,0.26178170938817674,0.30266071902595176,16,0,counter_offer
0.19560804676220012,0.3654307668999135,0.3289938991655241,0.3290482068891534,7,0,hold_price
0.15697146891693978,0.4281947005168275,0.06521861428140265,0.0032237278740742115,17,0,discount
0.056356958709434565,0.9333940606617277,0.36805697250789327,0.0891513577941229,11,0,hold_price
0.09285512462976894,0.836119534708821,0.08639926230726365,0.3275965791022819,17,0,counter_offer
0.25393637077207976,0.46408963769051415,0.4157835731620525,0.10907586932633007,6,0,discount
0.20284810871193365,0.972975100881603,0.3168390537998417,0.28723760513324886,12,0,hold_price
0.13115917473551736,0.6422784041590643,0.16227920127970513,0.47694948205418763,22,0,bonus
0.3722449867964362,0.8736587319818913,0.08015224206357227,0.48046677700678586,1,0,hold_price
0.2107020181534784,0.24605698048682545,0.38028725407727054,0.5169949872571205,18,1,counter_offer
0.43334053508594494,0.4889640742999828,0.45697704810206535,0.14142724468892484,16,0,discount
0.1584397221184028,0.029717213356433292,0.1689453101370941,0.259138367325545,10,0,counter_offer
0.29227707053898117,0.008880193266448844,0.2755868216969384,0.3761072515411611,21,1,hold_price
0.13286264771713213,0.7054532209394645,0.1971156862888934,0.3486516432211935,17,0,counter_offer
0.2728852773736289,0.11829362246560071,0.8056854171547325,0.5994439085934377,12,0,counter_offer
0.1186099290402738,0.5478082371108176,0.1921247709913858,0.16576884972487657,7,0,hold_price
0.12271038096718487,0.69600748221002,0.27556783625915027,0.042803670244884164,16,0,discount
0.32550051966890703,0.03223458622963926,0.5555766508837965,0.23271720676941618,1,0,hold_price
0.16870371897909503,0.448741399145682,0.16840951723558564,0.3108081464888594,6,0,discount
0.12756525195391127,0.6841519369858398,0.2956723427541782,0.2323435308214191,10,0,counter_offer
0.4683957125607829,0.88973098785485,0.28931884054503637,0.19161849948267415,5,0,discount
0.06935146283302299,0.29923010060165645,0.34474272776833653,0.154355649393902,13,0,counter_offer
0.30431665071314923,0.9742165296843303,0.2084668576985184,0.2564906163301726,20,1,hold_price
0.29671872882496936,0.8445414996596974,0.6958709600479708,0.4135212656377806,8,0,hold_price
0.16277399348137692,0.6506350720818543,0.3382801994009085,0.08931940219232372,9,0,discount
0.253747285300768,0.3919255072461312,0.19928637716199868,0.5193203537263683,9,0,counter_offer
0.08948200238718595,0.7111103761994986,0.11431949453977829,0.38467334320099805,17,0,counter_offer
0.3745715656657485,0.8161932690703534,0.4058461027947616,0.06442230193453048,17,0,bonus
0.14976371676957045,0.3032998748865573,0.31159780139401855,0.014111753562276296,5,0,discount
0.13702341192195017,0.9928300649070293,0.2990536569612343,0.030814246404904908,21,1,discount
0.19169531522487637,0.908619369754639,0.40932699303153625,0.054221040244469255,15,0,bonus
0.4560664641184139,0.48550144034292264,0.2869254123009326,0.38612344659687087,21,1,hold_price
0.4084099917275942,0.7228299157753952,0.23684382847177668,0.5645139058747465,21,1,hold_price
0.4761015310101909,0.5240088946187819,0.17977204190660595,0.07998206647879653,13,0,discount
0.3433830557148885,0.7609305521970262,0.46982485585286676,0.17059941006631987,16,0,bonus
0.34831467996443943,0.8269822038779814,0.3716066570835197,0.5195104566241352,15,0,hold_price
0.26601394974179765,0.023222555157042524,0.11863338367136539,0.3034040516595114,14,0,hold_price
0.45733384551513895,0.07913202970064925,0.3554820101524337,0.25627961150610173,12,0,hold_price
0.27989471717164804,0.336467415876727,0.2661372529524018,0.28393867664196515,5,0,hold_price
0.2097770318577611,0.9176136326323495,0.2920793164558453,0.060672251209762315,8,0,discount
0.3381687544629493,0.3982735831433897,0.24017214721909574,0.13175376259730978,16,0,discount
0.29576277203043355,0.8875122152019242,0.09198737279638483,0.5772100318870178,17,0,counter_offer
0.10580891688945296,0.46243391263175293,0.18203775220886603,0.3860548862047069,11,0,counter_offer
0.2267264362605933,0.2888529203115734,0.27295133032937896,0.1717711382381097,2,0,hold_price
0.190996434992516,0.9006451830624952,0.1958796386886708,0.568186592949793,3,0,counter_offer
0.43107519875500927,0.5606707689186775,0.3353733339434885,0.2384971603493147,21,1,hold_price
0.22047915063789897,0.3604842950300413,0.2391981700793582,0.08451837808087041,3,0,discount
0.4196998546875017,0.0444070036278168,0.2843406351547296,0.5791898735108932,6,0,hold_price
0.24907531725542553,0.11093313244822389,0.3432012650286863,0.39955893776120927,1,0,bonus
0.3890752535505245,0.1393103276415305,0.15186119712248058,0.4516892824609808,5,0,hold_price
0.11087686783003547,0.3648362904106063,0.1402013091542987,0.013507097836612303,20,1,hold_price
0.46609259884630805,0.607332955744344,0.19098655580052404,0.16988726087168785,6,0,discount
0.2662519508595132,0.30759011442192985,0.11730594867931067,0.5672566037435798,20,1,counter_offer
0.16690921053183788,0.0655276337648002,0.3939794623711166,0.09331530293901688,19,1,hold_price
0.1586703228641631,0.2648087373173338,0.4957326591473362,0.5240866199350106,16,0,counter_offer
0.16928477985873736,0.40868165089961017,0.1135774213352648,0.46228077336911283,6,0,counter_offer
0.21502587781308546,0.9922699286723291,0.5544261917946902,0.2271105121537327,23,0,hold_price
0.3728837897040275,0.39298690475093867,0.4264417933533458,0.5320338197601855,14,0,hold_price
0.4773213693053571,0.08919541874744397,0.2781121680688145,0.5536241511338975,18,1,hold_price
0.35106684355563444,0.5811148144739334,0.14975188272122175,0.5201200837139599,8,0,hold_price
0.29622482192484534,0.9196400726262897,0.24060013026674038,0.2444880582861342,15,0,discount
0.25186901360771063,0.7866956988617501,0.29365892298292723,0.3522810316794734,15,0,hold_price
0.4226875101669274,0.8362183091872366,0.1203334649048997,0.18367740022982706,14,0,discount
0.43234574110073143,0.9282317961023304,0.3510722572139469,0.07797190538879381,14,0,bonus
0.1818669534947684,0.636543503385538,0.10497379327194177,0.5412671474394607,16,0,counter_offer
0.4790391118940435,0.9949227306534987,0.30610371358246435,0.5886938631914916,23,0,bonus
0.22780191344287193,0.03328156987965081,0.5910631734593724,0.03515165313669053,20,1,discount
0.4100351311361875,0.8348396761435622,0.26920164252112033,0.41264252030804444,7,0,hold_price
0.485068945137005,0.8570106695222617,0.16610224177247182,0.5695491924434126,21,1,hold_price
0.36664614538502505,0.916700390761965,0.44087193789053347,0.3647506292335055,8,0,discount
0.12269782690303718,0.47816945763584906,0.5206917225031517,0.028257411780371066,5,0,discount
0.3137616298282689,0.7877559236206,0.3636377661457711,0.008948293612747448,4,0,bonus
0.1034497053930103,0.1950803991211798,0.23245078826344562,0.3024614398549585,16,0,counter_offer
0.4051139179410168,0.6031302251782144,0.5470775443327305,0.5639670049262916,11,0,hold_price
0.17659182824324732,0.3586451523634614,0.1241902860898738,0.16731935821518054,19,1,hold_price
0.36284667037700835,0.5961736506619755,0.42679259974189454,0.21019574370874486,20,1,discount
0.4595403533585895,0.6755605071583003,0.3662749030120885,0.4775964568117824,12,0,hold_price
0.1314544328015776,0.34706866674617887,0.18101196291710922,0.4809970218101693,5,0,counter_offer
0.22678602737052506,0.21623829930287197,0.17146501261036973,0.5661834168825929,2,0,counter_offer
0.3412034546331048,0.32168790885933474,0.08040196605808819,0.5032031329936554,23,0,hold_price
0.2388463667642755,0.6639572451074426,0.1466051004392831,0.35635263602517425,7,0,hold_price
0.12866852373112186,0.6768742336728105,0.13638893387182502,0.5632527601389932,0,0,counter_offer
0.06308222637595866,0.7413169360240989,0.0816814951756704,0.3686508447845816,9,0,counter_offer
0.2329691646658833,0.126536608572706,0.28586071136456803,0.3609475003130734,19,1,hold_price
0.34214406196186414,0.8185173902544616,0.2134364249895475,0.00930152443522676,2,0,discount
0.3082928936686199,0.6881478015409555,0.5217489589785216,0.2732743265962089,16,0,discount
0.12030855789228909,0.030505076690639177,0.29968698486963935,0.025770706651179996,9,0,hold_price
0.252812049740324,0.3355978494350508,0.38205510105806734,0.5392617387108106,21,1,counter_offer
0.21626197078156378,0.4667112559064771,0.3162098345805744,0.006282367734750238,10,0,discount
0.17339108103202994,0.3606174903868148,0.4611428128191084,0.18420114133868465,12,0,hold_price
0.37817205973717516,0.11741688820841312,0.3569764147032773,0.5970399745110541,10,0,hold_price
0.18934341351223294,0.20734628450500703,0.18065219462721696,0.4770390186274236,16,0,counter_offer
0.29306387854986315,0.02456139491013254,0.3417727132261825,0.4546014308656364,1,0,hold_price
0.46545059087132745,0.09307716135256283,0.18809479306062188,0.42772843591398674,1,0,hold_price
0.2926741920141121,0.26630011772454476,0.04569030948245838,0.030744313121173227,13,0,hold_price
0.32766030957225234,0.8199702656357306,0.12248770967445384,0.172919794946203,9,0,discount
0.08296069377539814,0.5266375099372003,0.27606679963891867,0.47907204279183613,4,0,counter_offer
0.13016036468378134,0.424497890691106,0.5155023484617876,0.5373311666134281,18,1,counter_offer
0.09542803968415106,0.662162943958549,0.2560133622067721,0.2100335752295713,17,0,counter_offer
0.39416582676012807,0.5415105603250052,0.47050421651945407,0.15564974357646844,2,0,bonus
0.42616448641257904,0.13151392675562623,0.286585493170601,0.14153720079592538,4,0,hold_price
0.13390488193755995,0.22262336382418957,0.3000940294652799,0.3288383322595923,18,1,counter_offer
0.14867228791539097,0.22252236099060763,0.22317591222737856,0.17489210383942966,11,0,hold_price
0.19544328027175228,0.5999525126123422,0.3776946646161951,0.012802075323597895,7,0,bonus
0.3159849276292259,0.46162436618934644,0.2917132527381402,0.23444993179728746,12,0,hold_price
0.32980828721000877,0.3875850625608537,0.11463491132791175,0.3322400997031767,8,0,hold_price
0.3590392813436559,0.556639172881788,0.7042636184417015,0.38054583653423985,2,0,hold_price
0.4573367402960582,0.9701157857825572,0.4882129571811489,0.2057728277579533,15,0,bonus
0.1827680632234422,0.3141934560558768,0.4017783525427725,0.1883352266488603,16,0,hold_price
0.34644154514304903,0.5201954336335173,0.42465114348443095,0.1703260503720246,1,0,discount
0.3018752805999615,0.48037001564411563,0.19421477737577297,0.3739952292882781,5,0,hold_price
0.18762675818565522,0.7166430317458448,0.3042026342084746,0.17017520858805796,14,0,discount
0.458336833967153,0.7302902679829161,0.07812345535956619,0.5501116898306335,18,1,hold_price
0.09296753538164787,0.7290707214130405,0.26395787028685713,0.1690124282439092,21,1,counter_offer
0.3704004620744232,0.2015195799387448,0.4384266870803333,0.4745615877308723,14,0,hold_price
0.37754317086017086,0.44909313636118775,0.16865459509046732,0.19183862746217759,2,0,hold_price
0.4618969374604827,0.8111746910291375,0.3162027587275574,0.380844383333262,8,0,discount
0.2833612665581091,0.38153017054064375,0.03542747285068096,0.41940943532296016,6,0,hold_price
0.19473005219866069,0.9842551172899289,0.27630881068100066,0.10462400991560816,23,0,discount
0.42248330143700924,0.36478674179219917,0.3068008186226587,0.227979625269703,0,0,discount
0.3968646268245767,0.4976668273419682,0.3514424849460827,0.07654920468406798,9,0,discount
0.2751420264887617,0.47452559480254686,0.3109949352674336,0.3063933857197764,12,0,counter_offer
0.39553581903521495,0.4336638024692425,0.2797880585798866,0.5456523710339763,7,0,hold_price
0.17054402093476737,0.8456313683196216,0.665035161512265,0.35774150145859696,17,0,counter_offer
0.31527784868156056,0.15527523754801353,0.48635513443446354,0.4209960771242931,3,0,hold_price
0.43933255465454396,0.567664706413983,0.3735694846318196,0.16983230203318242,22,0,discount
0.19309302707743065,0.6186015773554236,0.5423302627221701,0.28093533412293575,9,0,counter_offer
0.26759749209383443,0.8512213080693708,0.20897372767953148,0.4444672622207776,8,0,hold_price
0.47797018437780026,0.6092001599261084,0.27170249190171636,0.07878089037684123,22,0,discount
0.4091953288872815,0.9600203477877807,0.2189003818912902,0.0730250382358041,3,0,discount
0.44916755914874873,0.8721677122609289,0.23454934143858844,0.13466076238444893,11,0,discount
0.22336117740070088,0.3487399483527315,0.4025625850341462,0.14207973885519823,0,0,discount
0.49842736683555144,0.8599064452908345,0.22779394373103692,0.5774387603490314,12,0,hold_price
0.11865452210771585,0.9584778140934557,0.3122700250277754,0.09516505803526794,7,0,discount
0.2834467624473391,0.2571971809245863,0.3617363320228919,0.06309288328522962,17,0,discount
0.2656730220333122,0.6102088066644085,0.49477134572023523,0.08260950698177172,12,0,discount
0.4092944858600605,0.28180391234213553,0.21636391596217572,0.12174662630399541,15,0,discount
0.4588779976317554,0.6495672790822176,0.1767389602586345,0.22123176699702685,21,1,hold_price
0.37901271960862687,0.0936428045470219,0.14171908902309327,0.11829204324735393,22,0,counter_offer
0.33206730625863623,0.7341880218690575,0.5550022035734855,0.05268010713741693,5,0,bonus
0.2423431358818267,0.41981982859534284,0.24770175574678246,0.08197094835916342,12,0,discount
0.2796466626840804,0.5873071786764368,0.22100682442490752,0.47380081418901204,18,1,hold_price
0.2791851409511698,0.02586240252349814,0.3671981414129996,0.31204532813242364,3,0,hold_price
0.059165813157969954,0.6954414552103283,0.14323699232441556,0.44752865797071895,11,0,counter_offer
0.27637061217245495,0.4959913541352434,0.5719222126344008,0.10601964759414408,13,0,discount
0.43518686007835616,0.625251007687842,0.23801051881400673,0.1831036098761807,20,1,hold_price
0.3691733050140117,0.31566797237617406,0.4456952910559494,0.5893832696030722,2,0,hold_price
0.4080688799562522,0.1458201734214144,0.22152455740201515,0.05140090781349031,20,1,hold_price
0.22571824539583446,0.435428941996142,0.40267362544816143,0.2632022302946997,5,0,hold_price
0.28803795661083115,0.9439791212863633,0.27049495801945495,0.1774623712262512,20,1,discount
0.06506760604869521,0.22779402665380533,0.2835819980303757,0.00440068257518762,15,0,discount
0.22234907397620463,0.6758390120352517,0.39886319549098465,0.3314711224582699,9,0,hold_price
0.2634872202016898,0.04984354403454139,0.2566651751090732,0.3300031810677367,3,0,hold_price
0.16484400481958675,0.7180997852669284,0.2701473627469741,0.192276378227707,8,0,hold_price
0.06405844054579242,0.23843718680149306,0.37449171444958246,0.2833551355413247,17,0,counter_offer
0.36068364895052846,0.45151706022933247,0.1952600468187503,0.23516852146684755,4,0,hold_price
0.24578948788197946,0.36775310059477406,0.4275045506621765,0.27852342213010467,16,0,hold_price
0.23705518690050542,0.11284034331735548,0.31041626575623776,0.5088291397084507,5,0,counter_offer
0.16249403931282902,0.3455819525117757,0.16079928847138095,0.42838398432336317,1,0,counter_offer
0.2920236795491077,0.3501249582931856,0.28929266829237793,0.16814677431478187,14,0,hold_price
0.2471120515718292,0.5221056390297516,0.1542431843131746,0.14372459726510903,19,1,hold_price
0.2632930128630909,0.9723515329399873,0.25609850111410776,0.43513059164696044,23,0,hold_price
0.3113921067963719,0.47001752251063034,0.27882007557573335,0.13470887726078468,12,0,discount
0.052846091257880916,0.9144261556326339,0.036805652366782474,0.5445515183210811,14,0,counter_offer
0.45846315659229014,0.4615576585625554,0.31001745036759815,0.4996898963218803,16,0,hold_price
0.08198932862528657,0.10754330087493946,0.18616136652116166,0.15151142853660185,9,0,counter_offer
0.25291613629219756,0.23015289527594018,0.18244526352908388,0.480900151758438,0,0,counter_offer
0.14331779385772164,0.40751767605760025,0.3351147633266628,0.11480850937651037,5,0,hold_price
0.2857020662164439,0.32536877297018474,0.12856539982885049,0.014916607677513037,9,0,discount
0.17610354895871205,0.8658292875324917,0.17731568603659206,0.5766723633339198,15,0,counter_offer
0.43700292412817177,0.6786456021965513,0.5317627366241305,0.45681039863535927,7,0,hold_price
0.22836192528308913,0.5783084519186734,0.09477359339966998,0.29341405020627015,5,0,hold_price
0.3374400000957968,0.49122955123669054,0.25624936883303384,0.505925651190106,21,1,hold_price
0.16199587766654555,0.39727061828906685,0.18054282144514722,0.04549280383198777,2,0,discount
0.05873276772230788,0.6121924398320113,0.3182418042348212,0.44380946278560257,18,1,counter_offer
0.23186954102597424,0.124607165444381,0.16117764309751625,0.5737954404834985,2,0,counter_offer
0.29141892030123057,0.16253318821690566,0.19977403830967258,0.49115441161869705,7,0,hold_price
0.25679621806778763,0.30311635339669996,0.1723140532840186,0.2590054263949639,20,1,hold_price
0.482906463718487,0.1711846164610744,0.4771887614192482,0.2077865559744373,20,1,hold_price
0.3680776282307128,0.6770987190248167,0.3174411823039831,0.5354495479400248,9,0,hold_price
0.49805141028142785,0.024768321406245297,0.152973463725754,0.17490423002145597,0,0,hold_price
0.1827770406412874,0.1601774916667501,0.08575472341570231,0.562468908973808,22,0,counter_offer
0.40507397582321597,0.9026081094988033,0.16332168183785364,0.191909697485478,21,1,discount
0.3000013103959762,0.9975431482220869,0.5530858997973326,0.07500888730325951,11,0,bonus
0.3252921595018247,0.48759047782809306,0.12694035538146342,0.14153392323860764,0,0,hold_price
0.4936339401990475,0.4953700730217583,0.25705248843598616,0.3116899712225219,16,0,discount
0.3442942398880026,0.7733987622374382,0.2631018113642174,0.07866362264020947,18,1,discount
0.45446760155161303,0.036189577620575064,0.26991087357710297,0.22797429347832474,19,1,hold_price
0.37658760562366117,0.4270214819009781,0.05168305352685468,0.5435133896678565,17,0,hold_price
0.10732375477613754,0.09982788181495983,0.0629042181294877,0.05633258558781264,20,1,hold_price
0.36474066964504065,0.40092638265648595,0.2814485928315668,0.36872653478129097,12,0,hold_price
0.2679420149084669,0.9838218411288748,0.24149089134167082,0.24225877939615822,3,0,discount
0.4634590968420541,0.7536332808033611,0.22629136487078624,0.3884729114459953,16,0,discount
0.4130755012357048,0.985045875685218,0.11315372614326079,0.2937648540232301,5,0,discount
0.09686060942325135,0.7460486256706017,0.371333765399902,0.5260230222750305,15,0,counter_offer
0.1102620396441013,0.6081100718065884,0.0818793777230388,0.24149895722581144,3,0,counter_offer
0.08132495080937252,0.7542208329272434,0.02053878037067329,0.3050571048886624,0,0,counter_offer
0.27196019363507784,0.6590916729709847,0.24902361870087417,0.07808223215529532,10,0,discount
0.08634729164330887,0.4640660299019084,0.24772675239408296,0.2941839546515637,14,0,counter_offer
0.37565525145861234,0.29254633400521,0.4423567400280508,0.06883850793224573,3,0,discount
0.2985613616526947,0.5201780593343549,0.2209759666329733,0.34987792320646316,18,1,hold_price
0.4261482578989141,0.2584934739014305,0.3506435735469595,0.25643625456739033,15,0,hold_price
0.17590810490209235,0.4866763464421453,0.2418403671891263,0.4700226020446907,19,1,counter_offer
0.2836133528725133,0.14613540592108598,0.42062048173499156,0.2510861864776157,8,0,hold_price
0.10286585865974496,0.5653950989700408,0.1124369113804109,0.37835725143447696,15,0,counter_offer
0.4480745011926262,0.24528369081210477,0.4747153087834867,0.035395422024484154,23,0,discount
0.12875223303042724,0.29360810394156966,0.1653275980384762,0.4260110770172022,4,0,counter_offer
0.09606301310768225,0.4990281417823884,0.06452257999029945,0.5744602692971689,19,1,counter_offer
0.14227276933543248,0.16252625302158075,0.24827654288817885,0.2686672390695652,15,0,hold_price
0.41280416992534164,0.9623798836359191,0.3659330022099911,0.00590943427318149,17,0,bonus
0.09761653745810726,0.44694431539287616,0.14158839545790838,0.3621879934845946,15,0,counter_offer
0.3264923726771747,0.35227922962675107,0.25368504884673043,0.08710636487250378,16,0,discount
0.38578158527680656,0.02919660509258093,0.06283183059428149,0.280781081981037,18,1,bonus
0.387986522217292,0.8432543631122329,0.289501029552691,0.019473391294233887,0,0,discount
0.135527398973659,0.6258339153063843,0.05836157937530097,0.2656869839065033,0,0,counter_offer
0.0777307992699254,0.41640515484129725,0.02522559464533463,0.5246915132817099,2,0,discount
0.25196287269749795,0.24553279933847572,0.0682253202298249,0.08123205512249555,22,0,hold_price
0.14111840536004575,0.7451374186753852,0.055177433392683654,0.29899543381303184,10,0,bonus
0.3646718640562721,0.9454745757416672,0.3269416842518094,0.15232324475075062,23,0,discount
0.21051175984493947,0.3808097056520202,0.29982584462603823,0.15661838633464334,21,1,hold_price
0.25220927346490946,0.13487606837923127,0.05624122138659353,0.38598185165603244,8,0,hold_price
0.10106821989577032,0.10919474727273737,0.43522768576386917,0.44896632928034086,2,0,discount
0.30539762894668626,0.0063619723338859124,0.12393538671306338,0.5239712143629992,20,1,hold_price
0.1334858853343583,0.7439554407717219,0.07611443845210905,0.16694772260017468,10,0,hold_price
0.35554354741172167,0.9813953859016705,0.6320074831513376,0.04246574211312097,7,0,bonus
0.08202597014655216,0.9928177527535682,0.08907601455292677,0.26536931531685837,19,1,counter_offer
0.4891525665265955,0.7841972543429255,0.23312514938690956,0.35075476249264737,11,0,discount
0.3580371403636153,0.16218377829604358,0.22007730285305077,0.44374835237362614,7,0,hold_price
0.1317783055153668,0.9777094559131215,0.3680440414111016,0.45364301241100125,9,0,counter_offer
0.05634259045783511,0.3278134430019509,0.2244356849712133,0.518170334717104,22,0,counter_offer
0.20050830149234844,0.33361960949254366,0.17395856293480894,0.018698558075656544,7,0,discount
0.11876596882349334,0.6873369528924389,0.6556477746527706,0.5885988362038698,22,0,counter_offer
0.14828509990379568,0.049049187074451384,0.09421806296562292,0.5800894018865638,14,0,counter_offer
0.4427376162970503,0.8257697299075593,0.2338093784988172,0.021328235664876516,1,0,discount
0.3214420970228823,0.997297276487744,0.44432835614074384,0.18797731956598632,2,0,bonus
0.12940594386300477,0.7750697780899174,0.33756950160949784,0.45932557396411633,14,0,counter_offer
0.300496730309352,0.7816764912073332,0.07774105162115658,0.2871062280666787,3,0,hold_price
0.16510129404124696,0.390313670566551,0.3047974846406949,0.002785036532196994,3,0,discount
0.48929038896114013,0.06592138901565692,0.41106422049979396,0.2128294729291501,11,0,hold_price
0.06474075361866287,0.7926674342344233,0.18753592936755684,0.3473633664024163,10,0,discount
0.3795432899755168,0.5971580869048005,0.08314564254456139,0.527748074484495,22,0,hold_price
0.39784866178614225,0.9093386891220844,0.39735942104975713,0.49755090955511794,21,1,discount
0.08022324378096513,0.11596290016683253,0.10492862847951918,0.567791645239206,22,0,counter_offer
0.1273412139041082,0.3051230630941083,0.4255726053925356,0.28075691129531555,1,0,counter_offer
0.22293799659678093,0.36065615372338644,0.504023460520846,0.4789642834088446,19,1,hold_price
0.44066967193808054,0.6832797085446914,0.12572661424922404,0.06044135577304337,22,0,discount
0.29164997228832473,0.787745163103155,0.04245372150765571,0.3110747226934026,14,0,hold_price
0.34488808250328074,0.9610204085844203,0.49022175005741586,0.5499484585067677,23,0,hold_price
0.4023557759555792,0.29540715832415443,0.0307576903805373,0.5033085649888477,19,1,hold_price
0.422655254751884,0.4936364085642473,0.2003768732330928,0.3933659096274389,16,0,hold_price
0.2643280443876565,0.02896093008129841,0.019859697664558515,0.08952199300350296,9,0,hold_price
0.2789569124480666,0.2529878781088879,0.11743659547131213,0.10924875591782421,8,0,hold_price
0.37310263568950075,0.37400350811964034,0.06888789053912231,0.4071913685712035,9,0,hold_price
0.1685040614310319,0.5938062065254482,0.5696579703044652,0.19534069189260053,6,0,hold_price
0.43452038136448595,0.47084549359917405,0.17686352206626893,0.19766876842331443,13,0,discount
0.059354071014128706,0.36447505977699735,0.21149919341431297,0.5085736718795285,10,0,counter_offer
0.1380972209943761,0.6240779665293416,0.2517538848761344,0.012280279611028844,7,0,discount
0.41008997436642647,0.8286156771170003,0.5951554443856737,0.23551072380959942,4,0,bonus
0.2031161953517025,0.24168113298478922,0.016002586344346707,0.1429322937605582,12,0,hold_price
0.11742477471153769,0.3428758792604123,0.2928719543845923,0.016260166184842495,0,0,discount
0.1340396400701315,0.7049236496870199,0.31585767318550817,0.12994387844504532,8,0,discount
0.2888403808712313,0.7779405987585303,0.41945515638246605,0.11054849668730655,1,0,bonus
0.4307816882052445,0.8253968717346473,0.295203506226983,0.3026845468274918,8,0,discount
0.08179282209699977,0.20933121889702866,0.07129731228878378,0.2611150382757163,15,0,counter_offer
0.06371640910609223,0.5392669612444156,0.36305132403166074,0.28301971531693615,15,0,counter_offer
0.2593256611265794,0.9000110985252844,0.15912279286427425,0.526746775153028,0,0,counter_offer
0.4802843367741356,0.39195045509149173,0.02384783649807373,0.296657023012717,16,0,hold_price
0.17555441153635687,0.4298830902215557,0.21987584781700703,0.38340282270669296,7,0,counter_offer
0.48162674258017174,0.9848229439006858,0.47117358789417024,0.3884899697638589,11,0,bonus
0.4494565294655006,0.11305264603250542,0.12163416064786282,0.3101246374222003,16,0,hold_price
0.17741078437438002,0.705601989461636,0.5349394215255849,0.18286456906002682,0,0,hold_price
0.41762662891526603,0.8501841270408919,0.5752553394436312,0.5418951600619036,4,0,hold_price
0.35864028615596844,0.1507935166340174,0.49174798167427086,0.2629053118470038,3,0,hold_price
0.28032007500714073,0.7144532360072374,0.42128948186529036,0.34267678968968457,7,0,hold_price
0.24031226436929365,0.46973822201044224,0.5914469110569381,0.33548659482235815,0,0,hold_price
0.4169762401664555,0.8528908846746432,0.5191519739528412,0.4965828250492297,0,0,hold_price
0.40688574471275957,0.9074523168359061,0.25465889058235325,0.32077250098602456,12,0,discount
0.39062135117415164,0.8724849031545734,0.6399621208344403,0.2741417296151952,2,0,bonus
0.49921517804688315,0.06438513757901276,0.5186410540211945,0.2760366149663528,10,0,discount
0.26533060742362274,0.7568552768149742,0.7080583372752068,0.4679691564981816,5,0,hold_price
0.4131153400189621,0.9215275749858294,0.26144110329277526,0.19798506484698877,23,0,discount
0.4381152651425653,0.621348440670931,0.40138992555753805,0.5609106842358952,3,0,hold_price
0.14522116165415777,0.6008760604784902,0.24876850603504594,0.5079623745406571,11,0,counter_offer
0.06892989892387745,0.045005387398110996,0.16998262577662787,0.0830085595800065,11,0,hold_price
0.23213678098486085,0.8560330222059385,0.32550810521739254,0.190343412596092,17,0,discount
0.43553150799654916,0.04640356082916153,0.23688982600634798,0.5433719195307545,3,0,hold_price
0.18009647653752964,0.31350960638467396,0.03983770822488291,0.1670228095809115,23,0,discount
0.3650045693303408,0.9258630652872155,0.2928848276823059,0.19059495315719457,7,0,discount
0.05330666257891821,0.9497451427295122,0.12943878849162932,0.13047359121531946,0,0,counter_offer
0.20991399454410697,0.9919005404759226,0.2829200563704898,0.03263643201829558,17,0,hold_price
0.326982512641168,0.4764022856128862,0.3135916154072683,0.28707367655379806,13,0,hold_price
0.1083907355325516,0.17742954638101083,0.30679777636461814,0.4529118094833507,15,0,counter_offer
0.45347311046634525,0.48794448682908387,0.14267824688731404,0.39599844527456063,21,1,hold_price
0.12032328970268566,0.10231292508304923,0.21759769048184957,0.016574983314437408,9,0,hold_price
0.4594070952517976,0.8725361089699698,0.5408691960222483,0.3140297438190522,21,1,discount
0.1473751889073386,0.5605372332665048,0.24212268445525553,0.1981734817167408,22,0,hold_price
0.49742540326212836,0.4045058991667553,0.37114151536762546,0.3850732114916951,13,0,hold_price
0.3221369209830159,0.0795307024808044,0.11042127947853154,0.24309589454685168,18,1,hold_price
0.08795520249724008,0.40524067681663045,0.23685857527298965,0.5883180511797744,0,0,counter_offer
0.07937475551539694,0.8661916083901089,0.018400900264441928,0.4970700998014409,14,0,counter_offer
0.08371476331676095,0.7034059324772127,0.5572413440996254,0.4202225475929912,1,0,counter_offer
0.3154517362809283,0.08245551751096658,0.2905688583280447,0.30940023679194834,10,0,hold_price
0.41431064104732335,0.15990719972617584,0.639671329788889,0.3546677268427356,17,0,discount
0.2313332337967276,0.3923084907075046,0.4029558357000958,0.2652813229954202,1,0,hold_price
0.2501760916768378,0.10137508268591866,0.10167586075216298,0.4767943025097286,9,0,counter_offer
0.3151794666490826,0.934041191993271,0.6066289795421034,0.5449404823121375,9,0,hold_price
0.2898682721538601,0.6522920446308759,0.057066556306235416,0.5994570680544417,5,0,bonus
0.3596277798955716,0.09482300130394505,0.34266455216638386,0.35929817906282596,13,0,bonus
0.26230357407336197,0.7880574623804607,0.3134794779575951,0.4091312578415584,19,1,hold_price
0.3712373082788304,0.3684059285719429,0.25913149539883157,0.23991750728997382,23,0,hold_price
0.4987898341459853,0.24487064455322083,0.12074041300648224,0.005083918348076377,21,1,bonus
0.20763402901194422,0.5699849419396911,0.7139000273212813,0.4219420615440435,22,0,counter_offer
0.05549695831190787,0.013372133120541307,0.5529251291676838,0.5604212610403162,4,0,counter_offer
0.10653127049824465,0.465397660104255,0.4046105186345349,0.5157747307594681,2,0,counter_offer
0.29908138324412925,0.8438049930951695,0.5409716134436813,0.5271724638534946,4,0,hold_price
0.20491600421509343,0.9280575959855684,0.21696703966265884,0.24127556704410197,23,0,hold_price
0.4729921671672466,0.34255470441643976,0.23860988832408864,0.4281309182353502,5,0,hold_price
0.3323507405483223,0.6424365881650443,0.15436084702424516,0.3830579875987479,18,1,hold_price
0.28415983368446057,0.22682343836883356,0.56254424523699,0.32456088363957347,9,0,counter_offer
0.4091177755724084,0.5602130709847091,0.4565787866374453,0.0909718934800414,16,0,bonus
0.16636544197209283,0.254027726153189,0.6966558811941994,0.3452652344062043,18,1,counter_offer
0.41888234312706185,0.5713565086274529,0.324378483703746,0.1791545534547932,21,1,hold_price
0.051377497188841825,0.17172211729323095,0.2398559621675457,0.4221535018874652,2,0,counter_offer
0.32885481296107294,0.9412325567607434,0.15589883137528793,0.5669114567836302,7,0,hold_price
0.47064071797060053,0.8869174764072917,0.5467961977321503,0.4365946815625275,2,0,bonus
0.4045369784152415,0.33691824944883986,0.06409412567467619,0.15571734868268752,9,0,hold_price
0.4341353864663117,0.7766628889249426,0.5404782271509937,0.2791487043241727,8,0,discount
0.22862961282717525,0.09550413073219455,0.20748902507902311,0.3389194290691966,20,1,hold_price
0.4209075257450568,0.7403609087054239,0.3121924572103622,0.43569169856043255,16,0,hold_price
0.29787424926362,0.28245912961270414,0.2325822401270996,0.08870850637409892,2,0,discount
0.3283431064264395,0.1356417686758623,0.2940968573093096,0.3153555144491958,10,0,hold_price
0.07651190270111158,0.6781912179036137,0.47971234335551793,0.5160818928348306,17,0,counter_offer
0.14069826372847646,0.46980681781938927,0.02127168448177969,0.016552831200405158,17,0,discount
0.2979339869810987,0.5301396017304439,0.25116407528603946,0.43654821967665747,19,1,hold_price
0.07646047602057394,0.5205297841379208,0.09861988089590085,0.5282618978187356,5,0,counter_offer
0.38365106296447093,0.05944798210601954,0.10290048127579639,0.47745822391109183,21,1,hold_price
0.4280256538348557,0.05138024909267702,0.37456123526596374,0.5591034714214008,21,1,hold_price
0.4641630625826622,0.6011675039480969,0.2197769096074581,0.46962629279089063,5,0,hold_price
0.09579580663091267,0.6238646423554166,0.05861864751301526,0.3108139003405154,15,0,bonus
0.47287411161026005,0.047174556515114596,0.09667446752174416,0.2861605722474494,16,0,hold_price
0.08042900343318275,0.37843933188781775,0.26257443965181926,0.019103808102351683,21,1,hold_price
0.2633252971675169,0.6128512795604274,0.06354888202311383,0.011159620248395808,2,0,discount
0.4281129592825153,0.6566806557530763,0.4401832434551227,0.3836813311048988,5,0,discount
0.08164001235400492,0.8282757592765515,0.6955077052768504,0.16524150867776935,20,1,counter_offer
0.058203982845042634,0.42073228359688086,0.11878826276529263,0.18425721765704012,0,0,counter_offer
0.06122647341799281,0.5482577811469688,0.1363852159885309,0.48423939434009705,11,0,counter_offer
0.2800716077462151,0.5785603756088172,0.23191882251087395,0.06676283348658886,7,0,discount
0.4152185350684983,0.312045283300319,0.09617373991784747,0.17030077695127913,14,0,hold_price
0.10734200198266984,0.0538254024416116,0.09655848760777178,0.41102314417486424,11,0,counter_offer
0.1060746143357933,0.0042259262051046464,0.0774575940295994,0.01833973567014684,20,1,hold_price
0.3058460847724062,0.8361254161185249,0.11391826131191735,0.3118735303517174,1,0,hold_price
0.15543302036536566,0.20023182252238636,0.45273388782033397,0.0512765533668426,12,0,hold_price
0.37859618081519325,0.6302546641591356,0.32014584129028534,0.4569940690908515,12,0,hold_price
0.47733592467953745,0.5770474786439196,0.4484497659516536,0.38074946739925725,12,0,hold_price
0.3947150329701859,0.39963307674051896,0.25025431369590745,0.3651311678638371,1,0,hold_price
0.4447289148705124,0.8334933087006338,0.25374930960059777,0.13277103340837057,11,0,bonus
0.2838137259072516,0.698401595693379,0.2136985494568684,0.4348192199204946,21,1,hold_price
0.42454368689788996,0.022741463439172938,0.24583975090978033,0.18100749277820385,14,0,hold_price
0.13230643279400706,0.7766940733566847,0.2569301427095435,0.3424888720874658,2,0,counter_offer
0.08075655067803234,0.5069988180017623,0.44563517135885206,0.05521784855245699,17,0,discount
0.34517889955610864,0.34701928908284685,0.170605453470846,0.057651911290843766,22,0,discount
0.07337862669112517,0.7268846565116779,0.22581024056398494,0.11639413806790024,19,1,bonus
0.4516166386128562,0.6860656296462694,0.22634074264808424,0.12960303682040644,2,0,discount
0.36119936619833837,0.31058823786894907,0.4150169313393449,0.07585945406200223,0,0,discount
0.4784903264340104,0.9830388714978814,0.49803737354307653,0.07094906882464735,4,0,bonus
0.19124899534095607,0.6487084867117533,0.2725598024271557,0.5274186017438165,8,0,counter_offer
0.26877123914072937,0.6057797124538936,0.4969449097986036,0.3327800384484504,22,0,hold_price
0.38376066427030353,0.06988036348177207,0.33981775485412535,0.3733062152339604,10,0,hold_price
0.15925054345736925,0.27931878034473745,0.11859220065201706,0.1726930587063449,23,0,hold_price
0.2938319690502501,0.44697400232644147,0.21764316758677868,0.03329242159676684,2,0,discount
0.34676027375246515,0.6306257043096763,0.38170075736642595,0.5809642403134297,18,1,hold_price
0.49046389450116856,0.5127636307303778,0.09744327192748539,0.03241688491296937,18,1,counter_offer
0.38511648240907315,0.7630329334713912,0.3155409647108534,0.4935759242703962,23,0,hold_price
0.1031588826255833,0.2625677124679019,0.2638458810035064,0.3990518590262174,12,0,counter_offer
0.26390005312248965,0.7021569952824843,0.4617297781426192,0.24451260867664515,14,0,discount
0.31494685234530745,0.8165970468911625,0.08841155337315074,0.4479583823087062,0,0,hold_price
0.11598041428895874,0.7650499755829533,0.12589015628710665,0.4588394291127817,21,1,counter_offer
0.24438472564148528,0.7708465845880335,0.30431127690415194,0.5269750586104649,15,0,counter_offer
0.17780261735112035,0.8885070572621654,0.4710855820598141,0.3269551870460991,16,0,counter_offer
0.1034723940179117,0.0841785424804895,0.33937256111018765,0.12822432728939248,8,0,hold_price
0.28041887005855454,0.697191571374103,0.47344353568369224,0.34354727025589854,1,0,hold_price
0.12453488645555544,0.968678201116461,0.46915238485398786,0.05958905309943194,17,0,bonus
0.3157418338635755,0.5736506498745382,0.6620987672491928,0.2257373932665111,17,0,bonus
0.12636361950883945,0.2173163119843926,0.13207603359146639,0.36621992562065153,4,0,counter_offer
0.3756177156212695,0.9987538057742129,0.3977771181119295,0.15113227439803592,19,1,discount
0.1378587303633517,0.17467729282147892,0.3696073705515182,0.5190496493168807,0,0,counter_offer
0.4533282953492673,0.3355576973748593,0.24439325769416298,0.5856311072009376,15,0,hold_price
0.06179421044696398,0.1720621884171678,0.1273187009334615,0.04554604212817317,2,0,hold_price
0.2848988241705812,0.46451286875006825,0.5827028563967982,0.12353560573449804,18,1,discount
0.19404714464894612,0.4188760096109583,0.10309891651778504,0.2838069621878699,10,0,hold_price
0.15128443659856589,0.4912408965105728,0.36706901501559125,0.022764855575152575,7,0,discount
0.2622212506243166,0.9279834000554296,0.10698469520210464,0.05575645910326403,17,0,discount
0.4289087913459173,0.4783243858342251,0.12827959524462032,0.5403840741659562,19,1,hold_price
0.4618747424869919,0.5146263262136441,0.25259529746927756,0.027317906700862957,14,0,discount
0.1864618781665306,0.8866821059184681,0.46833700728438166,0.14849055159960128,17,0,bonus
0.11940962994278206,0.8177579940148323,0.4446216074634169,0.25417962408332245,0,0,counter_offer
0.37406320140483823,0.23972203122544422,0.03705850232953606,0.012275530095746645,19,1,hold_price
0.31189942645519475,0.012925955228850206,0.5015970798753043,0.48635628036113837,14,0,hold_price
0.14045726690490196,0.6294995922020511,0.4276047255412193,0.49800466085946793,3,0,counter_offer
0.3921331046393465,0.84484982383752,0.1905184236471704,0.23680214420835177,11,0,discount
0.2835186958589635,0.5528501126104001,0.2465868469215686,0.12107037196255574,15,0,discount
0.3440278397783334,0.21117692001284516,0.16798776853792377,0.5354148217422392,19,1,hold_price
0.21170256528352493,0.7413550906753068,0.4563174334604956,0.40713365115690925,12,0,counter_offer
0.24759390258606923,0.6695392826112699,0.1494087354567934,0.31431706808125803,6,0,hold_price
0.131153944268724,0.5650325374085529,0.3111940211364606,0.23543868465837037,6,0,hold_price
0.3904321404404034,0.8633361740209837,0.3919462269191114,0.32356610825197074,17,0,discount
0.12065509586830635,0.7842423529390328,0.45172278232150037,0.1497069236023969,20,1,hold_price
0.4002361676379776,0.6679520914227803,0.3199954372596006,0.26976004601296544,15,0,discount
0.4091035346980637,0.6647586690232183,0.7141403381421365,0.411538633431784,19,1,hold_price
0.3859704338248047,0.6622026342982749,0.3539814323047047,0.2468153188938943,14,0,discount
0.058740254626433196,0.525164744916564,0.2420145058323034,0.4109727434798153,11,0,counter_offer
0.1729099456730031,0.463921644643847,0.18605759547109313,0.4432353395131168,9,0,counter_offer
0.2607519842563162,0.7096004594987196,0.2321836700809073,0.45222714868725933,11,0,hold_price
0.3179949704225581,0.6104944814702311,0.45493719599096355,0.34150675623904997,0,0,hold_price
0.46364994471607257,0.4899805623005431,0.10711885112812816,0.11063278783501924,13,0,discount
0.21902268745791603,0.1266613539110416,0.17860682569135553,0.4203358161918675,4,0,counter_offer
0.44376049344827934,0.7019287886531655,0.43167827314541457,0.4915686353210176,21,1,hold_price
0.12354317966157645,0.6459985705779654,0.19253060030346877,0.05657330305780217,20,1,hold_price
0.21707621937888216,0.3422484259735036,0.24383006634412666,0.537579583995578,11,0,counter_offer
0.07352690486959536,0.35632316621507676,0.16069366811082708,0.5647804150917453,14,0,counter_offer
0.38412018097503,0.24672238413525227,0.25665097607308496,0.4009415638746217,0,0,hold_price
0.11779374084481084,0.9619152563650188,0.5819643094024454,0.06663893022570803,13,0,bonus
0.165659007041806,0.8602013628687226,0.543467469343898,0.3922144772466612,20,1,counter_offer
0.39885496348694666,0.5610490294122168,0.09724408201102787,0.21364104518503937,12,0,hold_price
0.2906225228402195,0.40165314655851425,0.3751782815496533,0.18218734046786758,20,1,hold_price
0.056287723738308156,0.7368252636964233,0.36923273492557923,0.02205840628890867,1,0,bonus
0.051005842136328715,0.5277281761259972,0.06909141506235182,0.4349004519619707,23,0,counter_offer
0.2797972842829537,0.975851033915114,0.09431412059794665,0.3400079589341621,8,0,hold_price
0.18722998118713768,0.05512261392215456,0.43240666481095114,0.27047585866049456,0,0,hold_price
0.1311401506978297,0.034285734053475125,0.047747686136533386,0.23321304559056344,14,0,hold_price
0.32611727197224993,0.5686110179733733,0.18375500185272808,0.2471113335545959,14,0,hold_price
0.15279641227284219,0.20327922268890675,0.2894188952262731,0.27185679297050297,3,0,hold_price
0.31649321735822655,0.6043041635501925,0.039181775800282106,0.2864931678006396,8,0,hold_price
0.2206696777638228,0.7814230285471774,0.22180373349058857,0.05860836073002331,22,0,discount
0.13403579795140538,0.13810976118487284,0.2574201840207822,0.22819260308473246,4,0,counter_offer
0.1121471320409369,0.44060822418952794,0.2947422455878405,0.03842201346752387,1,0,discount
0.15658727140727963,0.6886670834493552,0.16080928290203933,0.46555853956268917,19,1,counter_offer
0.06342444860584329,0.8338635706729712,0.15194591847505498,0.31334366764466987,16,0,counter_offer
0.1886571329163208,0.49634409003635727,0.38160961405385907,0.47970911196032273,11,0,counter_offer
0.45587961058180737,0.2061535869060216,0.36357316762532527,0.25759200084843525,7,0,hold_price
0.4241129566473627,0.585799255585633,0.21636660058527432,0.09185902442983136,20,1,hold_price
0.2174016905238465,0.45451706872499953,0.04469675665811473,0.17974532717058816,20,1,hold_price
0.3091251283618117,0.7719254270044859,0.12381631306290983,0.14031639230080042,0,0,discount
0.3053122515563263,0.555576064202948,0.4224003683221476,0.26394236130155313,19,1,hold_price
0.4229318926371705,0.2794228449704308,0.2599495199428517,0.4733465116790747,11,0,hold_price
0.15633054568263455,0.7543929197211882,0.15113140960046179,0.06997983152009891,7,0,discount
0.18337436995685558,0.5177470129619597,0.4198050499862331,0.24006010478676346,8,0,hold_price
0.18580344518552516,0.1775465522783275,0.3347964624997502,0.05507470602795339,11,0,discount
0.06839149539725345,0.5630723231419945,0.2523224481167197,0.2348736101049766,13,0,counter_offer
0.1916095384801365,0.9483200598458729,0.06489886514249277,0.3495134630173351,23,0,counter_offer
0.44506119946460315,0.7055162609377361,0.24992424444791453,0.04138486614662722,0,0,discount
0.46039444140716645,0.2988033614579789,0.1527665276643678,0.03998510145163738,14,0,discount
0.09933590559584768,0.7108731752928581,0.3996956751817846,0.4383060669300894,1,0,counter_offer
0.2561263437282941,0.2826063110021789,0.27977320939728145,0.24449865502786977,0,0,hold_price
0.2216070057144376,0.5426888375412618,0.38115490699610255,0.21082936137840275,7,0,hold_price
0.27021163848052454,0.5265957637875528,0.8251276968497849,0.4117918392376197,18,1,hold_price
0.29962378582640475,0.24739087891180367,0.25505337712807463,0.05085801039590072,8,0,discount
0.059116442007985735,0.347881199879818,0.14494001862791236,0.5158289784239615,8,0,counter_offer
0.4290090115645223,0.9421814547860456,0.19863497576711622,0.46525560645468095,21,1,hold_price
0.4881488329280023,0.2505985364154336,0.5981597109655925,0.2337868577057931,6,0,discount
0.34403216540163906,0.8010270436309859,0.241482314266651,0.281224463798979,18,1,hold_price
0.34720350732201616,0.66737058001214,0.2092643807458335,0.2386293312637866,19,1,hold_price
0.2875909360238188,0.5326291325257645,0.32278446423691853,0.4711381278639015,15,0,counter_offer
0.20042303527147182,0.13751486946516345,0.11199817847411864,0.01739636326927052,23,0,hold_price
0.1170400208807845,0.2045707527063778,0.15230075520580025,0.4028331906631127,23,0,counter_offer
0.3128285042132228,0.17897762359040392,0.19815605463266203,0.18152865159559092,1,0,hold_price
0.07022363157914319,0.5867942589737524,0.37647677992000084,0.46772827309952836,4,0,counter_offer
0.42102615546134325,0.9733831967184781,0.26894131408718497,0.5903453023001224,9,0,hold_price
0.23941026476177696,0.8772392627749948,0.128172665436283,0.16738694017027522,15,0,discount
0.2366394008728887,0.025251882929577252,0.8238719408212056,0.267511043970444,6,0,hold_price
0.19722688631415758,0.2737266244623465,0.3172789222847926,0.3285544859998494,15,0,hold_price
0.4862092499143639,0.15725745893702214,0.26421951435485097,0.33062944485087337,21,1,hold_price
0.1287126287468235,0.9756778418979017,0.48882059181516296,0.09394240068883004,0,0,bonus
0.11808851966384502,0.23561023459781505,0.19402650816807945,0.3499476993141373,20,1,counter_offer
0.12448917569526358,0.20131318503879392,0.29093534564819395,0.434347508087364,11,0,counter_offer
0.3463373672828438,0.6208752935822592,0.10867882337906157,0.5664170904086555,21,1,hold_price
0.49635289342831923,0.5561865835747865,0.211746827614421,0.43522806856986435,16,0,discount
0.15596382668078962,0.22585148378123487,0.18876107070544765,0.36198416880837825,1,0,counter_offer
0.4575278286803695,0.6703648645372422,0.3514821711432386,0.13995046341189268,21,1,discount
0.17537745164367757,0.09700721129468914,0.3746335171296799,0.05875209552117517,1,0,discount
0.3415549640563851,0.019369066030892168,0.35999977082315315,0.38060077880436405,6,0,hold_price
0.06822452837001548,0.08241479070634683,0.1448641166296714,0.37510963489699006,13,0,counter_offer
0.27304428855928503,0.3648682259757726,0.10250597870059484,0.5036153084786364,21,1,counter_offer
0.3445564848255418,0.9750163278748174,0.2503246264162492,0.26766124693273136,4,0,discount
0.2913438997501829,0.5472469988093639,0.12356148606480058,0.10322603850976797,12,0,discount
0.15702592319680603,0.7547261030154672,0.08954544560412807,0.13483605416032626,2,0,hold_price
0.422823626720562,0.32149575223155935,0.2720568213494351,0.28583934266827404,8,0,hold_price
0.48656143005720814,0.7193390654833292,0.37034353987427815,0.18723159897119415,6,0,bonus
0.2566382430614294,0.9661811981223575,0.3346277123700205,0.10816028118068301,10,0,discount
0.3361636693351642,0.35776089028205327,0.35877431404625276,0.06471076321328884,17,0,discount
0.40568597075550766,0.999059434735025,0.5462172894982639,0.24741055250367372,17,0,bonus
0.1586700772798073,0.6384099510316661,0.14551700875041546,0.2025109753234598,16,0,hold_price
0.43900267186795344,0.7485914124647238,0.5468171987496041,0.5791652820418944,0,0,hold_price
0.17609040738949888,0.25216723884814995,0.05581487160821029,0.5138476531415876,18,1,counter_offer
0.3991238615818575,0.6430907691772416,0.47778093063805666,0.11009484494703982,15,0,bonus
0.10044465459188992,0.5110062514623874,0.6471218307987852,0.4520120071875083,1,0,counter_offer
0.17977401653637637,0.956402645477436,0.2859181239704525,0.28811870116491783,22,0,hold_price
0.2901289702729405,0.9046750477895155,0.15972412586461754,0.5556591836993372,18,1,counter_offer
0.28621494306694184,0.3966725989250772,0.1826404940922481,0.36492312247546843,16,0,hold_price
0.4326940330188648,0.9468697515382334,0.3305983519213385,0.12239605670958564,11,0,discount
0.49825726593737324,0.8848125527500097,0.4570204023501107,0.11758096408081488,19,1,bonus
0.09824488063706328,0.5903838503691392,0.2759689021944303,0.5803795080175921,7,0,counter_offer
0.17212465977126667,0.08211790878954028,0.4464085218169952,0.5509658640977668,17,0,counter_offer
0.2109191946003841,0.16079024065953773,0.43630845908915183,0.28971551545505647,14,0,hold_price
0.26551328351450226,0.07687424467380022,0.09686233726492952,0.3383642262386778,14,0,hold_price
0.2722593844194796,0.10799311464906103,0.17064580805984672,0.3282587093045245,19,1,bonus
0.4352877784167875,0.9769523743930777,0.09381454055459831,0.4580862361640506,4,0,hold_price
0.3967516862532949,0.2121672992161523,0.7113177940586506,0.28469155453294254,2,0,discount
0.058483210567078996,0.690854582340663,0.5979404318030561,0.0735780901541335,13,0,hold_price
0.25475979226243456,0.6365282576827697,0.16304488365044112,0.19457006110793298,19,1,hold_price
0.32813322720983995,0.6311448648530038,0.5218732587848648,0.34096562354866816,6,0,hold_price
0.25717801419186054,0.2067039995960298,0.4219979560564442,0.21064463309627954,13,0,hold_price
0.10879036521156604,0.5793465943846096,0.05541679131374912,0.48812908522338727,22,0,counter_offer
0.2288633376607917,0.6255383495849516,0.4369610823149444,0.5687430018712648,14,0,counter_offer
0.23524506280838126,0.5704053166451111,0.10095799679469004,0.14519886109717553,1,0,hold_price
0.13447216510239146,0.18616246727567864,0.2518291496059143,0.5334876594798292,21,1,counter_offer
0.39033820151192905,0.7230605970747089,0.13443096907513913,0.4294241016592116,23,0,hold_price
0.19463030606411458,0.07324316191651103,0.13376974177705286,0.3521732997179099,17,0,counter_offer
0.3150442807558773,0.5912000118196219,0.27286556302919157,0.0782343672075557,14,0,discount
0.28207858143144543,0.4362593324013133,0.27029699236184845,0.246570127145749,14,0,hold_price
0.44484218564737493,0.25028659313307366,0.311431404051397,0.5972115029259778,14,0,hold_price
0.1049067193382772,0.8073889890261388,0.4967977495261366,0.3890108438853806,8,0,counter_offer
0.10141835371405707,0.1758925666721839,0.22672692947674264,0.35501004021933985,15,0,counter_offer
0.18514385110535708,0.932981759897951,0.4132972424397136,0.02137033501773786,12,0,bonus
0.24404673565662577,0.884565028321187,0.05499210457639672,0.1925330001572955,19,1,hold_price
0.18434401193846278,0.36058754716208297,0.46212361500655347,0.2928934740118158,20,1,bonus
0.3934341870778597,0.3051529308585933,0.6099290954239706,0.3849988992054419,17,0,discount
0.16036962939918487,0.13748668341890213,0.48081379054604684,0.5142695630249942,23,0,counter_offer
0.08814863424751013,0.9163278159339558,0.6485979355807754,0.2748410953918417,10,0,counter_offer
0.23620991444786643,0.627531858823272,0.34310322884306865,0.16467207459381444,18,1,hold_price
0.3980206796623178,0.031783582143403155,0.16954752765898495,0.1687692705828974,8,0,hold_price
0.4327528746140336,0.5109994145616105,0.4772276659452461,0.08268654981362063,18,1,discount
0.38000518176350784,0.0857989478293869,0.04372070327785738,0.087323277625889,6,0,discount
0.3010490053248848,0.5737506849528418,0.17033846724265436,0.18319121442423172,16,0,discount
0.3758862657871295,0.5089617183208125,0.0961599957329281,0.4599507414480336,0,0,hold_price
0.3566252908867376,0.08284604550272201,0.13961409371378966,0.24793238470584805,18,1,hold_price
0.15546498462277739,0.8158605931167728,0.3908101439857895,0.515740089052995,6,0,counter_offer
0.2978415014914372,0.26231717716627767,0.19044623215867992,0.5694918974832985,5,0,counter_offer
0.3967741996872944,0.541484364166699,0.23685209404862045,0.045252089479123465,8,0,discount
0.1927042978438122,0.6390388766305344,0.24363121187915013,0.42649372498063215,10,0,counter_offer
0.34428791602261916,0.9623045335751665,0.09545169444819121,0.051159532055960445,3,0,discount
0.26666619238345934,0.49381169287984594,0.3515658705498483,0.043036896661507604,13,0,discount
0.27642148292525903,0.9173157722879235,0.2151240185549425,0.16546155093223486,2,0,discount
0.09052476700197187,0.35485734134769886,0.4580268226444271,0.060961534959629214,13,0,discount
0.3497977243874209,0.8574372016499949,0.29258092650247886,0.39778309484800306,8,0,hold_price
0.43955916590953403,0.23582622695141675,0.24365425281528533,0.4296717383936403,14,0,hold_price
0.11364407961163826,0.7074797624354178,0.24287032793243507,0.3835585633535531,3,0,counter_offer
0.2147475479974022,0.08861199375499651,0.4972929608195335,0.34521412066278145,23,0,hold_price
0.07190035467837576,0.9860503566836593,0.46829419205284273,0.46874346197492,0,0,counter_offer
0.063334348689376,0.953936399862368,0.4658116656119021,0.4635470455130791,20,1,counter_offer
0.4953463235022847,0.4422136385173777,0.11223961592353653,0.5221536145310272,8,0,hold_price
0.2720621787378731,0.5239352179902536,0.537234857450577,0.4159174817601852,19,1,hold_price
0.20998355838586086,0.5977748623180221,0.04830808978339495,0.21352461838239697,14,0,hold_price
0.17369468448125852,0.27503755968967003,0.2255886980955028,0.3148083239742735,19,1,counter_offer
0.4910056902252316,0.6744714352051626,0.18341843249225234,0.2943600141102503,13,0,discount
0.16351285348475766,0.698561946604516,0.12718186102419732,0.06472011338562908,19,1,hold_price
0.37656877808198447,0.5250764923252756,0.3515779417257287,0.4870458557710438,15,0,hold_price
0.1776911431126702,0.1477406924852177,0.15877015003309672,0.5477123134975724,16,0,counter_offer
0.0817202774106136,0.9191859438916,0.3114355711645925,0.5906453344428931,13,0,counter_offer
0.35747447653307357,0.11504508234561528,0.2545442327633352,0.14878059611449995,6,0,hold_price
0.050733881433439196,0.6291721687105114,0.21301448167249068,0.05738411682292383,20,1,hold_price
0.3540868302022563,0.10308859660975511,0.282291633236534,0.06662511104283488,20,1,hold_price
0.16266946954542041,0.1461007091329226,0.343339431008043,0.48257818400344377,17,0,counter_offer
0.3857469044321756,0.020538314028828997,0.48297095825907815,0.379045010974342,6,0,hold_price
0.39638757530779223,0.36336408385675956,0.05806549407488015,0.45367208648693824,9,0,hold_price
0.3758482574678921,0.6395825644220379,0.04749934587463517,0.543117842093209,17,0,hold_price
0.06101754866042468,0.521544219732872,0.13198650415208216,0.13576155533642095,4,0,counter_offer
0.3666814788396958,0.6745391512484857,0.22635316479823686,0.21845118808479352,2,0,discount
0.49556552632509343,0.6750188608709529,0.1782139766908382,0.4754226581666964,9,0,hold_price
0.1591814158365303,0.14017374399423865,0.2266615346233304,0.15563513800314024,13,0,hold_price
0.17340735750140235,0.05733740342171556,0.5736445814491997,0.30362451413896907,21,1,hold_price
0.4160869473112428,0.6253581404346699,0.02426788828712243,0.26607040399361415,7,0,hold_price
0.12217856227523625,0.6532243049752426,0.12936221987627444,0.3571830964562396,5,0,counter_offer
0.3472626539770482,0.5567037351417045,0.2583277650049145,0.5929217217717179,16,0,hold_price
0.3897618698752603,0.24576246632407073,0.04451965153754423,0.0622290038701059,21,1,hold_price
0.06672229781871074,0.8107652169822539,0.5615215008700257,0.2907854301046941,20,1,counter_offer
0.2991929424193518,0.07568601549625709,0.8230468017353326,0.5753920873109368,15,0,counter_offer
0.3091447663411473,0.6323117893213593,0.0758535772646857,0.20872612657680792,0,0,hold_price
0.1865493038263074,0.12041153587937214,0.12994245517132455,0.44435838655102805,15,0,counter_offer
0.4443551012288827,0.6544477164332296,0.2799334616258576,0.5575622548524354,2,0,hold_price
0.12323737368493537,0.41772578782349645,0.40075147346032286,0.14436445398758763,18,1,hold_price
0.21388761927763722,0.7181030554376714,0.216242095852034,0.0488281523373087,22,0,discount
0.4319009092162982,0.05219220247693468,0.5355514206155595,0.04541581722877841,14,0,bonus
0.13578924047269664,0.555082988480368,0.5525214539371159,0.04379617452130056,5,0,bonus
0.4196183613474537,0.14487789888007963,0.349805140244686,0.21031251166438608,7,0,hold_price
0.08558112981558008,0.6823816316104737,0.3409685902973324,0.0757287782916946,17,0,discount
0.2701530802354955,0.11995563131168241,0.13125882947241285,0.24301549983052234,18,1,hold_price
0.08389879810056654,0.07358332295192582,0.17385696377711526,0.4524765466465262,19,1,bonus
0.3550566132776814,0.7131227981836126,0.21350150539269813,0.17893571847779569,2,0,discount
0.4057706700750201,0.06353193456828232,0.14749777687232554,0.2876509091518682,17,0,hold_price
0.4324363467110613,0.22453081793151608,0.3956516881674184,0.07642127814619006,23,0,discount
0.49156801283479495,0.8247351971256721,0.18370978359392118,0.41897382716476506,0,0,bonus
0.35240707503481405,0.8096883078082263,0.08686651774743999,0.19060487174603172,10,0,discount
0.39607786122800914,0.854125757780776,0.15344559674074384,0.08113545919681832,17,0,discount
0.2775912252445982,0.3260998895887137,0.29386033914559173,0.5728023341090535,12,0,counter_offer
0.46073160553150677,0.5280480287502093,0.625967744446482,0.4617734711471035,23,0,hold_price
0.3396912719897582,0.773347352606152,0.5118866408475912,0.3913966218863864,16,0,hold_price
0.44759813281310457,0.13698551501108047,0.4826054039789409,0.43379978620615717,8,0,hold_price
0.15595340765624638,0.7243908792157182,0.183040574674789,0.25529539211938196,14,0,hold_price
0.27353200132312894,0.09748634939465461,0.2011402415424654,0.1789986594392801,17,0,hold_price
0.3784185144787118,0.9132506086268677,0.13040531289945576,0.2999919968140877,18,1,hold_price
0.14122478955320747,0.6373101825116259,0.38004301402429974,0.4951548100697034,6,0,counter_offer
0.14510290696789024,0.49330531268975586,0.08546222806075753,0.5782756124578318,21,1,counter_offer
0.49011923318253686,0.4847292546671642,0.22434837705639685,0.3631687825557737,23,0,hold_price
0.24557466233174274,0.1813620478449104,0.09999822871951913,0.22581577854042173,5,0,hold_price
0.13181695381569725,0.3459173724546537,0.3265426293734681,0.4309235948612201,5,0,counter_offer
0.19915874689167773,0.7271236653171491,0.4708741538725443,0.4182406744836124,9,0,counter_offer
0.22881926671966651,0.5409436208543885,0.1826634170596304,0.14847856326429662,7,0,hold_price
0.33038836586159953,0.5293062041002629,0.055530925641856965,0.26130841579287517,4,0,hold_price
0.4653565965714886,0.1952458945455794,0.4669326057769225,0.08040817054447473,4,0,discount
0.49396553416494093,0.690362311953684,0.2176411999994474,0.241367002799658,17,0,discount
0.34326444151000063,0.3920339010613503,0.25071002928497094,0.4576492829147337,22,0,hold_price
0.36496506235897613,0.18275333843853414,0.21912933400699244,0.18834164616669904,2,0,hold_price
0.19482312636346505,0.9437847515963292,0.3808194460513795,0.37981962556858556,13,0,counter_offer
0.43572136795193706,0.5067987468656051,0.15571880197777696,0.19658980480177055,6,0,discount
0.1480092508491417,0.5280366475123655,0.08956963947204113,0.0882622035231728,5,0,hold_price
0.09787129218993541,0.9813719102148061,0.4629250144603743,0.4448325331416023,13,0,counter_offer
0.48796519554394285,0.3664061371704934,0.07989994395768876,0.35358734622241456,3,0,hold_price
0.43886240456923953,0.9430206845624496,0.16287103707238446,0.4952745976395987,1,0,hold_price
0.18664031054216002,0.69492536113548,0.2619890418175513,0.40737246436502,20,1,counter_offer
0.3538268223714721,0.6330956327447999,0.24353164272139186,0.49031529320438166,10,0,hold_price
0.2601582608359398,0.2344183019424806,0.5635280617837082,0.09296884778070418,1,0,bonus
0.19540769276546188,0.05175567238779011,0.3069416934671102,0.3687502039201321,21,1,counter_offer
0.1790483948421327,0.4377838382851388,0.5453537860294921,0.22042715399668175,15,0,hold_price
0.11121235034940792,0.010170961995725092,0.48137599952383586,0.44790388165906153,17,0,counter_offer
0.29719313702412764,0.07100251077038344,0.39617797224244317,0.3480516270298072,14,0,hold_price
0.2509685105528785,0.595326755694373,0.32442628923619876,0.03250805900868281,11,0,discount
0.28048388913497496,0.7244718330730274,0.10261229873569738,0.3201275857200021,18,1,hold_price
0.14691072536573202,0.16794833192427694,0.030145540999591165,0.44657480039923536,8,0,counter_offer
0.47237480184796143,0.7325004126737739,0.4057022614643968,0.15767303431868146,16,0,bonus
0.3373660383487437,0.9497258265947518,0.1075221195584015,0.39271590410345386,21,1,hold_price
0.45482029582250155,0.7431760807261967,0.4156537794429804,0.5045554619268475,20,1,hold_price
0.09917202471473996,0.7847152195750329,0.3663319413227196,0.039100526246013186,13,0,bonus
0.3302829346352787,0.7007125802683718,0.09071975096261138,0.3468134225982773,0,0,hold_price
0.43225781838987254,0.2247374404547512,0.49003516679432657,0.532560538736921,0,0,hold_price
0.19891435091651,0.36088994215583603,0.15311348185619963,0.0758519337296076,10,0,hold_price
0.13781442611119388,0.9492669627698173,0.03317967239381882,0.1615486049791445,15,0,hold_price
0.16925958761252885,0.6612105789701187,0.23252525645585764,0.3755544236720008,1,0,counter_offer
0.17282017703740954,0.7890247339340722,0.15163316742920982,0.351110334085039,9,0,counter_offer
0.2512395342155908,0.9686946188446773,0.39409614059751963,0.4760376733122682,9,0,counter_offer
0.19668362125069921,0.23143692051266573,0.2861325913614382,0.37743172505535016,11,0,counter_offer
0.1720733327185961,0.3216866673265535,0.020099922196656513,0.34550700918123245,13,0,counter_offer
0.3418305342823121,0.6448016528344996,0.12812099639109106,0.2711108321532147,6,0,hold_price
0.07386456725234801,0.024357473784007322,0.6430198713648195,0.04694956909094825,14,0,discount
0.2031637001628785,0.5712190773337057,0.1692092050083375,0.35465298652368826,10,0,hold_price
0.36038838467321366,0.8086883795144988,0.24911322529131175,0.09397549863028447,22,0,discount
0.12913238717645267,0.6104433738241252,0.05893435637530452,0.5975096945982037,7,0,bonus
0.1494175379958106,0.29539328389611086,0.04115049899225185,0.047100049234030196,22,0,hold_price
0.14029998143581285,0.7241040833360617,0.28959619490207666,0.04542978224572431,23,0,discount
0.050416748029132215,0.14603162467994557,0.14846710471014857,0.47239765923882054,7,0,discount
0.26319548832420775,0.8947734692785168,0.18554797157326128,0.060699153894108626,9,0,discount
0.06753145523725544,0.1009150310404554,0.24409134142834674,0.24304576723942756,16,0,counter_offer
0.17282291529870505,0.8634911337624348,0.14075300482535374,0.5564994167108218,11,0,counter_offer
0.4976615410663872,0.4978094277362325,0.27974709918551555,0.4727294806857808,17,0,hold_price
0.4632782951256349,0.4286470034878018,0.6089597160083813,0.1397053172345661,6,0,discount
0.14678411367035038,0.5006617605754313,0.3055007182459868,0.15061791962532947,22,0,hold_price
0.18950109436126972,0.2002063030929212,0.15336343494149854,0.3553621529335997,16,0,counter_offer
0.25866706202084816,0.4576855795588136,0.047834619788901696,0.29186348341344326,2,0,hold_price
0.4299860959966596,0.8497198158986585,0.4379223649163408,0.07004781669293221,5,0,bonus
0.411190673626891,0.800955242218799,0.022430780393627777,0.095188404120183,14,0,discount
0.10680864645482699,0.16304853449132928,0.0775572133579488,0.4817377990962863,7,0,counter_offer
0.10600198175675846,0.6734209781290618,0.3634391464503766,0.20687445742148197,9,0,counter_offer
0.2375295142523201,0.8568372649654253,0.4614047771874475,0.4794073511263735,15,0,counter_offer
0.44154292532619743,0.8197675886188093,0.22879686180879785,0.11389637697139658,8,0,discount
0.446938249592976,0.4256324432971814,0.3838114239631411,0.3596595171305175,21,1,hold_price
0.09831463235893859,0.04809284034611583,0.1313407985506465,0.30306523682159964,14,0,counter_offer
0.3084337795844982,0.9311694229737492,0.056676306722775724,0.1958312860797682,10,0,discount
0.12005383870630082,0.39588511584806196,0.26445416927143783,0.3651462232273315,6,0,counter_offer
0.35875818950125227,0.36097663725634377,0.5392777640900253,0.07472090561410993,7,0,discount
0.4623949615680079,0.759514944478813,0.26316317332814626,0.513881041722641,0,0,hold_price
0.25464618161401714,0.26397221549202254,0.3850762403348738,0.44603000719102276,2,0,hold_price
0.08738724861142318,0.834747923167292,0.6914495012143635,0.1721839955765563,18,1,counter_offer
0.3106643881525455,0.07605156081931563,0.12224100233422852,0.34809106330873796,18,1,hold_price
0.2338325015611346,0.7407112007162109,0.10294032922440152,0.5413013425860126,2,0,counter_offer
0.4149044385502821,0.9657894904415316,0.25928300646147867,0.2533828744454236,13,0,discount
0.20315500876687448,0.9957687968741735,0.22170802694968247,0.21800496597522148,7,0,hold_price
0.4437037402126652,0.9238043600641663,0.2779221957221513,0.47936827143477523,16,0,hold_price
0.17316518343565318,0.8707624054063094,0.13310753527170183,0.0007116125213211255,14,0,discount
0.12088293614990868,0.2788802244577302,0.0241388460907063,0.4118239416562209,19,1,counter_offer
0.18791616979336095,0.9666483626297641,0.15430876254461595,0.12948363672963994,14,0,discount
0.06571210632023594,0.9278965938143529,0.17968837404718263,0.4165481965677324,4,0,counter_offer
0.1765606850934086,0.5343725070251866,0.5136072851187514,0.26274060269901534,15,0,hold_price
0.34705293524691383,0.4020776543936796,0.22077201093925858,0.012177135030533592,20,1,hold_price
0.11402734035046655,0.10926725355818823,0.6582440471165203,0.5245559104966919,23,0,counter_offer
0.10011423775396458,0.5906340778251248,0.4833190191521874,0.3279238544410042,16,0,counter_offer
0.10957338106445769,0.7005459485221976,0.3251192327258472,0.18816074578444753,9,0,hold_price
0.08489825341765986,0.403996583181529,0.36365826497303916,0.42202778275207914,12,0,counter_offer
0.44358593532932283,0.40602956063053186,0.6311704405739759,0.29756430098093434,3,0,discount
0.4748518019734377,0.5733113907143038,0.11486066851790507,0.020969156995871183,15,0,discount
0.07095251827795383,0.0277840959071618,0.35997239951062127,0.39015384058645036,3,0,counter_offer
0.39203230169459313,0.957865896386749,0.4487715362226404,0.5817189689477472,6,0,discount
0.381718286022739,0.2899057070967094,0.28915655041112076,0.13318765822568152,12,0,discount
0.49860924107451815,0.1408908617688801,0.20933707918931857,0.5177556567355819,11,0,hold_price
0.20654179777448067,0.005488396134590401,0.4270628056961386,0.37259694809381055,9,0,discount
0.17847904626068728,0.8568915413857133,0.3468951290263667,0.04673903159979382,15,0,discount
0.25388695436442227,0.8632073757996691,0.4169200361783915,0.4379849873349207,21,1,hold_price
0.43545882971713573,0.09530660451771011,0.31315942772265054,0.2648940926283934,22,0,bonus
0.37786713914205444,0.152241302888801,0.30603491248318293,0.47624038529780954,12,0,bonus
0.26223071628537625,0.44790223125776796,0.2990348419929376,0.38144733682684656,13,0,hold_price
0.16005327947864295,0.1857041730663156,0.2878877323210704,0.0016707987759248864,10,0,discount
0.377157083570767,0.7358211368367569,0.3338775421252474,0.07577832387764767,21,1,bonus
0.43453709061898826,0.058039745705722345,0.20462634601707766,0.2114637720083157,20,1,hold_price
0.2299780539803709,0.5497093323858661,0.08240980838231854,0.28911259052040755,1,0,hold_price
0.3508634506194429,0.3827915651139041,0.41254990752493265,0.5592763723544706,19,1,hold_price
0.23009540952946916,0.46494648369225156,0.5124752136872974,0.4931833247438196,0,0,counter_offer
0.2653220471636682,0.42475711769560176,0.3089378961523796,0.4809692749589473,17,0,counter_offer
0.2862096709797111,0.15315918253465366,0.15900948960607172,0.3237458370446613,8,0,hold_price
0.39907661631002506,0.22028148530856229,0.3634911151636171,0.05571822310400978,12,0,discount
0.48987769285801896,0.06480769891042659,0.5647235457657753,0.44748450701085435,18,1,hold_price
0.24996477318720456,0.11528557529907124,0.02496110404367095,0.05192899329566385,5,0,hold_price
0.20404175281142267,0.9778948224189149,0.15578885769875833,0.05486862893076474,3,0,discount
0.21811595291257607,0.27978681167725195,0.12698775431057077,0.15305157721693277,13,0,hold_price
0.11025008121883173,0.3070255393395642,0.08219728225931687,0.5535382410583305,20,1,counter_offer
0.18362243201797523,0.12710633043212105,0.39866924270079007,0.4499512710852934,2,0,counter_offer
0.08890133597096281,0.7551642044967515,0.529701129952033,0.045991530731687665,9,0,bonus
0.24255241843066122,0.924142810187282,0.20209509577519463,0.5513462726888244,12,0,discount
0.125310771189972,0.789750537066651,0.07527261739608213,0.47002510806485653,5,0,counter_offer
0.20588303568848393,0.6126158294341718,0.26610737484682684,0.3621856729649432,20,1,hold_price
0.4071099872262228,0.8132329156105762,0.3914248091671345,0.076177216682075,14,0,bonus
0.16066744276511122,0.4042302329328584,0.20345209906568396,0.19207370913080493,12,0,hold_price
0.32535257960393105,0.8594973550806875,0.35833352722410317,0.18040909422783763,3,0,bonus
0.4555316386618758,0.798518849638182,0.24717563503063236,0.3840282841766613,1,0,discount
0.3051181341632961,0.001724644256319019,0.4034921504657093,0.3527217728734045,3,0,hold_price
0.13720667574758572,0.487794134917517,0.4566824827583177,0.166344596266506,0,0,hold_price
0.20514478728467944,0.2646165760792262,0.46882112727385444,0.18665954393540365,12,0,hold_price
0.3156661432328297,0.08623291636769548,0.40963347637065034,0.31106502919348944,20,1,hold_price
0.2779750128919341,0.8461960427477748,0.6187187841257041,0.5072439581604548,18,1,counter_offer
0.11687892632460671,0.007949684301122306,0.25656328517864563,0.07573502114435694,5,0,hold_price
0.251058355110756,0.7301635020553603,0.25521875041730674,0.43544284279673,4,0,hold_price
0.2943800127096118,0.9881921209971861,0.21847422624198076,0.5974045340879728,12,0,counter_offer
0.1702997215059076,0.4820197667062357,0.23824234693127566,0.449839728042714,18,1,counter_offer
0.32560048190293334,0.37124052994143464,0.5710972741248519,0.2649426690793549,18,1,hold_price
0.08157204476834443,0.6058329544747134,0.29542539730626,0.43900474184413374,12,0,counter_offer
0.20147316510448254,0.8046978276476722,0.4320342504723566,0.5164118828459148,6,0,counter_offer
0.4119245747499085,0.24025199377527884,0.1684342677375223,0.4611000598406838,11,0,hold_price
0.16667816040866995,0.2507014291535362,0.43857675154362735,0.007654501174135508,17,0,discount
0.32232958250138516,0.6071780140868468,0.359837426491343,0.07889610903267823,21,1,discount
0.23451337116964038,0.9398798208543053,0.13617067104695693,0.06428556644291065,1,0,discount
0.19240706408686103,0.29843997575876346,0.49550501840417027,0.019095567364588773,18,1,discount
0.4622592595595121,0.3767546632290131,0.1091534605118605,0.4287138008751785,17,0,hold_price
0.2044677731361726,0.9933333014602895,0.1092770803285575,0.16042406706169754,5,0,discount
0.15650415566915826,0.1762221652065158,0.4495157913493155,0.43317396393986224,1,0,counter_offer
0.4591855920381217,0.07696816837530407,0.19468547846414178,0.3996590638076244,7,0,hold_price
0.3856749601711167,0.5897552388806061,0.32238773350592753,0.3141666924610182,6,0,discount
0.35680987116418883,0.024266988421632996,0.10558546201750658,0.03582853414658447,2,0,hold_price
0.07229072393009411,0.1804332312748227,0.11784144432687478,0.18318373361757911,6,0,counter_offer
0.10904223232209911,0.622209180690468,0.2106445240676779,0.0162688495760946,4,0,discount
0.33725298371434825,0.659512400691333,0.12531573924422265,0.5460121447325943,21,1,hold_price
0.1442447764368171,0.5104252496476197,0.14493677481494643,0.1851801696994973,2,0,hold_price
0.1515370935336616,0.3837480462293833,0.30167336102128023,0.05696973196542671,12,0,discount
0.4006123319046248,0.5761975844218483,0.5287699870781422,0.0015108698113040163,7,0,discount
0.1786662269766242,0.6433857530332387,0.2129282685416682,0.3669075991277105,20,1,counter_offer
0.0822142859683622,0.8034820462916507,0.19621174618917372,0.37258142978538505,11,0,counter_offer
0.0663943762894375,0.7927508282098474,0.39635650336061345,0.5969551755862004,13,0,counter_offer
0.2494300942603795,0.6648007655149478,0.2757651616520367,0.17316551254666526,9,0,discount
0.3277078599580907,0.8942325832284657,0.24481130538882237,0.027915117933275436,19,1,discount
0.4409983550263113,0.8380252535954188,0.13821092463029147,0.4676294130606243,16,0,hold_price
0.09986197776468768,0.1332460082179402,0.19505135754548833,0.18274917405168084,13,0,counter_offer
0.13850277182973333,0.9566794413234834,0.3932420802273202,0.1983954243469664,9,0,hold_price
0.288410274908362,0.8917423023179204,0.24843086652669824,0.5446406032991766,10,0,counter_offer
0.21384876300888878,0.3209271795079598,0.10413543392610566,0.3452221661626941,6,0,hold_price
0.2671418530604726,0.020184418607039456,0.4455243753724216,0.2402097890244569,15,0,hold_price
0.46585609204289696,0.6039759467582875,0.2881430742997927,0.5703346247488427,7,0,hold_price
0.29520124423910926,0.43841757686638805,0.14034005639598485,0.15917469687553343,6,0,hold_price
0.2368042747754342,0.7495666625861319,0.19282904158292705,0.01288674711544353,11,0,discount
0.49524795801488514,0.5245997645086226,0.4147154028481341,0.1385251700555151,22,0,counter_offer
0.07934705145479135,0.07649043525094679,0.1318633407008364,0.026475579441578634,10,0,hold_price
0.4694510517670274,0.24468742025477586,0.2498996086719842,0.24464840657940448,21,1,hold_price
0.27574782892946736,0.8825237561265296,0.3779174566383783,0.49863993513620236,12,0,counter_offer
0.2766903519952122,0.0376896957150501,0.27466197167341594,0.5851077441923048,1,0,counter_offer
0.46488395039144415,0.736669669398287,0.26768300043782706,0.42019255197780897,14,0,discount
0.27829579081688127,0.2919435079514323,0.1264602651379191,0.5556689455395681,22,0,counter_offer
0.24728319073856697,0.45263980304249707,0.32710758938963236,0.2451192186637073,21,1,hold_price
0.17261986645273955,0.5310054319116085,0.30014496605956936,0.18162568975115048,4,0,hold_price
0.3464675450678394,0.25008135730720105,0.049226916528648176,0.09253513714325831,6,0,hold_price
0.3063402909408927,0.6519604429976628,0.3358042390655664,0.30052841962359345,16,0,discount
0.1464554466265024,0.6934422180978762,0.5171101451022604,0.19616283340631255,10,0,hold_price
0.3692358117775961,0.0850594796707751,0.5310719292617602,0.06452261803269173,19,1,hold_price
0.33983908580148825,0.3739270758514206,0.269767571613099,0.559149031176282,12,0,bonus
0.2288002478929434,0.7443773012062915,0.19348105488737816,0.07422228366613001,5,0,discount
0.05198041485659776,0.7216375598411319,0.4366367708107528,0.4438436471993873,7,0,discount
0.2509615175792845,0.5446033439052391,0.2277252818514712,0.04084504281101133,2,0,bonus
0.05272615270861328,0.7776747798680141,0.1759949395172692,0.3162698801919083,6,0,counter_offer
0.08374932018456793,0.10764489303984326,0.6164355934435459,0.40488151911577036,18,1,counter_offer
0.24377445611637533,0.11821126784453007,0.06290038779670543,0.14072068897233794,5,0,hold_price
0.08686394788339746,0.6574893002963448,0.49538624441238266,0.045389789136014456,10,0,bonus
0.17404944520422483,0.6933338678951289,0.20316168928043749,0.35601876205231625,4,0,counter_offer
0.3449711158515358,0.8145268553210703,0.3622394351581188,0.36174413803168537,11,0,hold_price
0.18887690417423858,0.18103687777325705,0.2618719760224809,0.187189499347211,23,0,hold_price
0.49894186735467966,0.5167716594311051,0.40371602609279517,0.22571601011656034,18,1,discount
0.4623359152617415,0.6608312971355824,0.24725658784424578,0.0273634592105352,18,1,discount
0.31338945706348564,0.22369957382901506,0.2170568838314687,0.17747315278268364,6,0,hold_price
0.4851262123857187,0.5169278655939907,0.31720129056653446,0.5295614850271009,7,0,hold_price
0.44060778249463495,0.638445024390596,0.369567831670589,0.10277670602474005,2,0,bonus
0.19350433347821916,0.21444951147768032,0.1900607182450937,0.280831136636761,22,0,hold_price
0.38731831069338923,0.3755634102501414,0.18660690285467244,0.40609573269901184,22,0,hold_price
0.11157430280177631,0.216338810135708,0.4498338258930193,0.48172935493521585,8,0,counter_offer
0.35804814097043347,0.9029429044285987,0.1917617705305426,0.04868950156608263,16,0,discount
0.2709868219225612,0.23679888192999177,0.23796054224373853,0.3551016744575496,5,0,hold_price
0.057571672663771126,0.12083462598579697,0.4049976708846493,0.3763741043755912,15,0,counter_offer
0.17340342007566684,0.035155311527143684,0.38691968833738943,0.11842881503790775,2,0,hold_price
0.47992199783191186,0.04495347241135017,0.49859165403788774,0.018509110234761005,7,0,discount
0.19212416828981632,0.19158623496681693,0.17126493077975338,0.5066201390546439,9,0,counter_offer
0.1316545048856483,0.6082085113069523,0.2759237620014971,0.26404189924425076,23,0,counter_offer
0.13438915095749376,0.017649874511122654,0.31126635403982444,0.03646756093684893,11,0,hold_price
0.26564596908887705,0.28674392475714716,0.4380326643392215,0.34681722523518044,5,0,bonus
0.42919215830174073,0.05816689132329933,0.08950490246734372,0.22614777626402005,1,0,hold_price
0.39110079431000594,0.40365877029916764,0.08572162002722873,0.04812078610423047,4,0,discount
0.24658340339199847,0.04857673782985761,0.08152328083730741,0.17226673939123735,5,0,hold_price
0.14392709754663224,0.607541776620828,0.38963079396443306,0.1960986739849295,7,0,hold_price
0.07072920504598601,0.6884242655190153,0.39464617656389916,0.3449429887974244,3,0,counter_offer
0.25818364376722897,0.7313375496437635,0.27318182496722554,0.2420001228051046,17,0,bonus
0.41664890683318623,0.22434339864625508,0.07423462646497388,0.06419530670083715,9,0,hold_price
0.3783568971174412,0.8685001619617433,0.625090535501209,0.38120125130604193,5,0,hold_price
0.23387034543226265,0.6902881673309265,0.29096408446687755,0.43727951295408707,12,0,counter_offer
0.31761620236292015,0.05665021929982039,0.2638047749244186,0.304381783348394,7,0,hold_price
0.24631093442579793,0.4407667087014271,0.3920058415817956,0.03801044603106269,16,0,discount
0.31055724940558,0.7677564933724812,0.23977174750086372,0.06193487637442416,12,0,discount
0.2828773599770971,0.31089392672022975,0.17893454730443414,0.5667875275678733,22,0,counter_offer
0.3564349700563215,0.3815587739072648,0.13146546948588989,0.11361921452288452,15,0,hold_price
0.2784689795899058,0.6296038272965429,0.39616182099518826,0.18449673391587065,8,0,discount
0.47327494917540136,0.0554808801158978,0.25529451921272295,0.41250822947577354,3,0,hold_price
0.24261268171175882,0.9669350405079173,0.35417790970774216,0.4751013695874025,2,0,counter_offer
0.057162336367869916,0.17448101060972787,0.3920169362940516,0.5466113521713665,15,0,counter_offer
0.15636809093404305,0.026671999646260325,0.39189829426446526,0.23711145286555899,0,0,hold_price
0.27527308614799517,0.005322982040420254,0.508866539901842,0.5953752025162843,9,0,counter_offer
0.2932573333498979,0.3995543749993957,0.30746243245792076,0.062334319266529103,0,0,discount
0.2985731551904241,0.8842533654753777,0.33882657925990933,0.49592055360881837,8,0,hold_price
0.371548444221537,0.819762079217929,0.5403278224585571,0.16326369173357524,21,1,discount
0.17359166417788757,0.912045798249695,0.1618676259355034,0.5622545528884271,1,0,counter_offer
0.3492066555686647,0.533782319328899,0.10694352693263252,0.521517785876572,23,0,hold_price
0.36681452290364575,0.4487462338751643,0.43195096265951943,0.45736236415787224,23,0,hold_price
0.23507633867937183,0.3858609761067945,0.39745327395570945,0.3622484729964691,20,1,hold_price
0.23097609461584495,0.04641807579130586,0.058845141041911735,0.128673803279214,16,0,hold_price
0.1305161535454024,0.9095212563051536,0.2234723094558521,0.2771552163196264,4,0,discount
0.23629431931491818,0.4961760922847275,0.26430991490479366,0.02087149484830717,2,0,discount
0.4040673312681556,0.45506743105151015,0.43853125945073407,0.42564214427810215,22,0,hold_price
0.4590378524974478,0.5151674870141173,0.33623821485988037,0.06952756047192306,8,0,discount
0.3171259360930844,0.7941545181142005,0.13593456285820066,0.15497294012811583,10,0,discount
0.18471665450943447,0.22447108598256393,0.49604866612140436,0.1470297549910879,1,0,hold_price
0.35703037339687915,0.7099006789949233,0.45033643357751485,0.4727691934945143,1,0,hold_price
0.3830657939132017,0.7107697408540329,0.11476545606039326,0.24038868606521824,12,0,discount
0.19949575045129808,0.8495527822581829,0.6485592913975597,0.3207245865587512,9,0,hold_price
0.42194653767029605,0.008683598463870013,0.3440728887764275,0.1251711336846778,16,0,hold_price
0.08316312446225305,0.17039554323513206,0.4265559869459121,0.2004612684542123,20,1,counter_offer
0.05483917292001149,0.4710468520447555,0.3149543635280726,0.30713936584412443,1,0,counter_offer
0.10533684768442367,0.8505403874614784,0.3212842808144698,0.11652233370149034,23,0,hold_price
0.12020375652237938,0.965116861627984,0.37008933404426936,0.41388750086180237,22,0,counter_offer
0.4455180648264746,0.5948686146794013,0.39231579474440614,0.2695604269731224,13,0,discount
0.24124176599957636,0.21213397542302015,0.47637097504498266,0.590190250047516,8,0,counter_offer
0.17371926138667176,0.18458469582464565,0.3509530111501852,0.14791823794496575,3,0,hold_price
0.24308380219406872,0.6394439539862674,0.29032402053718137,0.2376357600710985,5,0,hold_price
0.22767840171528453,0.2100691470594046,0.19015817657788506,0.5547977296112837,16,0,counter_offer
0.18565775059460765,0.5530874239208862,0.0907140703065347,0.5315984329732308,3,0,counter_offer
0.1120548120853844,0.8348119291439021,0.4187794914687335,0.29050187839757247,23,0,counter_offer
0.3451619578882463,0.38981964846209005,0.4045593043369514,0.07415613803301802,3,0,discount
0.11147198125084491,0.3784721897419292,0.48449441443593766,0.24526882753930956,18,1,counter_offer
0.39894100370270347,0.036140336891073765,0.5775996636886095,0.3523983730815821,20,1,discount
0.14075960597620413,0.2540845784245549,0.21404505445150518,0.15253748259772168,7,0,hold_price
0.37911708820999024,0.6981914596192744,0.06463237868323468,0.11467972687150674,11,0,discount
0.4125137475629601,0.36039124513219645,0.19541657796531925,0.3188625975209124,13,0,counter_offer
0.10639670439850284,0.15829891728992196,0.1675133520610688,0.10561439526678462,19,1,bonus
0.08903559572960183,0.10576773376032711,0.5415657425249498,0.5247208426972546,1,0,counter_offer
0.47730774679414695,0.09505337815070891,0.2506463406647034,0.04454452371465103,5,0,discount
0.2583710630386613,0.6591334331178952,0.7902255334987083,0.5924404052876636,3,0,counter_offer
0.33360597273784476,0.6126214787935487,0.30357116799207023,0.3227658060076781,7,0,hold_price
0.060467198054795494,0.5185210056020849,0.37830716356860694,0.5901373923229234,16,0,counter_offer
0.17541958125035295,0.5003264481591394,0.43656963908020446,0.45090963035982123,9,0,counter_offer
0.2774289445517238,0.15313685268787158,0.04656155716183048,0.09173885105163024,11,0,hold_price
0.44879824102523175,0.5006042247600873,0.015308047078863237,0.13646251668149542,10,0,hold_price
0.17214773790396934,0.05993777660037991,0.14904950141199452,0.06416814230861534,0,0,hold_price
0.39883609393642383,0.9258584586026879,0.3606514774580762,0.437451175323996,2,0,hold_price
0.3479958177164158,0.05802755400260684,0.23222997146461513,0.10119508372304731,5,0,hold_price
0.10187184551258524,0.4235301948939185,0.19404097113572386,0.4287478169207182,1,0,counter_offer
0.18201882775639844,0.000571056403172232,0.4763293376988919,0.515699094377528,19,1,counter_offer
0.15703881639737888,0.7861504387832445,0.1783147695902333,0.24702866635803497,23,0,hold_price
0.24913741440797849,0.16617018853563004,0.062410249838572095,0.3966225059406355,11,0,hold_price
0.3359004093714129,0.9249160178216781,0.2256579122440918,0.5371174690519147,15,0,hold_price
0.245038889978828,0.04397774786056452,0.13297436300195672,0.45187536605519596,1,0,counter_offer
0.1600414590883127,0.8207873345644269,0.31462736411267495,0.07845637173070287,1,0,discount
0.36314544570272395,0.6566378128155882,0.13830430479502948,0.1755073403625621,14,0,discount
0.31301199262017043,0.24973571888589052,0.4999243442240545,0.3213825699785699,18,1,hold_price
0.2836912583370614,0.20241960923059488,0.4515026355923045,0.15856148144713403,22,0,discount
0.2994888188506903,0.35767793337702236,0.12789218562477392,0.30355428207796403,8,0,hold_price
0.1498552908322206,0.8284028831753549,0.08877596044213046,0.5716984517652826,10,0,counter_offer
0.3561939774916053,0.8619565483354555,0.3387349115134485,0.27190023967737226,19,1,discount
0.2243752409924457,0.17528537952432577,0.0997222450787051,0.15700190947937337,3,0,hold_price
0.21356051887850885,0.3534480396843307,0.2927860619886448,0.08794720726740458,22,0,discount
0.11738039372004674,0.23749138390225388,0.07454907255160229,0.5406585018158939,7,0,counter_offer
0.3185768005477009,0.1226428476378979,0.3394686526666682,0.13787591346076986,0,0,hold_price
0.32119898474592795,0.646449387528928,0.5154640394235782,0.11617205905147104,18,1,discount
0.20313528964993777,0.3458710232355353,0.273475478329024,0.3306823691823689,23,0,hold_price
0.4369325255894903,0.2253840447763341,0.113514750547472,0.27702663113480736,11,0,hold_price
0.43045605442194274,0.8659977735019763,0.08343567050539258,0.23139893484727853,3,0,discount
0.09907443791709408,0.7483179309035665,0.33347178580791365,0.3471910095788786,3,0,counter_offer
0.3627672745144632,0.7737611486963425,0.054151903403820076,0.3416435320108054,7,0,hold_price
0.22722564028326003,0.03919589118328015,0.1913118254902343,0.04104151089960417,12,0,hold_price
0.49987168297830176,0.9151304492310662,0.0723577142822297,0.2489511972902854,15,0,discount
0.1512606333580936,0.5747383779742352,0.049290140731439495,0.43259196962865737,16,0,counter_offer
0.17623589243652027,0.5038028046845188,0.009782910495613655,0.22900748815020877,17,0,discount
0.24894783255007735,0.010585346027781162,0.34980851272798996,0.5985956085794621,5,0,counter_offer
0.17092181690629843,0.8976622104341047,0.10876284585921417,0.14123103658254457,4,0,discount
0.3613970148739314,0.5438904704860006,0.24301837827260284,0.29781857174081877,22,0,hold_price
0.26640865048166623,0.8251534623405353,0.3484882763960095,0.40435756831342745,3,0,hold_price
0.14939547568229308,0.6555109607382937,0.29426164544469613,0.3287176112807106,12,0,counter_offer
0.27786833126895316,0.7966936135108804,0.3630756332304516,0.023443873155535644,6,0,bonus
0.4499544948642673,0.6929317485578024,0.20267203581020962,0.3081997121987792,17,0,bonus
0.40657804108252377,0.9209639023358267,0.29951758305781173,0.579856301498004,7,0,hold_price
0.27447301599206947,0.2254841863395497,0.6006003581712723,0.2439983298992035,2,0,discount
0.17982167141387645,0.20210010473290718,0.5039552213879989,0.06970732723175285,7,0,discount
0.1309489091161375,0.712541561945122,0.32632230724023104,0.012755043999023984,2,0,discount
0.44527229473410296,0.501394800583469,0.10893717338975764,0.24735889143544837,4,0,hold_price
0.3695751232244133,0.59916117033487,0.3507593763004247,0.11117809116910293,11,0,counter_offer
0.3074734864163563,0.708542469191227,0.2214322676877189,0.5008192479928186,23,0,hold_price
0.44574559067915076,0.5474281970000026,0.17215323387347015,0.5713544841718716,4,0,counter_offer
0.10476062931834026,0.7876934476661962,0.17018418367969942,0.5643180436032196,19,1,counter_offer
0.3571201787009307,0.31886735593585247,0.3460868886396663,0.2247177204810296,12,0,hold_price
0.14752054058595437,0.8589904435996921,0.230313815313151,0.27285423648413376,23,0,counter_offer
0.10425984845719416,0.10767635292560074,0.36701272381961925,0.18904783682916637,12,0,counter_offer
0.2595238295031199,0.6340039769611868,0.19198664624728085,0.07743147395422154,2,0,discount
0.22432681839395918,0.8901325075267976,0.4345595198933577,0.3354232813997567,9,0,hold_price
0.47352812419633344,0.25269412790170465,0.10688019758932887,0.11172315151576011,1,0,hold_price
0.1957907960383174,0.32683467492391294,0.37765645416748256,0.03564491852817115,5,0,discount
0.41670601657340106,0.3054417784927389,0.38316272128242596,0.5096599954887614,12,0,hold_price
0.3869721502107551,0.5642637117750338,0.5294927864052218,0.47910959525117713,21,1,hold_price
0.3505657415263413,0.4128718155651485,0.16513110402794498,0.5557694534854593,14,0,hold_price
0.4641802128320268,0.10795928499490237,0.4347781916385621,0.19644346045731664,8,0,discount
0.23356606747160397,0.89128722175646,0.4616130799122916,0.5224323272144247,15,0,counter_offer
0.22535203369228957,0.20467662915867413,0.19326415486856047,0.23907115801436404,5,0,hold_price
0.12242634061167923,0.5340800109885296,0.18406764156143235,0.043667656591168266,2,0,discount
0.17409293397278114,0.5948048959372615,0.371048981933219,0.2747046629223782,17,0,hold_price
0.44589940522739185,0.0407518436475417,0.20692388472037132,0.3322716918249316,20,1,hold_price
0.2634719598101156,0.09571232765433724,0.6252665257395007,0.2592555113157768,14,0,hold_price
0.2036089949858197,0.9716897104295517,0.1545951695877675,0.4712615197681655,11,0,counter_offer
0.14725042478697703,0.6645123401493824,0.4088978310884533,0.21109666581626021,10,0,hold_price
0.26823211260962676,0.03356517704642692,0.10224372806455409,0.5526366100609095,8,0,discount
0.37249941670903797,0.7941992206529987,0.3410500541156131,0.04449802379278789,23,0,discount
0.17901141145568394,0.5085428092774855,0.3030416311015562,0.4322444030916387,12,0,counter_offer
0.3909724343656944,0.07519957207847561,0.37789595455160935,0.5573867875994108,20,1,hold_price
0.3334044986262133,0.6807520980477912,0.2538405399444473,0.3318973249323481,0,0,hold_price
0.4044031531428669,0.4993518058684685,0.49944984415208593,0.5272069781787018,8,0,hold_price
0.16290933299371055,0.20491980111092323,0.5327949336001271,0.4150987119148473,5,0,bonus
0.3339626651298704,0.8777022720888196,0.09423988889729189,0.008717600871123343,2,0,discount
0.11918087576997886,0.29137985830025415,0.4405497066882063,0.40274678664839314,23,0,counter_offer
0.21370864197408657,0.2845566354533078,0.056865373560096646,0.39393699571586055,1,0,counter_offer
0.3759620426792606,0.27277358179227873,0.10207257014705669,1.6478900195804336e-05,13,0,discount
0.33425077351097116,0.7674557770890512,0.1460473217435834,0.24549643662372908,5,0,counter_offer
0.13453732640188487,0.7061186703805321,0.18781398602973245,0.023279650237144487,1,0,discount
0.4362542024416381,0.9031456854703575,0.31228937456589395,0.17579927849842733,23,0,discount
0.07400794205533184,0.22933921958427972,0.174961826847492,0.591949487363615,7,0,counter_offer
0.3178470598324923,0.7863645955428084,0.2133779049146967,0.564170509926524,8,0,hold_price
0.49271922510422284,0.573045576528096,0.47173457035945066,0.4109155631055344,4,0,discount
0.2891771293292369,0.30867960965266783,0.3574379445535759,0.22011125191899,16,0,hold_price
0.4103023189817393,0.03545413240775064,0.3105721229815349,0.23787115799301198,22,0,hold_price
0.31783143793509594,0.8189475498511101,0.314562575824408,0.022928812392357643,8,0,discount
0.40238974171534664,0.24107137151335634,0.10315865143241869,0.20297095091156372,19,1,hold_price
0.3450173609098792,0.6317430362149195,0.2515493884687283,0.4706307188347499,9,0,hold_price
0.3610094065418879,0.5488679360598125,0.03773416465525399,0.31161177220471814,13,0,hold_price
0.15251501798887285,0.004449538646783879,0.024290914802047186,0.28600666563532845,19,1,counter_offer
0.383819411107813,0.9943436299397624,0.3069419016938748,0.05465875239433613,22,0,discount
0.15705944899894886,0.8143293558001288,0.24867646416092634,0.55140028628363,14,0,counter_offer
0.49128812381416465,0.48647127063668205,0.009915734665504541,0.16984393164272146,8,0,hold_price
0.15250423593254211,0.6803413702423831,0.1479600390165035,0.2297416859155179,11,0,hold_price
0.15650780161894534,0.4765942365907726,0.3763421082179135,0.19842591161735904,20,1,hold_price
0.43640290421773886,0.7445862712787308,0.5153755528967023,0.19724046150300567,8,0,bonus
0.1593436378832686,0.13432854581889409,0.3706338815100455,0.35959437285063595,11,0,counter_offer
0.21240625707107735,0.4463509952340303,0.3486649921344573,0.37621940595227304,18,1,hold_price
0.37158807253056214,0.33553717707286,0.26281921223974597,0.3591372633388937,20,1,hold_price
0.12143686108764346,0.45965524349403486,0.3198347440796743,0.04109887621804504,10,0,discount
0.12158228967237601,0.4504726528603642,0.051551351856135935,0.5817224894646176,21,1,counter_offer
0.26886129046997853,0.14309394977919432,0.3545259934621367,0.42839261763943126,20,1,discount
0.1596635394047271,0.9764885707090291,0.19652406143544687,0.5296372101455233,11,0,counter_offer
0.15604608000606512,0.01549214278812805,0.42658024623035584,0.09580159538620911,6,0,hold_price
0.05415751463833071,0.010072944817398843,0.5150044558542155,0.5592648420982772,4,0,counter_offer
0.21670231603907658,0.3734413185336578,0.3209545250989626,0.43300839991838375,2,0,counter_offer
0.19321274957828144,0.6203763493468175,0.5531075011721527,0.3004294418817847,4,0,hold_price
0.06402011487200168,0.17965322681492824,0.34619402638973523,0.013879507428393034,1,0,discount
0.32955493019614857,0.533194003904161,0.07001779174488482,0.1519114620462031,6,0,counter_offer
0.3319948319015093,0.7227719679634789,0.3806883513082916,0.5032448210167454,23,0,hold_price
0.0818602122981465,0.09406060904015112,0.2305028371876888,0.2275090198020351,5,0,counter_offer
0.1926687033092539,0.9844224080159334,0.4833243640672916,0.4069660364291476,9,0,counter_offer
0.442762489397929,0.3367006477392943,0.05529176781018963,0.4384758179848838,9,0,hold_price
0.3119751807100603,0.642415413787249,0.04287324796236117,0.465389824755275,12,0,hold_price
0.23538862580539455,0.1107198581865757,0.1380804130735875,0.22941136978016433,12,0,hold_price
0.2592958678088432,0.7094863887213264,0.07393179259277265,0.5459000269302211,13,0,counter_offer
0.1437259974961123,0.840456347062486,0.4463833756344241,0.17531997545085015,2,0,hold_price
0.41534667531856756,0.10528514233062236,0.43091583380628334,0.5016387589931673,7,0,hold_price
0.4613021174529354,0.12586315437006623,0.15448645558835458,0.25483984224270867,21,1,hold_price
0.4597988190125196,0.2810474143872277,0.43553959787145163,0.14053731175598738,23,0,discount
0.15077047626153486,0.011935815375329284,0.07115074109367397,0.20606961090753964,0,0,hold_price
0.1898331204994056,0.9860512943372298,0.5350711671905167,0.47973806328374224,15,0,counter_offer
0.12228024866429156,0.5983840749526497,0.3914456534874135,0.36892234046524836,3,0,counter_offer
0.1882405101345409,0.6075894499635455,0.49826207943835604,0.08200722551863417,12,0,bonus
0.19976241745517015,0.958962169651636,0.24451909427509738,0.074380355840917,0,0,discount
0.33489758167908595,0.8320292543194271,0.04433019432385667,0.41232048408336225,18,1,hold_price
0.1353408716966561,0.8142429309683494,0.2638070382287252,0.14369536419727685,23,0,hold_price
0.4637286159654846,0.33950236990162563,0.17404039100759555,0.12519569095056207,2,0,bonus
0.09639476153838948,0.33486339346464544,0.2615467043750513,0.44970106015366434,9,0,counter_offer
0.05309510496544988,0.29173795981264683,0.3806100086595719,0.19359220373754224,4,0,discount
0.4347253078837399,0.3466957617763199,0.5324252899815152,0.04098315595687032,4,0,discount
0.3666964134947224,0.36950876135985056,0.14168652363772546,0.2549009229501935,19,1,hold_price
0.20991194166019933,0.14000368898059334,0.46157169928695213,0.3415072225468067,2,0,hold_price
0.31797486765955313,0.35594786270209355,0.09750519522712665,0.3608935182036896,2,0,hold_price
0.15059484537765502,0.4467470352447276,0.24405643620283787,0.035103244864881124,8,0,discount
0.1257753418904192,0.30934733874665854,0.343984242865772,0.27213558579594876,7,0,counter_offer
0.2620171108124253,0.1653469681575478,0.02294951524755466,0.21573719597448524,23,0,discount
0.2089345233744324,0.37341039817849764,0.6514014209280748,0.2693608517402545,9,0,hold_price
0.3268535227408815,0.48090777321643585,0.46145212669565955,0.025018381474637173,13,0,discount
